$MeshFormat
2.2 0 8
$EndMeshFormat
$PhysicalNames
7
1 1 "inflow"
1 2 "glass_slip"
1 3 "glass_noslip"
1 4 "surface"
1 5 "outflow"
1 6 "sidewall"
2 7 "fluid"
$EndPhysicalNames
$Nodes
1858
1 -0.003 0 0
2 -0.0015 0 0
3 0.0015 0 0
4 0.003 0 0
5 -0.09 -0.09 0
6 0.09 -0.09 0
7 0.09 0.09 0
8 -0.09 0.09 0
9 -0.01 0.006 0
10 0.01 0.006 0
11 0.01 -0.01 0
12 -0.01 -0.01 0
13 0.014 0.005 0
14 -0.014 0.005 0
15 -0.02 -0.09 0
16 0.02 -0.09 0
17 0.0125 0.09 0
18 0.0125 0.004999999999999991 0
19 0.011 0.004999999999999991 0
20 0.011 0.3 0
21 -0.011 0.3 0
22 -0.011 0.004999999999999991 0
23 -0.0125 0.004999999999999991 0
24 -0.0125 0.09 0
25 -0.006000000000000001 0.02499999999999999 0
26 0.006000000000000001 0.02499999999999999 0
27 -0.006000000000000001 0.03999999999999999 0
28 0.006000000000000001 0.03999999999999999 0
29 -0.006000000000000001 0.05499999999999999 0
30 0.006000000000000001 0.05499999999999999 0
31 -0.006000000000000001 0.06999999999999999 0
32 0.006000000000000001 0.06999999999999999 0
33 -0.006000000000000001 0.08499999999999999 0
34 0.006000000000000001 0.08499999999999999 0
35 -0.006000000000000001 0.09999999999999999 0
36 0.006000000000000001 0.09999999999999999 0
37 -0.006000000000000001 0.115 0
38 0.006000000000000001 0.115 0
39 -0.006000000000000001 0.13 0
40 0.006000000000000001 0.13 0
41 -0.006000000000000001 0.145 0
42 0.006000000000000001 0.145 0
43 -0.006000000000000001 0.16 0
44 0.006000000000000001 0.16 0
45 -0.006000000000000001 0.175 0
46 0.006000000000000001 0.175 0
47 0.011 0.15 0
48 -0.011 0.15 0
49 -0.06880233204839194 -0.09 0
50 -0.05330832492091612 -0.09 0
51 -0.04198329691904702 -0.09 0
52 -0.03370549617676489 -0.09 0
53 -0.02765500661306968 -0.09 0
54 -0.02323252398401045 -0.09 0
55 0.02323252398399551 -0.09 0
56 0.02765500661303517 -0.09 0
57 0.03370549617669811 -0.09 0
58 0.04198329691893413 -0.09 0
59 0.0533083249207406 -0.09 0
60 0.06880233204828418 -0.09 0
61 0.09 -0.05400000000008402 0
62 0.09 -0.01800000000018914 0
63 0.09 0.01799999999980385 0
64 0.09 0.05399999999991012 0
65 -0.09 0.05400000000008402 0
66 -0.09 0.01800000000018914 0
67 -0.09 -0.01799999999980385 0
68 -0.09 -0.05399999999991012 0
69 -0.002500000000001158 0 0
70 -0.002000000000001129 0 0
71 -0.001439239460144911 -0.0004225988362049593 0
72 -0.001261880297982545 -0.0008109612281505722 0
73 -0.0009822910980131125 -0.001133624364048424 0
74 -0.0006231225149323793 -0.001364447995119032 0
75 -0.0002134722512076709 -0.001484732163713149 0
76 0.0002134722636650444 -0.001484732161922049 0
77 0.0006231225240449393 -0.001364447990957466 0
78 0.0009822911039037222 -0.001133624358944182 0
79 0.001261880300671576 -0.0008109612239663578 0
80 0.001439239460797743 -0.0004225988339816156 0
81 0.001999999999998814 0 0
82 0.00249999999999873 0 0
83 0.001439239460144911 0.0004225988362049593 0
84 0.001261880297982545 0.0008109612281505722 0
85 0.0009822910980131125 0.001133624364048424 0
86 0.0006231225149323793 0.001364447995119032 0
87 0.0002134722512076709 0.001484732163713149 0
88 -0.0002134722636650444 0.001484732161922049 0
89 -0.0006231225240449393 0.001364447990957466 0
90 -0.0009822911039037222 0.001133624358944182 0
91 -0.001261880300671576 0.0008109612239663578 0
92 -0.001439239460797743 0.0004225988339816156 0
93 -0.002878478920289821 -0.0008451976724099185 0
94 -0.002523760595965089 -0.001621922456301144 0
95 -0.001964582196026225 -0.002267248728096848 0
96 -0.001246245029864759 -0.002728895990238065 0
97 -0.0004269445024153417 -0.002969464327426298 0
98 0.0004269445273300887 -0.002969464323844098 0
99 0.001246245048089879 -0.002728895981914931 0
100 0.001964582207807444 -0.002267248717888364 0
101 0.002523760601343152 -0.001621922447932716 0
102 0.002878478921595487 -0.0008451976679632312 0
103 0.002878478920289821 0.0008451976724099185 0
104 0.002523760595965089 0.001621922456301144 0
105 0.001964582196026225 0.002267248728096848 0
106 0.001246245029864759 0.002728895990238065 0
107 0.0004269445024153417 0.002969464327426298 0
108 -0.0004269445273300887 0.002969464323844098 0
109 -0.001246245048089879 0.002728895981914931 0
110 -0.001964582207807444 0.002267248717888364 0
111 -0.002523760601343152 0.001621922447932716 0
112 -0.002878478921595487 0.0008451976679632312 0
113 0.06645174680023289 0.09 0
114 0.04955607604902234 0.09 0
115 0.03743357939684865 0.09 0
116 0.02873579240815642 0.09 0
117 0.02249520642218793 0.09 0
118 0.01801763927073644 0.09 0
119 0.01480502398550726 0.09 0
120 0.0125 0.08802325581395802 0
121 0.0125 0.08604651162791604 0
122 0.0125 0.08406976744187154 0
123 0.0125 0.0820930232558215 0
124 0.0125 0.08011627906977657 0
125 0.0125 0.0781395348837346 0
126 0.0125 0.07616279069769263 0
127 0.0125 0.07418604651165066 0
128 0.0125 0.07220930232561082 0
129 0.0125 0.07023255813957004 0
130 0.0125 0.06825581395353014 0
131 0.0125 0.0662790697674874 0
132 0.0125 0.0643023255814489 0
133 0.0125 0.06232558139540691 0
134 0.0125 0.06034883720936494 0
135 0.0125 0.05837209302332653 0
136 0.0125 0.05639534883728505 0
137 0.0125 0.05441860465124307 0
138 0.0125 0.0524418604652011 0
139 0.0125 0.05046511627915912 0
140 0.0125 0.04848837209311988 0
141 0.0125 0.04651162790707791 0
142 0.0125 0.04453488372102787 0
143 0.0125 0.04255813953497784 0
144 0.0125 0.04058139534892259 0
145 0.0125 0.0386046511628669 0
146 0.0125 0.03662790697681687 0
147 0.0125 0.03465116279076683 0
148 0.0125 0.03267441860471679 0
149 0.0125 0.03069767441866676 0
150 0.0125 0.02872093023261673 0
151 0.0125 0.02674418604656668 0
152 0.0125 0.02476744186051665 0
153 0.0125 0.02279069767446661 0
154 0.0125 0.02081395348841657 0
155 0.0125 0.01883720930236066 0
156 0.0125 0.01686046511630564 0
157 0.0125 0.01488372093025561 0
158 0.0125 0.01290697674420557 0
159 0.0125 0.01093023255815553 0
160 0.0125 0.008953488372105495 0
161 0.0125 0.006976744186055456 0
162 0.011 0.00698630136986 0
163 0.011 0.008972602739720009 0
164 0.011 0.01095890410958002 0
165 0.011 0.01294520547944003 0
166 0.011 0.01493150684930004 0
167 0.011 0.01691780821916004 0
168 0.011 0.01890410958902006 0
169 0.011 0.02089041095888007 0
170 0.011 0.02287671232874008 0
171 0.011 0.02486301369860008 0
172 0.011 0.02684931506846009 0
173 0.011 0.0288356164383201 0
174 0.011 0.0308219178081801 0
175 0.011 0.03280821917804011 0
176 0.011 0.03479452054790012 0
177 0.011 0.03678082191776005 0
178 0.011 0.03876712328761768 0
179 0.011 0.04075342465747531 0
180 0.011 0.04273972602733293 0
181 0.011 0.04472602739719056 0
182 0.011 0.04671232876704819 0
183 0.011 0.04869863013690582 0
184 0.011 0.05068493150676344 0
185 0.011 0.05267123287662107 0
186 0.011 0.0546575342464787 0
187 0.011 0.05664383561633633 0
188 0.011 0.05863013698619395 0
189 0.011 0.06061643835605158 0
190 0.011 0.06260273972590806 0
191 0.011 0.06458904109576333 0
192 0.011 0.06657534246561955 0
193 0.011 0.06856164383547955 0
194 0.011 0.07054794520533722 0
195 0.011 0.07253424657519417 0
196 0.011 0.07452054794505317 0
197 0.011 0.07650684931490877 0
198 0.011 0.07849315068477115 0
199 0.011 0.08047945205464034 0
200 0.011 0.08246575342450609 0
201 0.011 0.08445205479437394 0
202 0.011 0.08643835616424102 0
203 0.011 0.08842465753410753 0
204 0.011 0.09041095890397596 0
205 0.011 0.09239726027384113 0
206 0.011 0.09438356164371063 0
207 0.011 0.09636986301357565 0
208 0.011 0.09835616438344423 0
209 0.011 0.1003424657533106 0
210 0.011 0.1023287671231778 0
211 0.011 0.1043150684930455 0
212 0.011 0.1063013698629114 0
213 0.011 0.1082876712327805 0
214 0.011 0.1102739726026452 0
215 0.011 0.1122602739725145 0
216 0.011 0.1142465753423802 0
217 0.011 0.1162328767122481 0
218 0.011 0.1182191780821151 0
219 0.011 0.1202054794519817 0
220 0.011 0.12219178082185 0
221 0.011 0.1241780821917159 0
222 0.011 0.1261643835615875 0
223 0.011 0.1281506849314571 0
224 0.011 0.1301369863013291 0
225 0.011 0.1321232876712081 0
226 0.011 0.1341095890410766 0
227 0.011 0.1360958904109366 0
228 0.011 0.1380821917807966 0
229 0.011 0.1400684931506592 0
230 0.011 0.1420547945205382 0
231 0.011 0.1440410958904091 0
232 0.011 0.1460273972602691 0
233 0.011 0.1480136986301319 0
234 0.003666666666685246 0.3 0
235 -0.00366666666664499 0.3 0
236 -0.011 0.1480136986301347 0
237 -0.011 0.1460273972602748 0
238 -0.011 0.1440410958904149 0
239 -0.011 0.1420547945205551 0
240 -0.011 0.1400684931507047 0
241 -0.011 0.138082191780846 0
242 -0.011 0.1360958904109861 0
243 -0.011 0.1341095890411262 0
244 -0.011 0.1321232876712621 0
245 -0.011 0.1301369863013956 0
246 -0.011 0.1281506849315357 0
247 -0.011 0.1261643835616758 0
248 -0.011 0.1241780821918159 0
249 -0.011 0.122191780821956 0
250 -0.011 0.1202054794520961 0
251 -0.011 0.1182191780822362 0
252 -0.011 0.1162328767123763 0
253 -0.011 0.1142465753425207 0
254 -0.011 0.1122602739726655 0
255 -0.011 0.1102739726028075 0
256 -0.011 0.1082876712329476 0
257 -0.011 0.1063013698630892 0
258 -0.011 0.1043150684932341 0
259 -0.011 0.1023287671233787 0
260 -0.011 0.1003424657535189 0
261 -0.011 0.09835616438365895 0
262 -0.011 0.09636986301380268 0
263 -0.011 0.09438356164394754 0
264 -0.011 0.09239726027409009 0
265 -0.011 0.0904109589042302 0
266 -0.011 0.08842465753437126 0
267 -0.011 0.08643835616451583 0
268 -0.011 0.08445205479465825 0
269 -0.011 0.08246575342480143 0
270 -0.011 0.08047945205494254 0
271 -0.011 0.07849315068508705 0
272 -0.011 0.07650684931522478 0
273 -0.011 0.07452054794535572 0
274 -0.011 0.07253424657549007 0
275 -0.011 0.07054794520562234 0
276 -0.011 0.06856164383575535 0
277 -0.011 0.06657534246588896 0
278 -0.011 0.06458904109602064 0
279 -0.011 0.0626027397261556 0
280 -0.011 0.06061643835628619 0
281 -0.011 0.05863013698642129 0
282 -0.011 0.05664383561655281 0
283 -0.011 0.05465753424668658 0
284 -0.011 0.05267123287681945 0
285 -0.011 0.05068493150695186 0
286 -0.011 0.04869863013708607 0
287 -0.011 0.04671232876721715 0
288 -0.011 0.04472602739735251 0
289 -0.011 0.0427397260274833 0
290 -0.011 0.04075342465761779 0
291 -0.011 0.03876712328774992 0
292 -0.011 0.03678082191788308 0
293 -0.011 0.03479452054801656 0
294 -0.011 0.03280821917814838 0
295 -0.011 0.03082191780828317 0
296 -0.011 0.02883561643841377 0
297 -0.011 0.02684931506854903 0
298 -0.011 0.02486301369867916 0
299 -0.011 0.02287671232880167 0
300 -0.011 0.02089041095892802 0
301 -0.011 0.01890410958906799 0
302 -0.011 0.01691780821920813 0
303 -0.011 0.01493150684934028 0
304 -0.011 0.01294520547946137 0
305 -0.011 0.01095890410959591 0
306 -0.011 0.008972602739735991 0
307 -0.011 0.006986301369874798 0
308 -0.0125 0.006976744186043238 0
309 -0.0125 0.008953488372085825 0
310 -0.0125 0.01093023255812888 0
311 -0.0125 0.01290697674417163 0
312 -0.0125 0.01488372093021572 0
313 -0.0125 0.016860465116257 0
314 -0.0125 0.01883720930229595 0
315 -0.0125 0.02081395348833566 0
316 -0.0125 0.02279069767437483 0
317 -0.0125 0.02476744186041492 0
318 -0.0125 0.02674418604645734 0
319 -0.0125 0.02872093023249926 0
320 -0.0125 0.03069767441853782 0
321 -0.0125 0.03267441860458049 0
322 -0.0125 0.03465116279062291 0
323 -0.0125 0.03662790697666175 0
324 -0.0125 0.03860465116270366 0
325 -0.0125 0.04058139534874607 0
326 -0.0125 0.04255813953478849 0
327 -0.0125 0.0445348837208309 0
328 -0.0125 0.04651162790687056 0
329 -0.0125 0.04848837209291297 0
330 -0.0125 0.05046511627896344 0
331 -0.0125 0.05244186046501391 0
332 -0.0125 0.05441860465106959 0
333 -0.0125 0.05639534883712571 0
334 -0.0125 0.05837209302317618 0
335 -0.0125 0.06034883720922665 0
336 -0.0125 0.06232558139527712 0
337 -0.0125 0.06430232558132759 0
338 -0.0125 0.06627906976737806 0
339 -0.0125 0.06825581395342854 0
340 -0.0125 0.07023255813947901 0
341 -0.0125 0.07220930232552948 0
342 -0.0125 0.07418604651157995 0
343 -0.0125 0.07616279069763629 0
344 -0.0125 0.07813953488369176 0
345 -0.0125 0.08011627906974221 0
346 -0.0125 0.08209302325579268 0
347 -0.0125 0.08406976744184316 0
348 -0.0125 0.08604651162789362 0
349 -0.0125 0.0880232558139441 0
350 -0.01480502398549676 0.09 0
351 -0.01801763927071068 0.09 0
352 -0.02249520642214317 0.09 0
353 -0.02873579240807674 0.09 0
354 -0.03743357939672155 0.09 0
355 -0.04955607604882799 0.09 0
356 -0.066451746800112 0.09 0
357 -0.0171428571428615 -0.09 0
358 -0.01428571428572412 -0.09 0
359 -0.0114285714285892 -0.09 0
360 -0.008571428571454185 -0.09 0
361 -0.005714285714320429 -0.09 0
362 -0.002857142857187779 -0.09 0
363 -5.08308672930724e-14 -0.09 0
364 0.002857142857097351 -0.09 0
365 0.005714285714250568 -0.09 0
366 0.008571428571400492 -0.09 0
367 0.011428571428548 -0.09 0
368 0.01428571428570228 -0.09 0
369 0.01714285714284572 -0.09 0
370 0.011 0.1520201643536092 0
371 0.011 0.1541219499131382 0
372 0.011 0.1563086547829023 0
373 0.011 0.1585837090079618 0
374 0.011 0.160950682819011 0
375 0.011 0.1634132910210019 0
376 0.011 0.165975396121525 0
377 0.011 0.16864101818525 0
378 0.011 0.1714143411514609 0
379 0.011 0.1742997145745641 0
380 0.011 0.1773016668724435 0
381 0.011 0.1804249084391364 0
382 0.011 0.1836743384090759 0
383 0.011 0.1870550566845502 0
384 0.011 0.1905723666921686 0
385 0.011 0.1942317877807409 0
386 0.011 0.1980390614030758 0
387 0.011 0.2020001610976736 0
388 0.011 0.206121302410701 0
389 0.011 0.2104089528701517 0
390 0.011 0.2148698368535679 0
391 0.011 0.2195109545090312 0
392 0.011 0.2243395890226792 0
393 0.011 0.2293633171063808 0
394 0.011 0.2345900197132694 0
395 0.011 0.2400278989163193 0
396 0.011 0.2456854852040524 0
397 0.011 0.2515716575967796 0
398 0.011 0.2576956497523704 0
399 0.011 0.2640670717559859 0
400 0.011 0.2706959200599454 0
401 0.011 0.2775925954620352 0
402 0.011 0.2847679191952465 0
403 0.011 0.2922331498520262 0
404 -0.011 0.2922331498521022 0
405 -0.011 0.2847679191953919 0
406 -0.011 0.2775925954622451 0
407 -0.011 0.2706959200601827 0
408 -0.011 0.2640670717562304 0
409 -0.011 0.2576956497526212 0
410 -0.011 0.2515716575970359 0
411 -0.011 0.2456854852043292 0
412 -0.011 0.2400278989166267 0
413 -0.011 0.2345900197136077 0
414 -0.011 0.2293633171067476 0
415 -0.011 0.2243395890230648 0
416 -0.011 0.2195109545093875 0
417 -0.011 0.2148698368538967 0
418 -0.011 0.2104089528704545 0
419 -0.011 0.2061213024109789 0
420 -0.011 0.2020001610979211 0
421 -0.011 0.1980390614032947 0
422 -0.011 0.1942317877809331 0
423 -0.011 0.1905723666923358 0
424 -0.011 0.1870550566846941 0
425 -0.011 0.1836743384091982 0
426 -0.011 0.1804249084392385 0
427 -0.011 0.1773016668725267 0
428 -0.011 0.1742997145746297 0
429 -0.011 0.1714143411515102 0
430 -0.011 0.1686410181852843 0
431 -0.011 0.16597539612155 0
432 -0.011 0.1634132910210224 0
433 -0.011 0.160950682819028 0
434 -0.011 0.1585837090079739 0
435 -0.011 0.15630865478291 0
436 -0.011 0.1541219499131431 0
437 -0.011 0.1520201643536116 0
438 0.01399323004854081 0.01409302325583559 0
439 -0.01503889982601998 0.01402770281708133 -0
440 -0.001428571428619294 -0.08752564170348001 0
441 -0.01854281233982677 -0.08777894114792684 0
442 0.01860396999163291 -0.08750621678123252 0
443 0.01456616076445759 0.02363616603749997 0
444 -0.01443836895092678 0.02386210468076815 -0
445 -0.01507833995988675 0.03374481924461908 -0
446 0.01467926275033805 0.03335610099884771 0
447 0.01421191068190252 0.04354651162800285 0
448 -0.01399627058320089 0.04334883720920545 -0
449 -0.01434708642201272 0.05343023255804209 -0
450 0.01493712129173772 0.05375683675902965 0
451 -1.781477403770015e-06 0.003639723671157504 -0
452 -0.0142119106819029 0.06133720930225189 -0
453 -0.0142119106819029 0.06924418604645376 -0
454 0.01428755187271959 0.06133720930238641 0
455 0.01401582981111439 0.06934309170410834 0
456 0.03846924886300668 -0.08356377144530536 0
457 -0.03812236938440231 -0.08379468968906152 0
458 1.77229228042991e-05 -0.003725624920948406 0
459 0.00363536348616054 -0.0005230578790457291 0
460 -0.00368260612099957 -0.0005457477088010598 0
461 0.009316516110889373 0.01392429640890743 0
462 0.00714285714282553 -0.08752564170346795 0
463 -0.01000000000002169 -0.08752564170348041 0
464 0.002038206960041148 0.003064886398354 0
465 -0.001916577460346608 0.003119545527459359 -0
466 -0.009126630359752533 0.0119612561590182 -0
467 -0.01425553846931349 0.07517441860460897 -0
468 0.0142837894914164 0.07517441860467161 0
469 -0.00333646945729285 0.00161832623384606 -0
470 0.003483649025176642 0.001473471712611769 0
471 0.01174869714681672 0.003691623037502206 0
472 -0.01175567789550432 0.00392054136546392 -0
473 0.0446520023443001 0.08035969096378043 0
474 -0.04368444059468757 0.08116530370075405 -0
475 -0.002020988344234364 -0.00311460117886344 0
476 0.001948852566962821 -0.003143720294145081 0
477 -0.009621284562438819 0.004670627729416496 -0
478 -0.008649933536744973 0.005578248225501759 -0
479 0.009606475971154105 0.004664477037909264 0
480 0.008688427526160086 0.005603881077511753 0
481 0.008118856624064143 0.1854738414297471 0
482 -0.01427805809375279 0.08110465116276745 -0
483 0.01428202455064522 0.08110465116279968 0
484 -0.007892384277263662 0.1924020772366345 -0
485 -0.009280952253356515 0.0776655251143098 -0
486 0.009109092242711394 0.07754500696250999 0
487 0.008323920204731269 0.004352763735347399 0
488 0.007438669675204205 0.005239436176289019 0
489 -0.008330301703943516 0.004346215326394266 -0
490 -0.007419470479494306 0.005253115065216881 -0
491 0.009522876036955466 0.04756808306380959 0
492 -0.00927981255413223 0.1072945205480184 -0
493 -0.008906286000505931 0.04754308275639091 -0
494 0.009116163345857424 0.1071760188909788 0
495 0.00723200907836612 0.199936751076214 0
496 -0.02530371989495141 -0.08708919056057804 0
497 0.02525523784544667 -0.08674422030988158 0
498 -0.009335140350101934 0.1371166401418667 -0
499 0.009507963341405763 0.1370325548688989 0
500 -0.009187395536434148 0.01784274335566077 -0
501 0.009290560623697765 0.01010345915819411 0
502 -0.00812906159428929 0.185364697546946 -0
503 0.009020583203492175 0.01795954957211822 0
504 0.008902486078340873 0.1529608871569215 0
505 -0.009173864969626366 0.1529999784467672 -0
506 0.007346194086690397 0.2082311822803501 0
507 0.00879156076371305 0.1230894592748391 0
508 -0.009279812554124892 0.03181506849321578 -0
509 -0.008865066121677728 0.1233418936684988 -0
510 0.008977895741278059 0.03164910502626463 0
511 0.02518615357740856 0.08553765004508293 0
512 -0.02561549941510995 0.08535890355069456 -0
513 0.007916404792837926 0.1924775009426884 0
514 0.01285714285712483 -0.08755020088763618 0
515 0.009279812554125001 0.09339041095877587 0
516 -0.009065714341454258 0.06184368499437108 -0
517 -0.008896526930052003 0.09337286871680478 -0
518 0.009518248225437854 0.06170509788472885 0
519 -0.008344312281443271 0.1672732179197244 -0
520 0.008743188884656571 0.1670259830809195 0
521 -0.007703758313554687 0.00649779283754409 -0
522 -0.006468160393312748 0.006154898953421192 -0
523 0.007112447315382722 0.004037174104340976 0
524 0.007963339445307482 0.003152444349530753 0
525 0.006236550471080049 0.004908611516742494 0
526 0.006505407178231816 0.006075793664653069 0
527 0.005374378760216646 0.005750228088881417 0
528 0.005604436741716031 0.006972516416588613 0
529 0.004521888084875649 0.006622058937866081 0
530 0.004705852289847116 0.007934230258937108 0
531 0.003386724868530858 0.007372875344362688 0
532 0.003728349566596042 0.008909791771880449 0
533 0.002353307598562164 0.008540866425171921 0
534 0.002699666073079431 0.009979428491019599 0
535 0.001158028418111918 0.009563570879363156 0
536 0.001585311608778571 0.01116169849764633 0
537 -1.90447626999887e-05 0.0107075526778467 -0
538 0.0003517494352057866 0.01245548259226995 0
539 -0.0004034578716352827 0.009091624051316919 -0
540 -0.001590489729775554 0.01016752108336504 -0
541 0.00213115007076908 0.01279175175076202 0
542 0.0007853910434853549 0.01433314672101124 0
543 -0.001181907220404014 0.01382326775679207 -0
544 -0.007112528029037501 0.004024032271423867 -0
545 -0.007955530578535246 0.003147395452818104 -0
546 0.007236066719719464 0.2170944198390596 0
547 -0.006788776720717498 0.007463095262127069 -0
548 0.01428638462107648 0.06529069767446816 0
549 -0.01427551899086394 0.06536880382926584 -0
550 -0.0142119106819029 0.05738372093015093 -0
551 0.01421191068189378 0.05738372093030578 0
552 -0.01389319686911769 0.04967441860454341 -0
553 0.01421191068189317 0.0494767441861395 0
554 -0.007476297594197962 0.2000237029968502 -0
555 0.006304310224841931 0.226899437174979 0
556 -0.000699797022578078 0.01593232097504368 -0
557 0.001504876122569159 0.01653896169844475 0
558 -0.001876431872391915 0.008573508559568628 -0
559 0.006775334246854364 0.002852320811967933 0
560 0.007621966847165092 0.001982568855961744 0
561 -0.006771007155931987 0.00283461749407905 -0
562 -0.007614706036845435 0.001985937374498616 -0
563 -0.005929503746776385 0.003729960901008788 -0
564 -0.007206003957854822 0.2082874309195426 -0
565 0.00424368002263956 0.01026976780998401 0
566 0.00641175357131781 0.2373590391775779 0
567 0.002042255486021847 0.007143621154949758 0
568 -0.01453565777800439 0.08534460287685632 -0
569 0.01403618415936689 0.08506431369166328 0
570 -0.003181072441119361 0.00952979850525437 -0
571 0.00516725781051576 0.004614117496832233 0
572 -0.006423846513959372 0.001640824352635695 -0
573 -0.007304376473265671 0.0006862956014538278 -0
574 -0.008637198489819158 0.001056100787911187 -0
575 -0.008256577913255909 -0.0004058303507193939 0
576 -0.009829441979582293 4.21816348618438e-05 -0
577 -0.009373886671328827 -0.001629166079028008 0
578 -0.01115242576522848 -0.001179648507235975 0
579 -0.007757401761803921 -0.001999486163600949 0
580 0.006457248046543572 0.001650214914588655 0
581 0.007311123075986495 0.0006886229416993699 0
582 0.008590982347212329 0.001034913660056911 0
583 0.008249531235302046 -0.0004078219118069717 0
584 0.009772350169565173 1.676516170952023e-05 0
585 0.009361766456153419 -0.001630673505401474 0
586 0.01112222758943443 -0.001167087036037545 0
587 0.007622992903622729 -0.00193998552577061 0
588 -0.006920128168312686 0.2218732256049582 -0
589 0.00582472403242973 0.2486318875061926 0
590 0.01065624882642344 -0.003021251859503441 0
591 0.01262030700270284 -0.002544275899094983 0
592 -0.01061627915360884 -0.00312418728789637 0
593 -0.01266292856615937 -0.002628065095393442 0
594 -0.0002217030973020907 0.01839496928255871 -0
595 -0.002871783770013908 0.01529048544055272 -0
596 -0.00619638063073389 0.2325167793141605 -0
597 0.005545026003394359 0.2609568407103742 0
598 0.0517933206410898 -0.03538460302558927 0
599 -0.05800438308120644 -0.03689300626790346 0
600 -0.005519126165310367 0.007096193555053257 -0
601 -0.0006116296575852271 0.007396622438407101 -0
602 -0.00208004911254191 0.007079741358915714 -0
603 -0.006195522509110774 0.2428566920604779 -0
604 0.005143276435536324 0.2741442577609904 0
605 0.006198584666134856 0.008325565973793579 0
606 0.008831888876877633 0.06554483539489822 0
607 -0.008792459220997372 0.08964765285846112 -0
608 -0.008930887619916989 0.0653664565051148 -0
609 0.009279812554124358 0.08941780821904176 0
610 -0.06105532848465402 -0.07838701713650001 0
611 0.06038011761739058 -0.07828221493912485 0
612 -0.001154237635284636 0.006140401543637873 -0
613 -0.002354516114654729 0.005810342922438996 -0
614 0.006111267131020169 0.0004271200892884168 0
615 -0.006083759210997252 0.000435462309562018 -0
616 -0.005805827472522462 0.008462496137781245 -0
617 0.009031846026056348 0.03590959957385141 0
618 -0.00957574333048144 0.1194109589041522 -0
619 -0.009177218062946392 0.03578767123294962 -0
620 0.008999840728434438 0.1193925976705135 0
621 -0.05882308546385125 0.03600000000013658 -0
622 0.06385073204914012 0.03839443366290738 0
623 0.005379818252348186 0.2885817630546265 0
624 -0.007276731536744765 0.008874573863868048 -0
625 -0.006296349149663921 0.01000309540038666 -0
626 -0.005558949786050852 0.2546460235189269 -0
627 0.005614851672804957 0.00254847682691625 0
628 -0.005424934894894685 0.005782066833030184 -0
629 -0.009279812554127152 0.1490068493150673 -0
630 0.009279812554124712 0.1490068493150659 0
631 0.002338900832164334 0.01906053861824036 0
632 0.0003885045518626583 0.02117091450416409 0
633 0.009082795164920656 0.1411295726156463 0
634 -0.008959127676179974 0.141197703065437 -0
635 0.004033801880880924 0.01687198951995076 0
636 0.008822603562473209 0.006971502641520822 0
637 -0.005370717828793622 0.2673814959082064 -0
638 0.009166888311933522 0.1112671232875801 0
639 -0.008896525378260302 0.04390153024496851 -0
640 -0.009023240201907827 0.1111068648914664 -0
641 0.009072620229306647 0.04373691549213089 0
642 -0.003171407376128719 0.01293225220502249 -0
643 -0.00494330548950947 0.01454061985409547 -0
644 -0.004587010620110722 0.01677756375272352 -0
645 0.009279812554124436 0.0814726027395732 0
646 -0.009061269722585284 0.0735423819480685 -0
647 -0.009216574460369069 0.08135437051547578 -0
648 0.009302928762630733 0.07357930143478779 0
649 -0.001435585300767014 0.005001316322914531 -0
650 0.01143295662491069 0.000764562227284706 0
651 -0.01138810118747795 0.0005882189287471687 -0
652 -0.009673869365869921 0.007606053747274482 -0
653 -0.0002835122525698805 0.005324320544968127 -0
654 -0.005229196802317877 0.001349294465664996 -0
655 -0.00518586425788223 0.2811733710990744 -0
656 -0.009432805743812859 0.103445925399721 -0
657 0.00896410098696554 0.05158139770661885 0
658 -0.009341718040162877 0.05167480358860799 -0
659 0.009279812554123726 0.1033219178081118 0
660 -0.002594520380880709 0.004682440069246974 -0
661 0.004988691895299493 0.01965887234572353 0
662 0.009157596501881492 0.02158451022443132 0
663 -0.002142848029897547 0.02027845667041425 -0
664 0.06715481361631097 0.002485102689878009 0
665 0.0362561266616427 0.01807326377376265 0
666 -0.06161317118364604 -0.001055182942446221 0
667 -0.03932874883609449 -0.0177713073703248 0
668 -0.008927116903087241 0.1331240563067702 -0
669 0.009532522022821583 0.1329178082191542 0
670 -0.009514302635031675 0.02168493150687854 -0
671 -0.002769338232220349 0.002569545633580633 -0
672 -0.003769173300959531 0.002466037647361783 -0
673 -0.00384717508672233 0.0008031791299791529 -0
674 0.002803040340793281 0.002428848291527609 0
675 0.003000670982753435 0.003283095658197599 0
676 0.002247433509005851 0.004032279508178852 0
677 0.003734893233287522 0.0024449924758419 0
678 0.003184701230148283 0.004317410612054458 0
679 0.002459863514707126 0.005071225899874608 0
680 0.004313231151926715 0.001650106282582696 0
681 0.001455274306348427 0.004687108071963413 0
682 -0.003570138116638403 -0.001395059480209216 0
683 -0.004451035613549963 -0.001069778738929519 0
684 -0.004391013562171107 -0.002088539060397524 0
685 0.00337521139629542 -0.001516966893270978 0
686 0.004369266627002896 -0.001186479775821311 0
687 0.004053058578668351 -0.002305115488603349 0
688 0.005191398421684386 -0.001990202404417124 0
689 0.004930283632911286 -0.003221789975716892 0
690 -0.003345344887277762 0.006762293185369405 -0
691 0.003714244345221947 -0.003502294360627445 0
692 0.004564319969887837 -0.004505568750031523 0
693 0.003091345345722275 -0.004814842137317284 0
694 0.004193832110371961 -0.006030052435306474 0
695 0.002475220516364408 -0.006634502199224656 0
696 0.003814352439641642 -0.007919998747949606 0
697 0.001627231080674841 -0.008560528454660474 0
698 0.003367996813259856 -0.01029699130726081 0
699 0.0007541618812578962 -0.01081816348292664 0
700 0.002643612831790914 -0.01296693076366772 0
701 -0.0002422547821398491 -0.01352421163438693 0
702 0.001761531569730319 -0.01578999763266504 0
703 -0.001243661086299966 -0.01663578348285327 0
704 0.004681924427100184 -0.01511043479512152 0
705 0.003822805690899677 -0.01823472814635634 0
706 0.007414912282290448 -0.0171911623453274 0
707 -0.0008086879235579084 -0.008809056498076832 0
708 0.005832189249805381 -0.00568138279178085 0
709 -0.003508362954249518 -0.01403495501449557 0
710 -0.005136286853236731 -0.01746027326207312 0
711 -0.001679928060028203 -0.02060145857054697 0
712 -0.006548036816467586 -0.02149118573726022 0
713 -0.002816087007666396 -0.02495386159724764 0
714 -0.00748106922789182 -0.0267012798271405 0
715 -0.01183773409460465 -0.02222691988470606 0
716 -0.01319307777155882 -0.02797860095875898 0
717 -0.008733094481299412 -0.03259042966928749 0
718 -0.01509166637217879 -0.03424473963838726 0
719 -0.01040519034962589 -0.03904612167204857 0
720 -0.01692383607786434 -0.04101037688540936 0
721 -0.01189962172531538 -0.04557266079149067 0
722 -0.005863182535504504 -0.04361758442171589 0
723 -0.007314709030638421 -0.04981257205388824 0
724 -0.001446466969964297 -0.04804735845031139 0
725 -0.01308278527579791 -0.05168098228177846 0
726 -0.002635405111182368 -0.05404839059386213 0
727 0.003030863662722105 -0.05219673929376668 0
728 0.00197310782107371 -0.05818222069598429 0
729 0.007636100599289855 -0.05634294645809162 0
730 0.009074911974980227 -0.05003768729818327 0
731 0.01393271096919628 -0.05455145327583245 0
732 0.01543409164726152 -0.04713743757195223 0
733 0.0212478035591525 -0.05292441278718188 0
734 0.006151471417528104 -0.06221608730264692 0
735 0.0009266558897593017 -0.06387478839625736 0
736 0.004449975754594322 -0.06826838565047393 0
737 -0.00061910019040679 -0.06901149248788965 0
738 0.009977289816936016 -0.06630959055609842 0
739 -0.0004650205580639413 -0.04221383293229995 0
740 0.008766391057331468 -0.07148550759934859 0
741 0.01375307558509041 -0.07000854762855388 0
742 -0.003999348514852917 -0.06562912064441585 0
743 -0.00493749654415055 -0.07045851899328173 0
744 -0.008506966362274293 -0.06734831538260411 0
745 -0.009377968796595909 -0.07198321586999676 0
746 -0.01300222419839214 -0.06881380612968853 0
747 -0.01375762900226402 -0.07349910799265849 0
748 -0.01772632815835336 -0.07042472907753178 0
749 -0.002222009813360745 -0.07341351613036579 0
750 0.01249048801903289 -0.07496346760066638 0
751 0.01740605951125044 -0.0737610862756909 0
752 -0.01034904288273491 -0.07636289135528868 0
753 -0.01432640112169374 -0.07785020164228931 0
754 0.02317762064517632 -0.04493784870498492 0
755 0.01688281645426535 -0.03900065091727863 0
756 0.02540819307235276 -0.03643822743913518 0
757 0.007836156481950339 -0.07614180131098822 0
758 0.01893208919824896 -0.06851375899425588 0
759 0.02316537321220098 -0.07372791840041829 0
760 0.02484736564574967 -0.06629130706766148 0
761 0.02959075364994296 -0.05093700144572048 0
762 -0.0158027444158833 -0.06401725725451549 0
763 -0.02205217982660321 -0.06625659280944932 0
764 -0.0231989617774333 -0.07290841317127386 0
765 -0.02877224797827789 -0.06875942390492709 0
766 -0.02727582947605449 -0.06098642825186192 0
767 -0.03573182840172792 -0.06412642337465016 0
768 -0.03388979890114893 -0.05469179877651185 0
769 0.01864052162047935 -0.03141193171302806 0
770 0.006133638766308876 -0.0211087146851085 0
771 0.02746309465313549 -0.0275227436518969 0
772 0.01011468075187485 -0.02009934849987977 0
773 0.01580361169296334 -0.07844582475143194 0
774 -0.02238021865457265 -0.03556502721257083 0
775 0.02992451897775496 -0.07179263533938217 0
776 0.01108214882433851 -0.03408885225967274 0
777 -0.007765090397860111 -0.06260646684933817 0
778 -0.01120297513834947 -0.08036598543710313 0
779 -0.007568661622387121 -0.07922271429696273 0
780 -0.01796298339537541 -0.02328570807606228 0
781 -0.01466106769694381 -0.08178488617602428 0
782 -0.01793683965566027 -0.07954740866369651 0
783 -0.04427711757645399 -0.05826279365179819 0
784 -0.04423667533186863 -0.06833563663902679 0
785 -0.01575395457247391 -0.01677491467652972 0
786 0.01144152887198329 -0.01600208227168582 0
787 0.01483637339642877 -0.01920233801734108 0
788 0.0157135434548222 -0.01351327712661336 0
789 0.03221042859769718 -0.06437104220874107 0
790 0.03786111247809531 -0.07021677843392089 0
791 0.04138626514132195 -0.06085136730285562 0
792 -0.008281846044249593 -0.08263601022283965 0
793 -0.005065827882557322 -0.08173363668042471 0
794 -0.005971285066436097 -0.08481006661430364 0
795 0.02829273716534566 -0.07832313930688141 0
796 -0.007409479668582403 -0.01468797805434228 0
797 -0.002607937982814577 -0.002526588334841315 0
798 -0.002977785651126362 -0.003436547853896578 0
799 -0.002056090416210639 -0.004212170954049117 0
800 -0.003429821375982113 -0.004646074757689488 0
801 0.001032477719555101 -0.003547826815911235 0
802 0.0007283500245539023 -0.004588145784837181 0
803 -0.003442634798843257 0.003227835294825164 -0
804 -0.004274473111443327 0.003288465433514681 -0
805 -0.009235076812453445 0.02792714052104051 -0
806 0.009561858108624262 0.126958904109535 0
807 -0.009279812554129508 0.1271575342466061 -0
808 0.009279812554129406 0.02784246575339009 0
809 -0.02966286827249897 -0.07561660379297704 0
810 -0.002332502433184583 -0.005702155012317123 0
811 -0.003909696202522472 -0.006262486422689255 0
812 -0.00523820864380069 -0.004704766106368361 0
813 -0.005723641126659833 -0.006835381098678934 0
814 -0.007393049199790312 -0.005254557243082056 0
815 -0.004341191143849487 -0.008292832725592614 0
816 0.0087465154582353 -0.02473981788285329 0
817 0.004062927779142711 -0.02509458986543345 0
818 0.003654042697495372 0.0004375871955531055 0
819 0.0044573385736049 -0.0001343215195910297 0
820 -0.02289032600165925 -0.01797110254632759 0
821 -0.01985466937491731 -0.0120614920978319 0
822 -0.005469528430060079 -0.001656044348039663 0
823 0.009480711041942556 0.09742870958196072 0
824 -0.009533598682765109 0.05783561643847328 -0
825 -0.009449480628761175 0.0973898660351783 -0
826 0.009503855672879478 0.05783561643825104 0
827 -0.001021359560527992 0.003507512032403026 -0
828 0.01982416154586248 0.08615997039960133 0
829 0.02196584603263186 0.08204931656754311 0
830 0.02675415006932112 0.08047728893930294 0
831 0.02297143244603627 0.07728241420886395 0
832 0.02774437634171626 0.07527720760914665 0
833 0.01845717149458784 0.07876076914540221 0
834 0.01894743151588749 0.07465666222521221 0
835 -0.0210580030535423 0.08492177661146906 -0
836 -0.02319857492221406 0.08091804903115124 -0
837 -0.02850752596649984 0.0809383394313998 -0
838 -0.02488653000433476 0.07572399108676509 -0
839 -0.03153105671046342 0.0758394737908657 -0
840 -0.02737662781295341 0.06971448777822731 -0
841 -0.03543235171128913 0.06991956424636751 -0
842 -0.03175435279238686 0.0633090243073634 -0
843 -0.04029181980248718 0.06292200069853374 -0
844 -0.03635497926949195 0.0553569696095484 -0
845 -0.02435165172654168 0.0639734326148067 -0
846 -0.0230428769548164 0.07146448238991418 -0
847 -0.02032060363369884 0.07737460296512363 -0
848 0.005532498175238873 -0.008965934046493575 0
849 0.009120383962507445 -0.04093517043321186 0
850 -0.0007040461962542599 -0.004879233995997674 0
851 0.0199406868988117 -0.01739318158699795 0
852 0.02216882747149663 -0.01200141304468062 0
853 0.01774518277361293 -0.007988108919409213 0
854 0.0233323723174767 -0.004881748065723548 0
855 0.02871463807004045 -0.008644889018455865 0
856 0.03032884002421003 -0.000964208771491319 0
857 0.02297274737012274 0.00279302908003162 0
858 0.03810367933768046 -0.007900207909614222 0
859 -0.007676875904919116 0.178319758330372 -0
860 0.007744567520307525 0.1785792199289331 0
861 -0.02469751876066809 -0.05223034421110587 0
862 -0.03091677202930002 -0.04699296282820654 0
863 -0.004410934674871038 0.008079434556983274 -0
864 -0.005404400205601732 0.01243056437060637 -0
865 -0.006813547865632422 0.01381199045987421 -0
866 -0.01595466368998381 0.08759511617089458 -0
867 0.01621139115163273 0.08788258205771039 0
868 0.003947035339401508 0.003464496732133639 0
869 -0.006789997853339152 -0.009165551945400184 0
870 -0.003714416908245613 0.004199056321177405 -0
871 -0.01869451053028158 0.081096578622776 -0
872 0.0001841110612807116 -0.005836777899344871 0
873 -0.05664310423679706 -0.06420518526280354 0
874 0.01821210074103321 0.08237806145948157 0
875 -0.01781397748442621 0.07285488146109736 -0
876 0.004414190299298772 -0.07352042354307944 0
877 0.003656472245003439 -0.07767008647770104 0
878 0.006768928262590679 -0.08034128565189788 0
879 0.002955781076014642 -0.08138162573406515 0
880 0.0001781876720181245 -0.0795173118114605 0
881 -0.01150633738949498 -0.08437401746198582 0
882 -0.01492001405983532 -0.08519845484299478 0
883 -0.01776446055478436 -0.08347098527786259 0
884 -0.02102325804478205 -0.08172049179918613 0
885 -0.004409867550362822 -3.62288687519038e-05 0
886 -0.001631263998027544 0.02357635645951701 -0
887 0.009271799492358469 0.1573996114254719 0
888 -0.008630777340458662 0.1577180146521866 -0
889 0.03100885049731594 0.08405322407918307 0
890 0.003452165697396689 0.005298218410796664 0
891 0.0115195124492604 -0.07961527317091531 0
892 0.009289849104232667 -0.08289571665279946 0
893 0.01489350455310288 -0.08214790649863722 0
894 0.01905865969684767 -0.08174087933177672 0
895 0.00586208442263762 -0.0842983313143422 0
896 0.002271561818392693 -0.08481567582754455 0
897 -0.008800269328797395 0.009038407932839342 -0
898 -0.002755763721955153 -0.08440970083285176 0
899 -0.005326231933730498 -0.002943050322767603 0
900 -0.007677329258680712 0.01038785199006424 -0
901 -0.05665378254532479 0.07553757101458858 -0
902 0.05414677067010187 0.0795531559588121 0
903 0.04822406633924954 0.07010580753896958 0
904 -0.04814048116188652 0.05073572616638866 -0
905 -0.03778942982643635 0.04519300544374352 -0
906 -0.04351903171732398 0.0236250153412217 -0
907 -0.02927362543103449 0.03167791158543053 -0
908 -0.03028799458884093 0.04254752204505634 -0
909 -0.02373494781318759 0.05494445336702201 -0
910 -0.02581784472685961 -0.02774887128033889 0
911 0.03562845752197655 -0.03432497802465072 0
912 0.03948583995948417 -0.04823550399174553 0
913 0.05250076982143279 -0.05548802652935421 0
914 -0.01674946230229924 0.07813505063331476 -0
915 -0.04556926177468393 -0.08312511525849453 0
916 0.04764581091983737 -0.08173985243809755 0
917 0.04889954002541681 -0.07005151498045742 0
918 0.001044933057189656 0.003558715227910264 0
919 0.001510244144500907 0.02437266972956737 0
920 -0.0007352046646607507 0.02714119061161395 -0
921 -0.005171128183359211 0.02924875723683144 -0
922 0.002362363916835189 0.02787193941877442 0
923 4.909949620080462e-05 0.03044747043397302 0
924 0.00313303647550354 0.03124857908488446 0
925 0.0006743196463703245 0.0335558041522839 0
926 0.003811487970054246 0.03440011548923907 0
927 0.001465000632733741 0.03676554905704642 0
928 -0.001803745317700726 0.03576601832542053 -0
929 -0.001722058867061863 0.03946269649554116 -0
930 0.005372220925734552 0.02896261222430865 0
931 0.03076858705482458 0.007883174774312475 0
932 0.02185845095996524 0.01202784535414429 0
933 0.01883531272603149 0.008073953287189772 0
934 0.01395845530497351 0.009874171017428933 0
935 -0.02745710513656862 -0.01188330002246363 0
936 -0.02584897629190508 -0.003008923007700929 0
937 -0.03498190054727797 -0.006001898050339018 0
938 -0.03123712050200446 0.003028878582413633 -0
939 -0.02286701015463399 0.00338312912138103 -0
940 -0.02626168569934423 0.009749830005539528 -0
941 -0.02041187558214698 0.01101692914960158 -0
942 -0.02331082147039917 0.01582744530099455 -0
943 -0.01444874022540851 0.009231410326759866 -0
944 -0.01857556094761842 -0.001964904275774602 0
945 -0.01660219207818038 -0.007669928318929696 0
946 -0.0121315844069273 -0.004879068136622458 0
947 -0.0401784635899476 -0.02945794214104299 0
948 0.002873781977177364 -0.002538509089341001 0
949 0.01889017656987839 -0.06109258867252643 0
950 0.01823272445302581 -0.002050226199813247 0
951 -0.07484841960389464 0.0736046384523292 -0
952 -0.03054675006570606 0.01743297190041944 -0
953 -0.01813370022110187 0.002067294277162968 -0
954 -0.03213274455709669 -0.08379951207020155 0
955 0.03184530098290901 -0.08321292232058797 0
956 -0.006432903112403587 -0.07494314312036741 0
957 0.0008782565720477141 0.008049221274190357 0
958 0.000750162875015708 0.006659029399906973 0
959 0.03467827066454891 -0.07746387607664432 0
960 0.005346980144087648 -0.03602450134503686 0
961 -0.005690761270936291 0.002546785389543255 -0
962 0.02333248240596598 0.07256051798000732 0
963 0.02827532124953468 0.06957318003682331 0
964 0.02281389734920168 0.06711587912492199 0
965 0.02824331869506203 0.06363657933409887 0
966 0.02290970703699097 0.06030552343802602 0
967 0.02852626418027374 0.05728910296830381 0
968 0.02323212595718884 0.05402841736076986 0
969 0.02887525301082514 0.05012174689355187 0
970 0.03696898889288699 0.05526101027867631 0
971 0.03595778414588039 0.04555207173874204 0
972 0.02725576401982725 0.04199687810694001 0
973 0.03400716084672321 0.03589325927253014 0
974 0.02600166183438666 0.0331236992258913 0
975 0.02060731494732514 0.03755813192073943 0
976 0.01421191068190478 0.03959302325589474 0
977 0.02043964455371838 0.04360085531468127 0
978 0.03316469440206038 0.07386988461690025 0
979 0.02032469866959071 0.03172785164840909 0
980 0.02343683612777612 0.02644530104250577 0
981 0.01465475876904417 0.02732729836466918 0
982 0.01879270320699375 0.06397613543290448 0
983 0.01877679815674488 0.06769647425427587 0
984 0.01852099795914411 0.05929379963471609 0
985 0.04515422315425779 0.05042839259167995 0
986 0.01853735803096781 0.05454451725963334 0
987 0.01797852769269036 0.002487186648035942 0
988 0.005490445007415684 -0.0006777445511640118 0
989 -0.07268455112699848 -0.07158243121567147 0
990 -0.004689583953189448 -0.03772260921450639 0
991 -0.003076714787464727 -0.03142158586407226 0
992 0.009300168207098457 0.01198731181967367 0
993 0.007676905662958484 0.01290877531977085 0
994 0.007630713545840623 0.01481097248098071 0
995 0.005974566411227152 0.01382642341276143 0
996 0.006143509518659572 0.01204021244330678 0
997 -0.001872083062781238 -0.0112194350302661 0
998 0.007720761294674404 0.01107737136705236 0
999 0.007675275711527717 0.009253255475921684 0
1000 -0.04250444777393007 0.001792230657781422 -0
1001 0.00186056251645593 -0.004209964963525604 0
1002 0.004300585509652417 0.01286092438236154 0
1003 -0.001064813202789314 -0.0035917747517271 0
1004 -0.008482743247427505 -0.0566056667788427 0
1005 -0.01457503456492974 -0.05768576439800197 0
1006 0.006137941487011673 0.03227490888642375 0
1007 0.03129356269795978 0.02694752342324485 0
1008 0.02726544237789178 0.0202401227202748 0
1009 0.02077106788939623 0.02034480674653988 0
1010 0.01421191068190468 0.01784883720933315 0
1011 -0.008908729643519816 0.1621819869200251 -0
1012 0.008776619604703528 0.1622544929061499 0
1013 0.005952428241230344 0.003712733235441333 0
1014 -0.006251278509162859 0.004835212703941943 -0
1015 0.03879032423594213 -0.02220325357838064 0
1016 0.05157113868472769 -0.01286333303849779 0
1017 -0.004822739575450536 0.004076053964579187 -0
1018 0.06369195270352317 0.06874235323389254 0
1019 -0.003493512072691385 0.005527175739323877 -0
1020 -0.009801475214853713 -0.00522403104537644 0
1021 0.04307622714598113 0.006062638346923076 0
1022 -0.007007042287393322 0.2172019546566422 -0
1023 -0.002959252029127753 0.2194118960422908 -0
1024 -0.002749224530851923 0.2241540869970593 -0
1025 -0.003153867052224608 0.2148342194284047 -0
1026 0.001095049123528103 0.2215827979833657 0
1027 0.00144682331238619 0.2263324312709429 0
1028 -0.009205580519758208 0.003471139689682793 -0
1029 0.01983736922884499 -0.0774899802296187 0
1030 0.00932457898721375 0.003409305840185045 0
1031 0.006235874189342355 -0.002855185827914729 0
1032 -0.0214302283649283 -0.08752468507082385 0
1033 0.02161626199199775 -0.08741727850614778 0
1034 0.02286395473123438 -0.08374180775928608 0
1035 -0.009305674735386142 0.01389356155245477 -0
1036 0.009279812554129411 0.01592465753423004 0
1037 0.01948000874887365 0.0156679770273425 0
1038 0.006049457152709547 0.01023126614145335 0
1039 0.00768071028415984 0.007758344788070774 0
1040 -0.007109672752496309 0.2126646866466516 -0
1041 -0.003389890673699546 0.2103728841531093 -0
1042 -0.003625334346823504 0.2060650921147277 -0
1043 0.0003894420620750302 0.2124083112893934 0
1044 8.337407657069819e-05 0.2080199980625163 0
1045 -0.0001379133237929072 0.203828127220267 -0
1046 0.003612782096596788 0.2058352989626248 0
1047 0.00342051823672758 0.2017537978679713 0
1048 -0.0003088520281578169 0.1998396080917742 -0
1049 0.003496969847008358 0.1973333415456646 0
1050 -0.0003943861567533699 0.1958994378377862 -0
1051 0.002546850518706434 0.1934562475830043 0
1052 -0.0008215746498100966 0.1921771468433812 -0
1053 0.002292947958580966 0.1901447106391093 0
1054 -0.0009813739625778163 0.1886569974891777 -0
1055 0.002031490652285064 0.18672459147396 0
1056 -0.001052574770479188 0.185196766235063 -0
1057 0.001850180369287496 0.1832780277799756 0
1058 -0.001292282602141492 0.1817202686791151 -0
1059 0.00165504149002377 0.1797722370020302 0
1060 -0.001489313136856389 0.1782483630076965 -0
1061 -0.003587443803982431 0.187045822106136 -0
1062 -0.004137517850256664 0.1942066731476325 -0
1063 0.005155878828446499 0.1879687059017083 0
1064 0.002033016089752778 0.1757851583900059 0
1065 0.004813918663037263 0.1811799453903304 0
1066 0.007661359446465101 0.1959809803844942 0
1067 -0.004593833499480826 0.1802385865003509 -0
1068 -0.002198412747487634 0.1744553932641885 -0
1069 0.001184546883920968 0.1720605335519467 0
1070 -0.002058370638539262 0.170502424933533 -0
1071 0.0009755883347476438 0.1685358427872437 0
1072 -0.002207618963920269 0.1669921881450815 -0
1073 0.0007619243339987685 0.1649498691765999 0
1074 0.003792871379933795 0.1699299666918856 0
1075 -0.003005576739874141 0.1628393385184358 -0
1076 0.0004676308185756818 0.1609530958834803 0
1077 -0.005251789340468393 0.1688956548820644 -0
1078 -0.003809024387585197 0.2019691074583308 -0
1079 0.0006446130161052301 0.216895650482905 0
1080 -0.008202731299396858 0.1888395574467415 -0
1081 -0.004566381147545203 0.1900495122644476 -0
1082 -0.007548441145911381 0.1961428227729396 -0
1083 -0.003826436439480008 0.1979692329491304 -0
1084 -0.007327493629412027 0.2040615466284684 -0
1085 0.006509721977041647 0.2322231296306232 0
1086 0.001866200235492263 0.2346679882142121 0
1087 0.001815335408136518 0.2399364073916141 0
1088 -0.002883264468041198 0.2374290890215046 -0
1089 0.005621960049717442 0.2547491341723027 0
1090 0.0002869929731254306 0.2516784101746775 0
1091 0.0001504266008640363 0.2578071551809287 0
1092 -0.005124339744180064 0.2486830450823012 -0
1093 -0.005357282604946203 0.2609092245202762 -0
1094 0.0001179240640281967 0.2451600234819612 0
1095 0.005375703624467404 0.2674204490900266 0
1096 0.007336395331689784 0.2124969359140098 0
1097 0.007199860516280102 0.2217743219891806 0
1098 0.005212995293057813 0.2812328420645012 0
1099 -0.005287105372139517 0.2741728251600175 -0
1100 -0.005511781196799294 0.2885580643965578 -0
1101 0.007268583916396815 0.2039797489492558 0
1102 -0.006747980918691799 0.226676211274603 -0
1103 0.004551320312378304 0.01478982086049337 0
1104 -0.01120491143526312 -0.007342151478147924 0
1105 0.001681788424795488 0.005832053951501538 0
1106 0.01922616070224225 0.02435138814264212 0
1107 0.004212750563954503 -0.08737208717735834 0
1108 0.01571970928430859 -0.08756480379928223 0
1109 0.009999999999975081 -0.08764320910183855 0
1110 -0.01297582047965969 -0.08748994844367378 0
1111 0.006588677364634844 0.01777414923749173 0
1112 0.007668141557299379 0.01984449477003118 0
1113 0.01175144462425878 -0.06086869862438957 0
1114 -0.0615550820631626 0.01726559900448131 -0
1115 -0.06340843951627106 0.05919097108798117 -0
1116 -0.004650151838242563 -0.01073382789746555 0
1117 -0.01817078277847461 -0.04796394934469795 0
1118 -0.009311925021652881 0.08535616438366951 -0
1119 0.008862483281487036 0.06918690872673966 0
1120 -0.009311925021649564 0.06964383561655121 -0
1121 0.008901999745605361 0.08567647720874197 0
1122 0.006379033457849885 0.2428566920601859 0
1123 -0.00229079114494567 0.2288963753351261 -0
1124 -0.003963444029970472 0.01121792467828195 -0
1125 0.005019450337388282 0.1844560016886319 0
1126 -0.004734745049585017 0.1840993358293178 -0
1127 -0.009311925021653206 0.1151917808219593 -0
1128 0.008931950088661 0.03938739374533124 0
1129 -0.009311925021649375 0.03980821917814695 -0
1130 0.009311925021649367 0.1151917808218514 0
1131 0.01325000000000001 0.003700415147167309 0
1132 0.01243171627620486 0.002308130804769013 0
1133 0.01393825920979494 0.00221153516743197 0
1134 0.01064312380501425 0.002474127884392572 0
1135 -0.0130437421619007 0.003320536887681506 -0
1136 -0.01455708782994165 0.003630662950922129 -0
1137 -0.01575430390708384 0.005066048415221574 -0
1138 -0.01409473839936716 0.001729170877450047 -0
1139 -0.01471500973118334 0.006815755239770242 -0
1140 -0.01716126828694951 0.007438601809513733 -0
1141 -0.00900844894782271 0.1447498592296608 -0
1142 0.009148576374616605 0.1448759541828547 0
1143 3.511522901980694e-05 0.264165261168533 0
1144 -0.01719236076073362 0.08443988491803434 -0
1145 0.01709485262823641 -0.0848819463771481 0
1146 0.00368505036896882 0.1665329284657011 0
1147 -0.00306951195097762 -0.06028591238360591 0
1148 0.01789796785103983 0.01202925241278922 0
1149 0.01595402504392186 0.007426711602782393 0
1150 -0.01776362208649743 -0.07533682321336463 0
1151 -0.001298235689105642 0.01190365250361354 -0
1152 -2.900657099080913e-05 0.293257316339798 -0
1153 -0.0006532891985541377 0.004344128041500998 -0
1154 -0.0100415109640383 0.001479837272390472 -0
1155 0.005355450549723688 0.001325596029987534 0
1156 0.003452620620631013 0.1626376651068581 0
1157 -0.007855752674712373 0.1820202708425706 -0
1158 0.008074616186379649 0.1821790994649523 0
1159 0.008633740388901802 0.1729837542156381 0
1160 -0.008364431610789319 0.1730972312331318 -0
1161 -0.01879291891963953 0.01482182669640953 -0
1162 -0.01511542460460238 0.01983357910433785 -0
1163 -0.01924944991820567 0.01972763866632063 -0
1164 -0.02481737159146006 0.02172653737631548 -0
1165 -0.01989985625450005 0.02543359000244047 -0
1166 -0.01440471285065505 0.0295445736433484 -0
1167 -0.005640253752624504 0.1655775124116323 -0
1168 0.006084073546645923 0.01575366305217598 0
1169 -0.007142857142887308 -0.08752950788006961 0
1170 -0.007041826101849358 0.01600405229875794 -0
1171 -0.006899276433087917 0.01839402783460476 -0
1172 -0.004231770384260579 0.001579040216073874 -0
1173 0.008995649650416533 0.008471563289672487 0
1174 0.008778405204891537 0.02371046451501304 0
1175 0.01816031176298178 0.04093492876028781 0
1176 -0.004311650988567677 -0.08737915283845084 0
1177 0.006670817423858015 0.03516537207301542 0
1178 0.005494578717457491 -0.01157490861239877 0
1179 0.003972562517446435 -0.04566112148473556 0
1180 -0.001743178356436357 0.004052316253494161 -0
1181 -0.02113465551309827 -0.07787557427122023 0
1182 0.04009532193430058 0.06410718025097104 0
1183 -0.02540122505815488 -0.07967104938413465 0
1184 -0.003676897368397236 -0.07810404684701096 0
1185 0.003733775863500823 0.2101443568921735 0
1186 0.001252448525795445 -0.08750133046033218 0
1187 0.006544469408904146 0.1644659185654112 0
1188 -0.002376045936208425 0.03277735038265751 -0
1189 -0.005165055659948646 0.03473177216718519 -0
1190 0.002731621830481669 0.006222469614154524 0
1191 -0.03490379535698523 0.08155420080731052 -0
1192 0.01427679653356457 0.08316859067483666 0
1193 -0.01401632701366017 0.08712128125071131 -0
1194 0.01421191068189736 0.08703488372093721 0
1195 -0.008137764491932211 0.1702270707753984 -0
1196 0.008666867320440551 0.1699235354393663 0
1197 0.006072252878497636 -0.0301755762633431 0
1198 -0.008152047163655449 0.007734241141540064 -0
1199 0.01429371019543571 0.07912790697675579 0
1200 -0.014452776339583 0.08315955973193448 -0
1201 -0.01436588321553805 0.07912715960165367 -0
1202 0.008803061297477772 -0.003431175767063248 0
1203 0.01000948117843119 -0.004998548541034986 0
1204 0.007735773523604134 -0.00517067818663008 0
1205 0.009074345630606738 -0.007179955008693508 0
1206 0.01153628377644593 -0.006785716790219852 0
1207 0.01346640301683898 -0.009421880429785492 0
1208 -0.008714087575270639 -0.003426675349788756 0
1209 -0.008485512471651021 -0.007303612135114256 0
1210 -0.01308931542389459 -0.009587704196635904 0
1211 -0.01143732108054661 -0.0132944279149397 0
1212 -0.009253045327380397 0.01588134030404651 -0
1213 0.006832696464914579 -0.0005826089581422374 0
1214 -0.00667274837243366 -0.0008656956837499878 0
1215 -0.01438491616044044 0.07715029085309028 -0
1216 -0.01426293937109177 0.07319767441855532 -0
1217 0.01429642337411649 0.07319767441863076 0
1218 0.01430914832879635 0.07715116279071348 0
1219 0.01631817672199413 0.07616279069769194 0
1220 -0.01429096533320268 0.07122093023250387 -0
1221 -0.01633155134746522 0.07023255813947896 -0
1222 -0.01628237200475377 0.06757097404930133 -0
1223 -0.01395396033550412 0.0673437695291655 -0
1224 -0.01687860799795729 0.06469666199574614 -0
1225 -0.01979644314780528 0.06595542486769151 -0
1226 0.01438161368094802 0.07115510720797885 0
1227 0.01658868878625532 0.07238446288492299 0
1228 -0.00851465052808776 0.1645319559711926 -0
1229 -0.004783036121149781 0.009548548402379517 -0
1230 6.297421327309252e-06 0.2707863158283941 0
1231 0.01421191068189398 0.06726744186050884 0
1232 0.01644769096291664 0.06637863152299148 0
1233 0.0143123974302651 0.06331395348842775 0
1234 -0.009107901396795697 0.1598868786798427 -0
1235 -0.005896207242224942 0.156246779259907 -0
1236 -0.002691541788687011 0.1585423491420921 -0
1237 -0.00244307986791709 0.1550798049661778 -0
1238 -0.004922936398948053 0.1530164636750612 -0
1239 -0.002024816497807863 0.1517228452792074 -0
1240 0.0007113252657716717 0.1537125119669829 0
1241 0.001181648726356962 0.150256584017347 0
1242 0.003865117955834117 0.1522635944674346 0
1243 -0.001669616950930327 0.1483886667904691 -0
1244 0.003445453473093939 0.1555695902130793 0
1245 0.001502744790598727 0.1468289568615138 0
1246 -0.001953706054181556 0.1448169951269357 -0
1247 0.001941444123862586 0.1431231802370494 0
1248 -0.0009773383693226052 0.141026883230044 -0
1249 0.002166626507641317 0.1396688865427795 0
1250 -0.0005857455976976915 0.1377295289826478 -0
1251 0.00247056877487365 0.1363828170627459 0
1252 -0.0002202606071889563 0.1343811791820873 -0
1253 -0.003571490752030592 0.1390630871948595 -0
1254 0.00510293302397334 0.1382796908679291 0
1255 0.005451990819949063 0.135065166231287 0
1256 0.004396903860562941 0.1489199746410642 0
1257 0.004813952332374211 0.1413985935544191 0
1258 0.006377385283817632 0.1540482638550675 0
1259 0.0004408221246457528 0.1570910008625072 0
1260 -0.00453614747224108 0.1499048259034393 -0
1261 0.003243734498184458 0.1324495813767039 0
1262 0.0001090971865263565 0.1308478279735621 0
1263 -0.004282946020724123 0.1421411014336569 -0
1264 -0.00650820826147524 0.1402306516553904 -0
1265 -0.006746800123900938 0.1372397545326386 -0
1266 -0.003339331931710844 0.1358923403949276 -0
1267 -0.00602000097117846 0.1342132410862181 -0
1268 -0.003603348938017335 0.1324818241389073 -0
1269 0.007032727384424845 0.150889050034641 0
1270 0.00900230615118355 0.1597671959134868 0
1271 -0.01445057738992155 0.06339269391652427 -0
1272 0.008141963535574465 0.1890364731612896 0
1273 0.002299380982800272 -0.02136265443810016 0
1274 -0.00243660631093125 0.0175969383297998 -0
1275 -0.009102143778577692 0.01976777236734411 -0
1276 -0.00708249027514613 0.0214168739241638 -0
1277 -0.01431557574687704 0.05540697674409743 -0
1278 -0.01655049588823949 0.0563870201057159 -0
1279 -0.01629040397261129 0.05936375861040862 -0
1280 -0.01965923078329255 0.05765996057118399 -0
1281 -0.01927211711766481 0.05412755825524285 -0
1282 -0.02234051536833776 0.05004458186006361 -0
1283 -0.019462587989638 0.06194789691114191 -0
1284 -0.01833716120281682 0.04986171364452612 -0
1285 -0.01962436104170623 0.04597591778643109 -0
1286 -0.02313245058267372 0.05941695271948601 -0
1287 -0.01394284506728342 0.05936112381504285 -0
1288 0.01389270515167101 0.05955813953494996 0
1289 0.01410288007465716 0.05566997200303003 0
1290 0.0007738518479903259 -0.02801814318984615 0
1291 -0.007007062678187806 0.01184490929733822 -0
1292 0.004584861656681699 0.002633670269701005 0
1293 0.0004464262526622531 0.00444340893298868 0
1294 0.01321633272035382 -0.0005926775157798456 0
1295 -0.01312540354458775 -0.0002836091675075424 0
1296 -0.01573401405340021 0.0003864356877901431 -0
1297 -0.009154450876369222 0.1552153023480262 -0
1298 0.008792318548125644 0.155327093701415 0
1299 0.004985184739585424 0.009134124391209699 0
1300 -0.0162588176064062 0.06214764414721457 -0
1301 -0.007263280305375616 0.151142428710239 -0
1302 0.02642371479949261 -0.05947826630100052 0
1303 0.002457408260166737 0.04016251847402666 0
1304 -7.806037770666406e-05 0.0431467424299259 -0
1305 0.00404598925752725 0.04347451680086884 0
1306 0.001352754520236877 0.04647206227622071 0
1307 -0.002328795087888044 0.04611973636670941 -0
1308 -0.0009108246550199452 0.04936012906120413 -0
1309 -0.004223012661303751 0.04896920142864779 -0
1310 0.002636086200504958 0.0497970265972387 0
1311 0.0003638387268656226 0.05275768068499261 0
1312 -0.006440844647227474 0.04584125077018358 -0
1313 -0.003918084564298575 0.04296040286810614 -0
1314 -0.003071400237562421 0.05223707523873813 -0
1315 -0.002135657717569756 0.05578143711539696 -0
1316 -0.004412202602492799 0.05857597612219159 -0
1317 -0.0011906701917755 0.05917350326291426 -0
1318 -0.00339089848610968 0.06161050903589926 -0
1319 -0.0003839237356033511 0.06239578555532672 -0
1320 0.001894773897173568 0.06011832406096067 0
1321 0.002728302198981804 0.06321645914643451 0
1322 0.0004089228671043003 0.06557684022997883 0
1323 0.004744579457866396 0.06104650140340685 0
1324 0.006135072857599929 0.06409189955722594 0
1325 0.003714036315758446 0.06625020300647448 0
1326 0.001586299174268737 0.06909962774661982 0
1327 0.002817260186884669 0.07265728248140638 0
1328 -0.0008659253149317019 0.07201880291950209 -0
1329 0.0002551140199247389 0.07552550131023135 0
1330 -0.003274200485588473 0.07488376012819009 -0
1331 -0.002267227824670294 0.07829607170527011 -0
1332 0.001416159870026492 0.07916059629916934 0
1333 -0.00109798017975869 0.08185260247543907 -0
1334 -0.004444529157949089 0.08063905270405106 -0
1335 -0.002413723986698812 0.06848847015149799 -0
1336 -0.005927665658158762 0.0661914660398385 -0
1337 0.002974086324211815 0.08308794449542116 0
1338 -0.000322712650937526 0.08550575859725569 -0
1339 0.004497961463095809 0.07999390221700978 0
1340 0.00414806322754705 0.07662774888813639 0
1341 0.001844229082565077 0.05625773585582645 0
1342 -0.005391965258520715 0.07742562969568345 -0
1343 0.006826790077351336 0.07377513951992633 0
1344 0.007137215647642516 0.06710705663931467 0
1345 -0.006507301875770663 0.06109050876344591 -0
1346 -0.006512479268191398 0.07461045607122899 -0
1347 -0.006887710433838395 0.05141941068240723 -0
1348 -0.007471093665662207 0.07939848224240857 -0
1349 0.004646435187030333 0.04693619797636606 0
1350 0.006261455878191963 0.05010482459632287 0
1351 0.006527570189206565 0.04475026007640542 0
1352 -0.002769936948488204 0.06466952452255677 -0
1353 0.01440955434382614 -0.005186395112949866 0
1354 -0.002978766597640397 0.008004955233218277 -0
1355 0.008997308800942745 0.00225970429118644 0
1356 0.003442484855147415 0.02183926210714978 0
1357 -0.01421191068190058 0.04749999999989183 -0
1358 -0.01432867574391825 0.05148643410842256 -0
1359 0.01421191068189395 0.04750000000009896 0
1360 0.01647793290981694 0.04848837209312012 0
1361 0.01637095863303707 0.05136765538332688 0
1362 0.01964620728089147 0.05057262357803996 0
1363 0.01640477730537765 0.04556427512548782 0
1364 0.01421191068189391 0.05145348837218004 0
1365 0.01794975627109841 0.02826611576913161 0
1366 0.0006589506427105137 0.005473280254693685 0
1367 0.006672553335753219 0.02193960066039147 0
1368 -0.01417070850460174 0.01603219674793719 -0
1369 0.01394949392186891 0.01571395348839712 0
1370 0.01483596817057432 0.01204582716361329 0
1371 0.003296201818231455 0.01143455649163421 0
1372 0.01046457518203977 0.003847906759997816 0
1373 0.01633742666878775 0.06232558139540702 0
1374 0.004541530756634316 0.178033105830125 0
1375 -0.007578044126509649 -0.01172139051999051 0
1376 0.01396571973383483 0.04553145967633908 0
1377 -0.009543391565825829 0.151033884165137 -0
1378 0.009270037152733878 0.1510100821768042 0
1379 0.007627768516534466 0.006458936513263083 0
1380 -0.0100373478837955 -0.01758749398657343 0
1381 -0.008979434244050269 0.02361628264035621 -0
1382 -0.004990046632428942 0.03163477439987487 -0
1383 -0.007391409511425235 0.03009784585870115 -0
1384 0.0009920258194204201 -0.01852492445410435 0
1385 0.0139899931088797 0.0378139534884472 0
1386 -0.01135494760512271 0.002446197361167214 -0
1387 0.008985886597133605 0.131074200913216 0
1388 -0.008887679415018598 0.1311085755945259 -0
1389 0.009504835977742692 0.07935068098045615 0
1390 -0.009124070780318291 0.07554589124072754 -0
1391 -0.009581259775600716 0.02989951782393088 -0
1392 0.009166226970362 0.1092667145776097 0
1393 0.006970071120506747 0.1081184266614739 0
1394 0.007269954072838943 0.1052323259221053 0
1395 0.004495035726902429 0.1066133198752534 0
1396 0.004749183024949655 0.1098734902896169 0
1397 0.001675752781845196 0.1081442447112391 0
1398 0.00155080813499389 0.1114667209589128 0
1399 -0.001319944040202368 0.1097201027545905 -0
1400 0.001789893586059075 0.1049155045952233 0
1401 -0.001830341238022939 0.1133676907151403 -0
1402 -0.00429316108096724 0.1112302217055205 -0
1403 -0.002351066736222063 0.117168167017549 -0
1404 -0.004071034919416816 0.1080959297709445 -0
1405 0.001735390234663913 0.1153868504003227 0
1406 0.0005859797054292455 0.119491338972146 0
1407 -0.002830753857349912 0.1207838764633 -0
1408 -0.0001658680652747624 0.1230285351299486 -0
1409 0.0031544422126126 0.1220555346281512 0
1410 -0.003425515227034692 0.1241376257653454 -0
1411 0.002372475493895329 0.1252630229378497 0
1412 0.005993366735599623 0.1243358038680555 0
1413 0.006739014663371345 0.120989719402433 0
1414 0.00399442639299903 0.1186368321564407 0
1415 -0.001152180588173474 0.1064914215042681 -0
1416 -0.0009406946836501039 0.103129674763046 -0
1417 -0.003838990397986027 0.1050499169365665 -0
1418 -0.006203792063235362 0.1219885726331323 -0
1419 -0.006856065999163156 0.1252713281802114 -0
1420 -0.007040367956932029 0.1094000832612999 -0
1421 0.002155441078247504 0.1014394316355488 0
1422 -0.001565995358038876 0.09951794243718053 -0
1423 0.002895595838426201 0.09774863013608998 0
1424 -0.0007886032976259988 0.09568899468237128 -0
1425 0.002425176890999256 0.09415305981476707 0
1426 -0.0005066246253429892 0.09231625173642639 -0
1427 -0.003570556518141998 0.0936518715273757 -0
1428 0.002449720678726873 0.09078789902438655 0
1429 -0.003230029751927354 0.09042636823549956 -0
1430 0.005013861436882708 0.0954398662316175 0
1431 -0.006598662224217114 0.09169371601865857 -0
1432 -0.006522495358108429 0.09473141606161203 -0
1433 -0.005664086125847489 0.1187286871605639 -0
1434 -0.004189238094575947 0.09684791668158418 -0
1435 0.005020300206527105 0.09242329452790857 0
1436 0.004814354443501594 0.08968231705116696 0
1437 -0.00668573699889987 0.1065151042433954 -0
1438 0.004778974899920767 0.1034215581918848 0
1439 -0.006140572573949234 0.08857662332064117 -0
1440 -0.004448457562925647 0.1272265758373701 -0
1441 -0.006808138470744874 0.1035351982434395 -0
1442 0.003209917568132535 0.08720154614337407 0
1443 -0.007028127243760549 0.1120284816810852 -0
1444 -0.000914329582459575 0.1269664674034863 -0
1445 -0.000223700078961632 0.0889163866164544 -0
1446 -0.009248731205198741 0.04574484398722253 -0
1447 0.008932741840469133 0.1251485027612197 0
1448 0.009279812554122732 0.09537671232864307 0
1449 -0.009216302032501553 0.05966262876609262 -0
1450 -0.007381784149173471 0.06359589041108758 -0
1451 -0.00917308904936958 0.0558041954551964 -0
1452 0.009559395924516103 0.09120547945192203 0
1453 0.009437989859311838 0.1429127568820538 0
1454 0.008934075616255376 0.0991924082121205 0
1455 -0.009218822522568178 0.03380136986308242 -0
1456 0.009279812554123266 0.1211986301369158 0
1457 0.008906411098283636 0.1133710045661397 0
1458 0.006739218217725378 0.112047670658965 0
1459 -0.008861350609338113 0.04165710435595046 -0
1460 -0.006823361039824893 0.04287205764784174 -0
1461 -0.008839329988332862 0.02597655684173468 -0
1462 -0.009025655244016472 0.04978658146808813 -0
1463 0.008966235023439288 0.1287475266361871 0
1464 0.009409084717613956 0.1052883829623927 0
1465 0.00885691092597474 0.08358877359861684 0
1466 -0.008944784783884207 0.07146710932020368 -0
1467 0.009366317561201437 0.06739515741241033 0
1468 0.008862902184309292 0.1012523876699832 0
1469 0.009033077389804179 0.07540561574868217 0
1470 0.007250459605858317 0.07642334071600819 0
1471 -0.008900419587228474 0.05353786280828626 -0
1472 0.009279812554123775 0.08743150684917431 0
1473 -0.009468684142594417 0.1092726225073079 -0
1474 -0.008695079716620886 0.06772312407719146 -0
1475 -0.008908132723452242 0.03798744292243542 -0
1476 -0.006841132158288639 0.03678599401918171 -0
1477 0.00887856983436687 0.1170426018948072 0
1478 0.006922370323834338 0.1182123502248389 0
1479 0.008927622955716847 0.146822933003075 0
1480 -0.009361474509507956 0.1429446184306024 -0
1481 -0.008552978003161101 0.1175698515904834 -0
1482 -0.009257529675053298 0.09150449135444895 -0
1483 -0.008902845203072288 0.09915356466529508 -0
1484 0.009279812554128306 0.1390753424657284 0
1485 0.006978568124246619 0.1400684931506581 0
1486 -0.008924879401943012 0.1389892390544805 -0
1487 -0.00885729823627167 0.1014676535308922 -0
1488 -0.008917734079949394 0.0835156827572342 -0
1489 -0.00870749280276658 0.08724057571027646 -0
1490 -0.008838176391378095 0.135316528586601 -0
1491 -0.008874299535346013 0.1468019171775454 -0
1492 -0.006734132761984581 0.1481678444990294 -0
1493 0.009279812554132138 0.05962328767112276 0
1494 0.007125196294510795 0.05849031538617487 0
1495 0.004321755746423167 0.05818257534127377 0
1496 0.008803083446367349 0.03376695421424924 0
1497 -0.00892604682541033 0.09562414180871849 -0
1498 0.008653664684115365 0.1348787009147988 0
1499 -0.009279812554129527 0.1251712328767457 -0
1500 0.009485503229561053 0.02990171046497569 0
1501 0.008849759847567045 0.0258963844975021 0
1502 -0.008993948843256681 0.1212240274886552 -0
1503 0.008832033686911517 0.07160392357699752 0
1504 0.008919470996473281 0.06343679115304174 0
1505 0.009129301431404599 0.05585371007259333 0
1506 0.009198436419788035 0.04958356547712379 0
1507 0.009399174307684074 0.03762564102127237 0
1508 0.009029636921997177 0.04575201871795407 0
1509 0.009279812554131522 0.04174657534240413 0
1510 -0.008843592878011326 0.129045325134856 -0
1511 0.008842821225618075 0.05373918462982218 0
1512 -0.00889388207788693 0.1133056627849495 -0
1513 -0.009034415627931638 0.1052345311318163 -0
1514 0.07753592487593901 0.07568558830845065 0
1515 0.007098797909568923 -0.007086189638459394 0
1516 0.01475957980493743 0.02956595661924047 0
1517 0.01718173072288785 0.03459732417222008 0
1518 -0.002569878473232128 -0.007542482482660769 0
1519 0.014235979132571 0.0313983650120277 0
1520 0.01466081515888251 -0.06535863689516484 0
1521 -0.04443603004546041 0.07147850590166124 -0
1522 -0.01420923702884567 0.01180443058034261 -0
1523 -0.01421191068189459 0.02575581395343614 -0
1524 0.01415517890257265 0.02544850683395382 0
1525 0.01421191068190251 0.0218023255814416 0
1526 0.01456943126833932 0.02001213502973834 0
1527 0.0169966608234942 0.01855953030516589 0
1528 -0.01419873426374717 0.01780613257270332 -0
1529 -0.01422425901088996 0.02201820652443821 -0
1530 -0.01659437493032953 0.02269012838649308 -0
1531 -0.006985042685504508 -0.003565383819340308 0
1532 0.01456285512711614 0.03594184993166072 0
1533 -0.01421191068189354 0.04552325581385067 -0
1534 -0.01395314256346231 0.04172790697665096 -0
1535 -0.01655753155221499 0.04255813953478988 -0
1536 -0.01466214005806678 0.03766217744804796 -0
1537 -0.02075112306837957 0.04185652919800162 -0
1538 -0.0179280371506657 0.03888004143289207 -0
1539 -0.02230360077641782 0.0375757687743826 -0
1540 -0.01919934109671429 0.03446197160010668 -0
1541 -0.01427229237037965 0.03586279468732295 -0
1542 -0.01468347522073496 0.04000238531730509 -0
1543 0.01396397652259017 0.04176744186055525 0
1544 -0.01421208528589426 0.03147183206592465 -0
1545 -0.01668909921270035 0.031231920699231 -0
1546 -0.0203638509849251 0.02989465352573415 -0
1547 -0.01657306749477743 0.02780713511172055 -0
1548 -0.01421191068189355 0.0277325581394783 -0
1549 0.005962188396386667 -0.004185344928516787 0
1550 0.0161045369110419 0.0848259178942932 0
1551 0.01184637502556591 -0.004507237640560625 0
1552 -0.008919521801726067 0.002307190562252387 -0
1553 0.01116917064712029 -0.08527318355566774 0
1554 -0.01628865898343996 0.08209302325579293 -0
1555 -0.01050001580069735 0.003701873156990594 -0
1556 0.004690366967994198 0.03731598664763015 0
1557 -0.01571428571429281 -0.08784157665358171 0
1558 0.01994924230555609 -0.08505082380177159 0
1559 -0.004158285021851527 0.02262362343088427 -0
1560 0.02684039076329061 -0.0830804658906672 0
1561 0.004129424857731726 0.004379550920366388 0
1562 -0.01126229284106474 -0.06462079513588526 0
1563 -0.02036091871056199 -0.05964652321890333 0
1564 -4.378365524884219e-05 0.2776979987641339 -0
1565 -0.005391399599869212 -0.0004763341946650267 0
1566 -0.01668960819059411 0.05244186046501236 -0
1567 -0.01663660641436764 0.01125874518085924 -0
1568 -0.005036999206979203 0.172036831506882 -0
1569 0.01944389462377307 -0.02365443330872789 0
1570 0.02813724551207997 -0.01748036119277867 0
1571 0.001537052759219306 -0.005522379131141397 0
1572 -0.003166758280335244 0.08711306524270554 -0
1573 0.006577772542230937 0.1572572011588216 0
1574 0.01190877185076679 -0.01246759225365578 0
1575 0.008511905234632182 -0.01305178426634215 0
1576 0.004896936699398973 0.003587335624955296 0
1577 0.01630911237614184 0.08011627906977602 0
1578 -0.00665243309340287 0.0823903156101277 -0
1579 1.956129040138498e-06 -0.08277853906422455 0
1580 0.02338863594069536 0.0479279409005766 0
1581 -0.02507474124262899 0.02770695229901245 -0
1582 0.01929059759208069 0.07137257261172372 0
1583 -0.004136196917767319 -0.003276080461315145 0
1584 -0.007455033521577174 0.2374840958052754 -0
1585 0.01669948101559908 0.02192482767193491 0
1586 0.01650484235457008 0.03855871765763601 0
1587 -0.03692951574764244 0.01141187862596001 -0
1588 -0.04750805872754588 0.01284234526838435 -0
1589 0.009873777785018904 0.001365686219801912 0
1590 -0.0009782172172335059 -0.006710035891759517 0
1591 0.006600858830234429 0.08212193139645491 0
1592 -0.009475677222108944 0.06359956254654996 -0
1593 0.003829263054619551 0.2146154795055664 0
1594 0.003218201494309007 0.1587483779097526 0
1595 -0.007018216989591639 0.04869863013708476 -0
1596 -0.03454220156019436 -0.07865414308412245 0
1597 -0.03575185761933111 -0.07204133877604971 0
1598 0.005168744338166126 0.1912059948519081 0
1599 0.01395754483903091 -0.08502026941852694 0
1600 -0.006740387767419549 0.0274613696036591 -0
1601 0.007112511894575805 0.09412212267778064 0
1602 -0.004306398400599975 0.03734929620146572 -0
1603 -0.004643197455588622 0.002445775419839582 -0
1604 -0.04154036143149367 -0.04564585646971547 0
1605 0.01652183455857058 0.03148528570331277 0
1606 0.009985505245913434 0.007659615426889212 0
1607 -0.008808261503141689 0.175603674202132 -0
1608 0.008875661581841866 0.1756328711183158 0
1609 -0.006442190636706533 -0.002205932067499702 0
1610 -0.01621606219310035 0.01698978486711987 -0
1611 -0.002623198814463535 0.003682755885832273 -0
1612 -0.006687629245460326 0.1321855394252843 -0
1613 0.04752291726810572 0.03918768984704184 0
1614 0.06045527737030124 0.0519866441472262 0
1615 0.01490222297278938 -0.001980111450794758 0
1616 -0.01471971091466173 -0.004272568985325482 0
1617 0.004445055511423312 0.0008299116667528511 0
1618 0.002476067830597883 0.2304589763973202 0
1619 -0.04165030967599836 -0.07669778825815274 0
1620 0.009212855579652849 0.1646270163390015 0
1621 -0.01994447937125188 -0.08521028379991916 0
1622 0.04041787345051492 0.0287586816744424 0
1623 0.004389507541561455 0.005422725520794012 0
1624 -0.0239677390820503 -0.04339745661225029 0
1625 -0.03103923850867867 0.08557028875788099 -0
1626 0.01306947657054151 -0.02823407144868097 0
1627 0.01412057073239793 0.007965116279080475 0
1628 0.01638640589421738 0.005456013825685166 0
1629 -0.007473749040483283 0.05799482092423329 -0
1630 0.04155819914160983 -0.07691197322885743 0
1631 -0.03133852499840046 0.02531018480488408 -0
1632 -0.004470973460480398 0.006637226833420176 -0
1633 0.01636536839965429 0.05639534883728654 0
1634 -2.960368925252956e-05 0.2850835592864486 -0
1635 0.004143094016254146 0.1126302869087021 0
1636 0.004646110321705486 0.1271384502875735 0
1637 -0.01843948245449761 -0.05371319135032169 0
1638 -0.008580465128617935 -0.08537504877653582 0
1639 0.01322605737034002 -0.0232042389909 0
1640 -0.02470515271646619 0.04529786480364197 -0
1641 0.01529102463182716 0.003219589881720736 0
1642 -0.009535681194526566 0.07948051190746475 -0
1643 -0.003830763782083976 0.1022465464760465 -0
1644 -0.004595567096774913 0.0007813608751499651 -0
1645 -0.00454755784470921 0.005186458923264175 -0
1646 0.009578668052046248 0.01988147381751163 0
1647 0.03654166163717849 0.08011981761124029 0
1648 -0.002239837414227725 -0.0812523421258151 0
1649 -0.02837475528822176 0.05821421181899483 -0
1650 0.01522663125978669 0.0006005364418228959 0
1651 -0.01642049626924979 0.0363699752960175 -0
1652 -0.007331684351654694 0.097291150875398 -0
1653 -0.005072135032039031 0.003217408221697099 -0
1654 0.05285976318162736 0.02219056566185344 0
1655 -0.004551086115170849 0.0195145806570984 -0
1656 0.006801799830079041 0.05264192575999493 0
1657 0.007035058621118545 0.1024112511910767 0
1658 0.006274681397395947 -0.001609145453481743 0
1659 -0.005114607500089519 0.06352372157406097 -0
1660 -0.02825295631782896 0.03722179865895667 -0
1661 0.007618687611250702 -0.009643128595397898 0
1662 0.002625827222958115 0.01460646440347839 0
1663 0.00394062105961963 0.05278422186721077 0
1664 0.003930551492449419 0.2192028546599324 0
1665 0.001828015330576978 -0.03267170589816466 0
1666 0.01923587246619825 0.04715304797730785 0
1667 0.01624473281027913 0.06937111172093001 0
1668 0.007400293865752684 0.142535125198524 0
1669 0.0236254419815929 0.01638354486956501 0
1670 0.002576181319642008 0.1287775583298626 0
1671 -0.006874449197907488 0.07230060201411151 -0
1672 -0.01354954285178543 -0.006750284223132294 0
1673 -0.0003981926560017496 -0.08529457805361022 0
1674 -0.05401430166361983 -0.05158184530940716 0
1675 0.002697757350308068 -0.003641866168991283 0
1676 0.007348499093437006 0.1372304538578292 0
1677 -0.01888915818410906 -0.02976458943322365 0
1678 0.007282124474591183 -0.00361112558362007 0
1679 0.007321370127802934 0.1268004414536162 0
1680 0.00712741335096587 0.1481277613987692 0
1681 0.008692792263358236 -0.08552721646562318 0
1682 0.005294333976925356 -0.007136711531997981 0
1683 -0.00744378389344035 0.1200958741062249 -0
1684 0.007452173670409365 0.06159559677131472 0
1685 -0.001974051932380477 0.233239766756671 -0
1686 -0.01894357463942272 0.08739135554007961 -0
1687 0.006142368261536959 0.168116016826986 0
1688 0.06148614206178762 -0.06555982169412751 0
1689 0.07342663127920802 -0.07163736002055347 0
1690 -0.009520845789446128 0.01026380458625074 -0
1691 -0.01653328173384247 0.04684667262320479 -0
1692 -0.001786381876246814 0.2413455529888895 -0
1693 -0.02343104255926295 -0.08409592694774692 0
1694 -0.005732521471540912 0.2946051144545743 -0
1695 0.005732521471578231 0.2946051144545761 0
1696 0.007365627916620585 0.0908847101176479 0
1697 -0.007282147958508839 0.1537241904880001 -0
1698 -0.000161336052630118 0.006258104166546512 -0
1699 0.03065817296978655 -0.04297471192124737 0
1700 -0.006306461900062579 0.1629008555816994 -0
1701 -0.05558813247159825 -0.01864969743400594 0
1702 0.06661922182247998 -0.05038491433731868 0
1703 -0.007264862815634834 0.03281255855501256 -0
1704 -0.00297140777937524 0.1295045390706651 -0
1705 -0.01602054638277053 0.07425251680299484 -0
1706 -0.002584022640759693 0.01118315608076591 -0
1707 0.005181720345801837 0.0003808702094864903 0
1708 -0.06960654199214797 -0.05290238489481512 0
1709 0.006985198446034398 0.04274165354236186 0
1710 -0.003462487674446326 0.08389388165201153 -0
1711 0.01592737804190078 0.08215176877758767 0
1712 -0.02146966632876107 -0.006952678026595238 0
1713 -0.01607531462506232 0.08031129265526098 -0
1714 0.02716656503851175 0.01371755086819741 0
1715 -0.03025639352959124 -0.01975766945663434 0
1716 -0.007353367569285001 0.1427106556357912 -0
1717 -0.04680328016250936 -0.008337171027866911 0
1718 0.0005839037933882104 -0.007148869378975161 0
1719 0.006977966437034013 0.1327309096091933 0
1720 -0.004178720647867509 0.1472556664639747 -0
1721 0.01593746382339117 0.07826378173606791 0
1722 0.00753106843886159 0.04744915831799696 0
1723 -0.005490858436914742 0.01100900842979854 -0
1724 0.01608690197793397 0.07431520176622591 0
1725 -0.004093381004337315 0.07196841263736525 -0
1726 0.006902899319537741 0.09736117222347979 0
1727 0.03356725444339771 0.0611398466655638 0
1728 0.003950549356008642 0.1728518414848148 0
1729 0.02354392711701602 -0.07972819209846904 0
1730 -0.004336738571271272 0.1773615576207261 -0
1731 0.01390934155437872 0.006488695978406961 0
1732 -0.008835921675965006 0.006683267190372078 -0
1733 0.006278925242492487 0.1714368277001136 0
1734 -0.03596473996977438 0.03508206467490998 -0
1735 -0.005384793554854137 0.004772014431704676 -0
1736 -0.03799753488377716 0.0759914096893918 -0
1737 -0.01140951141383184 -0.06072071170615588 0
1738 0.0007398664606004547 -0.07587988462279874 0
1739 0.01314051697485436 0.0009849681860136963 0
1740 -0.006963861399476001 0.1277261810123091 -0
1741 0.007715619210682677 0.02962397505081868 0
1742 -0.01574399598379128 0.07235171221092607 -0
1743 0.01603532057800795 0.06425699990283977 0
1744 0.007198726271616304 0.07907645912859265 0
1745 0.007454025802375605 0.03756733217685009 0
1746 -0.01932821149520697 0.07022333472690198 -0
1747 -0.01533894320853843 -0.01216196783160303 0
1748 0.01609017970481772 0.01506457341501964 0
1749 0.04833993434466019 0.0594205343200058 0
1750 0.01630755194946211 0.02504716229584185 0
1751 -0.01324999999999999 0.005988372093021614 -0
1752 0.01205124393056094 -0.08277825637636983 0
1753 0.01560266012231176 0.0593822999391753 0
1754 -0.02908396783871179 0.05022837270686723 -0
1755 -0.003869400679082901 0.0264658261242032 -0
1756 0.01639606124914356 0.0425581395349782 0
1757 0.0005536220176215468 -0.0241544665148641 0
1758 -0.01496352360528549 -0.001752542367242185 0
1759 0.007725361764913697 0.01644862280137787 0
1760 0.06952308246076806 -0.02802462461863348 0
1761 -0.002803148724980404 -0.009368382269612183 0
1762 0.004967098757784265 0.002039462352296871 0
1763 -0.008127528603762139 0.01317735545050081 -0
1764 0.03936340011784812 0.0725256343655476 0
1765 0.004816817624469677 0.01154376801803181 0
1766 -0.02281278908525795 0.0680841238653223 -0
1767 0.02080004724607293 0.05704306442328633 0
1768 0.005347982123477195 0.1940269920607033 0
1769 0.00386285981439225 -0.04051789000358423 0
1770 0.006696927590390325 0.007114354117062178 0
1771 -0.01607482328658042 0.002990896046847882 -0
1772 -0.002649535118261724 0.03020948552691666 -0
1773 -0.0453998858933576 0.03714508992822794 -0
1774 -0.01663889084285235 0.02526565134065317 -0
1775 0.01404566516380747 0.08858814431852113 0
1776 -0.01395520293782815 0.08854793064710997 -0
1777 0.007443482507622735 0.02746508750520391 0
1778 0.006898443295851859 0.08750440931953063 0
1779 -0.01623497667307763 0.05435872962562213 -0
1780 -0.003458303914659432 -0.002293727656425226 0
1781 -0.05142191469474999 -0.07658917826908578 0
1782 0.03381940042958777 -0.05677463625001265 0
1783 -0.007544030013313111 0.03479452054801602 -0
1784 -0.008113870842989939 0.01474624810989206 -0
1785 0.0003408847330709972 -0.03703536429120526 0
1786 -0.050586110614286 0.06397295497383067 -0
1787 -0.02436259104170369 0.03314183648664382 -0
1788 0.03378488514036725 0.06747538421165081 0
1789 0.02906028647627592 -0.08660752170422735 0
1790 -0.01566563907036498 0.04963518324093351 -0
1791 -0.01793276450555716 0.07567390831063114 -0
1792 -0.0274833446215092 -0.08335986107183979 0
1793 -0.02992328328309957 -0.08004896068915776 0
1794 -0.02903197182388941 -0.08668651325857366 0
1795 0.07173965207969603 0.02237214963801868 0
1796 -0.0252601654935867 0.04089989669600783 -0
1797 0.003876894358715504 0.2236659292374665 0
1798 0.0234733332919118 0.008255469967666107 0
1799 -0.02064390565028505 0.07388103838932362 -0
1800 -0.006087780143320154 0.1870496755902504 -0
1801 -0.005719534235948084 -0.01282290263884886 0
1802 -0.0209753870063325 0.007330850831715259 -0
1803 0.003658638103307197 0.006206786200182971 0
1804 -0.005176101014849295 0.0003888735586854057 -0
1805 -0.01593861297549186 0.07616279069763622 -0
1806 -0.01817509530858779 0.00506576407254043 -0
1807 -0.01737721040799823 -0.08590004834445703 0
1808 -0.01260138657969125 0.001560102977507679 -0
1809 -0.007544635369617902 0.07680852614211604 -0
1810 -0.01355212178271355 0.007837594939184424 -0
1811 0.01992926539499476 0.005413130561721722 0
1812 0.001296730460774439 -0.0719226281214823 0
1813 -0.03073889278579647 -0.03701582317817724 0
1814 0.00735831752909546 0.1101146850950491 0
1815 0.01632285256776965 0.009594499944099196 0
1816 0.03131331405071001 0.07888884315460072 0
1817 -0.003563625535936042 0.0002132800440778841 -0
1818 -0.01000431533826853 0.002681247608496693 -0
1819 -0.002398732433576012 -0.0007043313936749163 0
1820 -0.002103133829972074 -0.00135160204691759 0
1821 -0.001637151830023031 -0.001889373940080664 0
1822 -0.001038537524888489 -0.002274079991865002 0
1823 -0.0003557870853473238 -0.002474553606188526 0
1824 0.0003557871061071851 -0.00247455360320336 0
1825 0.001038537540073661 -0.002274079984929058 0
1826 0.001637151839838286 -0.001889373931573594 0
1827 0.002103133834451366 -0.001351602039943899 0
1828 0.002398732434661637 -0.0007043313899693434 0
1829 -0.001918985946861011 -0.0005634651149399377 0
1830 -0.00168250706397786 -0.001081281637534081 0
1831 -0.001309721464018622 -0.001511499152064544 0
1832 -0.0008308300199109848 -0.001819263993492017 0
1833 -0.0002846296682780479 -0.001979642884950838 0
1834 0.0002846296848855643 -0.001979642882562705 0
1835 0.0008308300320587498 -0.001819263987943262 0
1836 0.001309721471870454 -0.001511499145258888 0
1837 0.00168250706756092 -0.001081281631955129 0
1838 0.00191898594772914 -0.0005634651119754794 0
1839 -0.002398732434664066 0.0007043313899693434 0
1840 -0.002103133834453793 0.001351602039943899 0
1841 -0.001637151839840713 0.001889373931573594 0
1842 -0.001038537540076089 0.002274079984929058 0
1843 -0.0003557871061096134 0.00247455360320336 0
1844 0.0003557870853448962 0.002474553606188526 0
1845 0.001038537524886062 0.002274079991865002 0
1846 0.001637151830020603 0.001889373940080664 0
1847 0.002103133829969646 0.00135160204691759 0
1848 0.002398732433573583 0.0007043313936749163 0
1849 -0.001918985947731455 0.0005634651119754794 0
1850 -0.001682507067563235 0.001081281631955129 0
1851 -0.001309721471872769 0.001511499145258888 0
1852 -0.0008308300320610646 0.001819263987943262 0
1853 -0.0002846296848878793 0.001979642882562705 0
1854 0.0002846296682757331 0.001979642884950838 0
1855 0.0008308300199086697 0.001819263993492017 0
1856 0.001309721464016307 0.001511499152064544 0
1857 0.001682507063975545 0.001081281637534081 0
1858 0.001918985946858696 0.0005634651149399377 0
$EndNodes
$Elements
3716
1 1 2 6 1 5 49
2 1 2 6 1 49 50
3 1 2 6 1 50 51
4 1 2 6 1 51 52
5 1 2 6 1 52 53
6 1 2 6 1 53 54
7 1 2 6 1 54 15
8 1 2 6 2 16 55
9 1 2 6 2 55 56
10 1 2 6 2 56 57
11 1 2 6 2 57 58
12 1 2 6 2 58 59
13 1 2 6 2 59 60
14 1 2 6 2 60 6
15 1 2 6 3 6 61
16 1 2 6 3 61 62
17 1 2 6 3 62 63
18 1 2 6 3 63 64
19 1 2 6 3 64 7
20 1 2 6 4 8 65
21 1 2 6 4 65 66
22 1 2 6 4 66 67
23 1 2 6 4 67 68
24 1 2 6 4 68 5
25 1 2 4 6 2 71
26 1 2 4 6 71 72
27 1 2 4 6 72 73
28 1 2 4 6 73 74
29 1 2 4 6 74 75
30 1 2 4 6 75 76
31 1 2 4 6 76 77
32 1 2 4 6 77 78
33 1 2 4 6 78 79
34 1 2 4 6 79 80
35 1 2 4 6 80 3
36 1 2 4 8 3 83
37 1 2 4 8 83 84
38 1 2 4 8 84 85
39 1 2 4 8 85 86
40 1 2 4 8 86 87
41 1 2 4 8 87 88
42 1 2 4 8 88 89
43 1 2 4 8 89 90
44 1 2 4 8 90 91
45 1 2 4 8 91 92
46 1 2 4 8 92 2
47 1 2 6 20 7 113
48 1 2 6 20 113 114
49 1 2 6 20 114 115
50 1 2 6 20 115 116
51 1 2 6 20 116 117
52 1 2 6 20 117 118
53 1 2 6 20 118 119
54 1 2 6 20 119 17
55 1 2 3 21 17 120
56 1 2 3 21 120 121
57 1 2 3 21 121 122
58 1 2 3 21 122 123
59 1 2 3 21 123 124
60 1 2 3 21 124 125
61 1 2 3 21 125 126
62 1 2 3 21 126 127
63 1 2 3 21 127 128
64 1 2 3 21 128 129
65 1 2 3 21 129 130
66 1 2 3 21 130 131
67 1 2 3 21 131 132
68 1 2 3 21 132 133
69 1 2 3 21 133 134
70 1 2 3 21 134 135
71 1 2 3 21 135 136
72 1 2 3 21 136 137
73 1 2 3 21 137 138
74 1 2 3 21 138 139
75 1 2 3 21 139 140
76 1 2 3 21 140 141
77 1 2 3 21 141 142
78 1 2 3 21 142 143
79 1 2 3 21 143 144
80 1 2 3 21 144 145
81 1 2 3 21 145 146
82 1 2 3 21 146 147
83 1 2 3 21 147 148
84 1 2 3 21 148 149
85 1 2 3 21 149 150
86 1 2 3 21 150 151
87 1 2 3 21 151 152
88 1 2 3 21 152 153
89 1 2 3 21 153 154
90 1 2 3 21 154 155
91 1 2 3 21 155 156
92 1 2 3 21 156 157
93 1 2 3 21 157 158
94 1 2 3 21 158 159
95 1 2 3 21 159 160
96 1 2 3 21 160 161
97 1 2 3 21 161 18
98 1 2 3 22 18 19
99 1 2 3 23 19 162
100 1 2 3 23 162 163
101 1 2 3 23 163 164
102 1 2 3 23 164 165
103 1 2 3 23 165 166
104 1 2 3 23 166 167
105 1 2 3 23 167 168
106 1 2 3 23 168 169
107 1 2 3 23 169 170
108 1 2 3 23 170 171
109 1 2 3 23 171 172
110 1 2 3 23 172 173
111 1 2 3 23 173 174
112 1 2 3 23 174 175
113 1 2 3 23 175 176
114 1 2 3 23 176 177
115 1 2 3 23 177 178
116 1 2 3 23 178 179
117 1 2 3 23 179 180
118 1 2 3 23 180 181
119 1 2 3 23 181 182
120 1 2 3 23 182 183
121 1 2 3 23 183 184
122 1 2 3 23 184 185
123 1 2 3 23 185 186
124 1 2 3 23 186 187
125 1 2 3 23 187 188
126 1 2 3 23 188 189
127 1 2 3 23 189 190
128 1 2 3 23 190 191
129 1 2 3 23 191 192
130 1 2 3 23 192 193
131 1 2 3 23 193 194
132 1 2 3 23 194 195
133 1 2 3 23 195 196
134 1 2 3 23 196 197
135 1 2 3 23 197 198
136 1 2 3 23 198 199
137 1 2 3 23 199 200
138 1 2 3 23 200 201
139 1 2 3 23 201 202
140 1 2 3 23 202 203
141 1 2 3 23 203 204
142 1 2 3 23 204 205
143 1 2 3 23 205 206
144 1 2 3 23 206 207
145 1 2 3 23 207 208
146 1 2 3 23 208 209
147 1 2 3 23 209 210
148 1 2 3 23 210 211
149 1 2 3 23 211 212
150 1 2 3 23 212 213
151 1 2 3 23 213 214
152 1 2 3 23 214 215
153 1 2 3 23 215 216
154 1 2 3 23 216 217
155 1 2 3 23 217 218
156 1 2 3 23 218 219
157 1 2 3 23 219 220
158 1 2 3 23 220 221
159 1 2 3 23 221 222
160 1 2 3 23 222 223
161 1 2 3 23 223 224
162 1 2 3 23 224 225
163 1 2 3 23 225 226
164 1 2 3 23 226 227
165 1 2 3 23 227 228
166 1 2 3 23 228 229
167 1 2 3 23 229 230
168 1 2 3 23 230 231
169 1 2 3 23 231 232
170 1 2 3 23 232 233
171 1 2 3 23 233 47
172 1 2 1 24 20 234
173 1 2 1 24 234 235
174 1 2 1 24 235 21
175 1 2 3 25 48 236
176 1 2 3 25 236 237
177 1 2 3 25 237 238
178 1 2 3 25 238 239
179 1 2 3 25 239 240
180 1 2 3 25 240 241
181 1 2 3 25 241 242
182 1 2 3 25 242 243
183 1 2 3 25 243 244
184 1 2 3 25 244 245
185 1 2 3 25 245 246
186 1 2 3 25 246 247
187 1 2 3 25 247 248
188 1 2 3 25 248 249
189 1 2 3 25 249 250
190 1 2 3 25 250 251
191 1 2 3 25 251 252
192 1 2 3 25 252 253
193 1 2 3 25 253 254
194 1 2 3 25 254 255
195 1 2 3 25 255 256
196 1 2 3 25 256 257
197 1 2 3 25 257 258
198 1 2 3 25 258 259
199 1 2 3 25 259 260
200 1 2 3 25 260 261
201 1 2 3 25 261 262
202 1 2 3 25 262 263
203 1 2 3 25 263 264
204 1 2 3 25 264 265
205 1 2 3 25 265 266
206 1 2 3 25 266 267
207 1 2 3 25 267 268
208 1 2 3 25 268 269
209 1 2 3 25 269 270
210 1 2 3 25 270 271
211 1 2 3 25 271 272
212 1 2 3 25 272 273
213 1 2 3 25 273 274
214 1 2 3 25 274 275
215 1 2 3 25 275 276
216 1 2 3 25 276 277
217 1 2 3 25 277 278
218 1 2 3 25 278 279
219 1 2 3 25 279 280
220 1 2 3 25 280 281
221 1 2 3 25 281 282
222 1 2 3 25 282 283
223 1 2 3 25 283 284
224 1 2 3 25 284 285
225 1 2 3 25 285 286
226 1 2 3 25 286 287
227 1 2 3 25 287 288
228 1 2 3 25 288 289
229 1 2 3 25 289 290
230 1 2 3 25 290 291
231 1 2 3 25 291 292
232 1 2 3 25 292 293
233 1 2 3 25 293 294
234 1 2 3 25 294 295
235 1 2 3 25 295 296
236 1 2 3 25 296 297
237 1 2 3 25 297 298
238 1 2 3 25 298 299
239 1 2 3 25 299 300
240 1 2 3 25 300 301
241 1 2 3 25 301 302
242 1 2 3 25 302 303
243 1 2 3 25 303 304
244 1 2 3 25 304 305
245 1 2 3 25 305 306
246 1 2 3 25 306 307
247 1 2 3 25 307 22
248 1 2 3 26 22 23
249 1 2 3 27 23 308
250 1 2 3 27 308 309
251 1 2 3 27 309 310
252 1 2 3 27 310 311
253 1 2 3 27 311 312
254 1 2 3 27 312 313
255 1 2 3 27 313 314
256 1 2 3 27 314 315
257 1 2 3 27 315 316
258 1 2 3 27 316 317
259 1 2 3 27 317 318
260 1 2 3 27 318 319
261 1 2 3 27 319 320
262 1 2 3 27 320 321
263 1 2 3 27 321 322
264 1 2 3 27 322 323
265 1 2 3 27 323 324
266 1 2 3 27 324 325
267 1 2 3 27 325 326
268 1 2 3 27 326 327
269 1 2 3 27 327 328
270 1 2 3 27 328 329
271 1 2 3 27 329 330
272 1 2 3 27 330 331
273 1 2 3 27 331 332
274 1 2 3 27 332 333
275 1 2 3 27 333 334
276 1 2 3 27 334 335
277 1 2 3 27 335 336
278 1 2 3 27 336 337
279 1 2 3 27 337 338
280 1 2 3 27 338 339
281 1 2 3 27 339 340
282 1 2 3 27 340 341
283 1 2 3 27 341 342
284 1 2 3 27 342 343
285 1 2 3 27 343 344
286 1 2 3 27 344 345
287 1 2 3 27 345 346
288 1 2 3 27 346 347
289 1 2 3 27 347 348
290 1 2 3 27 348 349
291 1 2 3 27 349 24
292 1 2 6 28 24 350
293 1 2 6 28 350 351
294 1 2 6 28 351 352
295 1 2 6 28 352 353
296 1 2 6 28 353 354
297 1 2 6 28 354 355
298 1 2 6 28 355 356
299 1 2 6 28 356 8
300 1 2 5 31 15 357
301 1 2 5 31 357 358
302 1 2 5 31 358 359
303 1 2 5 31 359 360
304 1 2 5 31 360 361
305 1 2 5 31 361 362
306 1 2 5 31 362 363
307 1 2 5 31 363 364
308 1 2 5 31 364 365
309 1 2 5 31 365 366
310 1 2 5 31 366 367
311 1 2 5 31 367 368
312 1 2 5 31 368 369
313 1 2 5 31 369 16
314 1 2 2 83 47 370
315 1 2 2 83 370 371
316 1 2 2 83 371 372
317 1 2 2 83 372 373
318 1 2 2 83 373 374
319 1 2 2 83 374 375
320 1 2 2 83 375 376
321 1 2 2 83 376 377
322 1 2 2 83 377 378
323 1 2 2 83 378 379
324 1 2 2 83 379 380
325 1 2 2 83 380 381
326 1 2 2 83 381 382
327 1 2 2 83 382 383
328 1 2 2 83 383 384
329 1 2 2 83 384 385
330 1 2 2 83 385 386
331 1 2 2 83 386 387
332 1 2 2 83 387 388
333 1 2 2 83 388 389
334 1 2 2 83 389 390
335 1 2 2 83 390 391
336 1 2 2 83 391 392
337 1 2 2 83 392 393
338 1 2 2 83 393 394
339 1 2 2 83 394 395
340 1 2 2 83 395 396
341 1 2 2 83 396 397
342 1 2 2 83 397 398
343 1 2 2 83 398 399
344 1 2 2 83 399 400
345 1 2 2 83 400 401
346 1 2 2 83 401 402
347 1 2 2 83 402 403
348 1 2 2 83 403 20
349 1 2 2 84 21 404
350 1 2 2 84 404 405
351 1 2 2 84 405 406
352 1 2 2 84 406 407
353 1 2 2 84 407 408
354 1 2 2 84 408 409
355 1 2 2 84 409 410
356 1 2 2 84 410 411
357 1 2 2 84 411 412
358 1 2 2 84 412 413
359 1 2 2 84 413 414
360 1 2 2 84 414 415
361 1 2 2 84 415 416
362 1 2 2 84 416 417
363 1 2 2 84 417 418
364 1 2 2 84 418 419
365 1 2 2 84 419 420
366 1 2 2 84 420 421
367 1 2 2 84 421 422
368 1 2 2 84 422 423
369 1 2 2 84 423 424
370 1 2 2 84 424 425
371 1 2 2 84 425 426
372 1 2 2 84 426 427
373 1 2 2 84 427 428
374 1 2 2 84 428 429
375 1 2 2 84 429 430
376 1 2 2 84 430 431
377 1 2 2 84 431 432
378 1 2 2 84 432 433
379 1 2 2 84 433 434
380 1 2 2 84 434 435
381 1 2 2 84 435 436
382 1 2 2 84 436 437
383 1 2 2 84 437 48
384 2 2 7 201 1601 515 1696
385 2 2 7 201 904 905 1773
386 2 2 7 201 9 22 307
387 2 2 7 201 19 10 162
388 2 2 7 201 777 1004 1147
389 2 2 7 201 1225 1224 1283
390 2 2 7 201 732 730 849
391 2 2 7 201 1261 40 1670
392 2 2 7 201 972 974 975
393 2 2 7 201 1312 639 1446
394 2 2 7 201 899 812 1531
395 2 2 7 201 1030 1134 1355
396 2 2 7 201 1343 648 1503
397 2 2 7 201 1047 495 1049
398 2 2 7 201 5 68 989
399 2 2 7 201 37 1401 1402
400 2 2 7 201 598 911 1015
401 2 2 7 201 493 1312 1446
402 2 2 7 201 625 1291 1723
403 2 2 7 201 1498 669 1719
404 2 2 7 201 977 975 1175
405 2 2 7 201 1336 608 1474
406 2 2 7 201 857 950 987
407 2 2 7 201 880 1184 1738
408 2 2 7 201 878 891 892
409 2 2 7 201 500 1170 1212
410 2 2 7 201 552 1357 1790
411 2 2 7 201 7 64 1514
412 2 2 7 201 1049 495 1066
413 2 2 7 201 762 1005 1737
414 2 2 7 201 25 1276 1381
415 2 2 7 201 1265 1267 1490
416 2 2 7 201 65 8 951
417 2 2 7 201 866 568 1144
418 2 2 7 201 386 385 1066
419 2 2 7 201 966 968 1767
420 2 2 7 201 1052 1054 1081
421 2 2 7 201 1324 606 1504
422 2 2 7 201 964 983 1582
423 2 2 7 201 502 1126 1157
424 2 2 7 201 714 713 991
425 2 2 7 201 878 757 891
426 2 2 7 201 873 610 989
427 2 2 7 201 1255 1498 1719
428 2 2 7 201 498 1265 1490
429 2 2 7 201 1412 507 1413
430 2 2 7 201 943 1139 1140
431 2 2 7 201 1370 438 1748
432 2 2 7 201 31 1336 1474
433 2 2 7 201 1170 500 1171
434 2 2 7 201 681 676 918
435 2 2 7 201 1135 472 1386
436 2 2 7 201 61 6 1689
437 2 2 7 201 857 854 950
438 2 2 7 201 601 958 1698
439 2 2 7 201 1430 1423 1726
440 2 2 7 201 568 866 1193
441 2 2 7 201 64 622 1614
442 2 2 7 201 895 462 1107
443 2 2 7 201 676 464 918
444 2 2 7 201 439 1522 1567
445 2 2 7 201 1161 439 1567
446 2 2 7 201 1184 749 1738
447 2 2 7 201 1139 943 1810
448 2 2 7 201 909 1280 1281
449 2 2 7 201 1575 1178 1661
450 2 2 7 201 1562 762 1737
451 2 2 7 201 1535 1534 1542
452 2 2 7 201 849 730 1179
453 2 2 7 201 1368 439 1610
454 2 2 7 201 1433 37 1481
455 2 2 7 201 1519 446 1605
456 2 2 7 201 1401 37 1403
457 2 2 7 201 1532 1385 1586
458 2 2 7 201 656 1441 1487
459 2 2 7 201 43 1075 1236
460 2 2 7 201 1633 551 1753
461 2 2 7 201 898 440 1176
462 2 2 7 201 1433 1481 1683
463 2 2 7 201 1533 448 1535
464 2 2 7 201 450 986 1361
465 2 2 7 201 976 1543 1756
466 2 2 7 201 26 922 930
467 2 2 7 201 1004 726 1147
468 2 2 7 201 507 1412 1447
469 2 2 7 201 881 463 1110
470 2 2 7 201 1431 607 1482
471 2 2 7 201 999 605 1038
472 2 2 7 201 26 919 922
473 2 2 7 201 1541 445 1651
474 2 2 7 201 1524 981 1750
475 2 2 7 201 897 306 1690
476 2 2 7 201 601 957 958
477 2 2 7 201 621 65 1115
478 2 2 7 201 1569 851 1570
479 2 2 7 201 818 470 1617
480 2 2 7 201 929 27 1313
481 2 2 7 201 1245 42 1247
482 2 2 7 201 945 1210 1747
483 2 2 7 201 1344 1119 1467
484 2 2 7 201 465 671 1611
485 2 2 7 201 1369 1010 1748
486 2 2 7 201 1163 1162 1610
487 2 2 7 201 1012 44 1187
488 2 2 7 201 863 570 1354
489 2 2 7 201 869 12 1209
490 2 2 7 201 1312 493 1595
491 2 2 7 201 35 1422 1434
492 2 2 7 201 1016 858 1021
493 2 2 7 201 936 939 944
494 2 2 7 201 755 732 849
495 2 2 7 201 1264 1265 1486
496 2 2 7 201 986 450 1633
497 2 2 7 201 1418 509 1419
498 2 2 7 201 796 710 1380
499 2 2 7 201 1162 1528 1610
500 2 2 7 201 911 598 912
501 2 2 7 201 599 67 1701
502 2 2 7 201 847 836 871
503 2 2 7 201 445 1544 1545
504 2 2 7 201 1162 1163 1530
505 2 2 7 201 1441 35 1487
506 2 2 7 201 853 788 1207
507 2 2 7 201 665 931 1714
508 2 2 7 201 1135 1386 1808
509 2 2 7 201 639 1312 1460
510 2 2 7 201 847 871 914
511 2 2 7 201 810 799 850
512 2 2 7 201 1529 1162 1530
513 2 2 7 201 495 1047 1101
514 2 2 7 201 1540 445 1545
515 2 2 7 201 1628 13 1731
516 2 2 7 201 706 704 1575
517 2 2 7 201 962 964 1582
518 2 2 7 201 32 1343 1503
519 2 2 7 201 674 675 677
520 2 2 7 201 785 821 1747
521 2 2 7 201 625 900 1291
522 2 2 7 201 717 714 991
523 2 2 7 201 411 410 1092
524 2 2 7 201 605 999 1039
525 2 2 7 201 764 1181 1183
526 2 2 7 201 385 513 1066
527 2 2 7 201 1153 653 1293
528 2 2 7 201 828 829 874
529 2 2 7 201 1355 1134 1589
530 2 2 7 201 599 947 1604
531 2 2 7 201 972 975 977
532 2 2 7 201 907 1631 1734
533 2 2 7 201 1197 816 1626
534 2 2 7 201 1265 498 1486
535 2 2 7 201 710 712 1380
536 2 2 7 201 66 621 1114
537 2 2 7 201 906 952 1587
538 2 2 7 201 878 892 895
539 2 2 7 201 1498 1255 1676
540 2 2 7 201 704 1178 1575
541 2 2 7 201 1090 626 1091
542 2 2 7 201 779 752 956
543 2 2 7 201 307 306 652
544 2 2 7 201 32 1325 1326
545 2 2 7 201 1054 1061 1081
546 2 2 7 201 1075 1076 1236
547 2 2 7 201 896 895 1107
548 2 2 7 201 40 1463 1679
549 2 2 7 201 66 65 621
550 2 2 7 201 1435 1601 1696
551 2 2 7 201 760 758 949
552 2 2 7 201 677 675 868
553 2 2 7 201 845 840 1766
554 2 2 7 201 814 1208 1531
555 2 2 7 201 1261 1255 1719
556 2 2 7 201 33 1118 1489
557 2 2 7 201 1120 31 1474
558 2 2 7 201 607 1431 1439
559 2 2 7 201 812 899 1583
560 2 2 7 201 1295 1138 1808
561 2 2 7 201 829 833 874
562 2 2 7 201 1126 1067 1157
563 2 2 7 201 306 305 1690
564 2 2 7 201 608 1336 1450
565 2 2 7 201 822 1214 1565
566 2 2 7 201 533 567 957
567 2 2 7 201 635 1103 1662
568 2 2 7 201 1174 662 1367
569 2 2 7 201 752 745 956
570 2 2 7 201 850 799 1003
571 2 2 7 201 1422 35 1643
572 2 2 7 201 956 749 1184
573 2 2 7 201 829 831 833
574 2 2 7 201 1231 455 1667
575 2 2 7 201 902 113 1018
576 2 2 7 201 470 680 1617
577 2 2 7 201 872 1571 1718
578 2 2 7 201 900 466 1291
579 2 2 7 201 1171 500 1275
580 2 2 7 201 34 1337 1442
581 2 2 7 201 687 691 948
582 2 2 7 201 1126 502 1800
583 2 2 7 201 845 1225 1283
584 2 2 7 201 512 352 835
585 2 2 7 201 648 1343 1469
586 2 2 7 201 1571 695 1718
587 2 2 7 201 975 979 1517
588 2 2 7 201 889 115 1647
589 2 2 7 201 980 1009 1106
590 2 2 7 201 606 1324 1344
591 2 2 7 201 1632 1019 1645
592 2 2 7 201 32 1326 1327
593 2 2 7 201 666 66 1114
594 2 2 7 201 1144 568 1200
595 2 2 7 201 645 1389 1744
596 2 2 7 201 1262 1261 1670
597 2 2 7 201 570 863 1229
598 2 2 7 201 446 1517 1605
599 2 2 7 201 622 64 1795
600 2 2 7 201 27 929 1602
601 2 2 7 201 1506 491 1722
602 2 2 7 201 975 974 979
603 2 2 7 201 1094 589 1122
604 2 2 7 201 919 26 1356
605 2 2 7 201 1267 668 1490
606 2 2 7 201 29 1451 1629
607 2 2 7 201 1005 762 1563
608 2 2 7 201 1062 484 1082
609 2 2 7 201 944 939 953
610 2 2 7 201 757 750 891
611 2 2 7 201 61 1702 1760
612 2 2 7 201 952 906 1631
613 2 2 7 201 964 966 982
614 2 2 7 201 1702 598 1760
615 2 2 7 201 1347 658 1471
616 2 2 7 201 769 755 776
617 2 2 7 201 660 870 1019
618 2 2 7 201 904 621 1115
619 2 2 7 201 422 421 1082
620 2 2 7 201 828 874 1550
621 2 2 7 201 1241 1242 1256
622 2 2 7 201 42 1245 1256
623 2 2 7 201 557 635 1662
624 2 2 7 201 870 660 1611
625 2 2 7 201 38 1405 1414
626 2 2 7 201 603 1092 1094
627 2 2 7 201 1291 864 1723
628 2 2 7 201 1062 1052 1081
629 2 2 7 201 855 858 1570
630 2 2 7 201 671 803 1611
631 2 2 7 201 462 895 1681
632 2 2 7 201 658 1347 1462
633 2 2 7 201 484 1062 1081
634 2 2 7 201 888 1235 1297
635 2 2 7 201 1163 1165 1530
636 2 2 7 201 30 1494 1505
637 2 2 7 201 957 567 958
638 2 2 7 201 495 386 1066
639 2 2 7 201 1134 1030 1372
640 2 2 7 201 466 900 1690
641 2 2 7 201 1214 822 1609
642 2 2 7 201 863 690 1632
643 2 2 7 201 862 1604 1813
644 2 2 7 201 1153 827 1180
645 2 2 7 201 1431 517 1432
646 2 2 7 201 626 1090 1092
647 2 2 7 201 1029 759 1729
648 2 2 7 201 603 411 1092
649 2 2 7 201 117 511 828
650 2 2 7 201 451 1153 1293
651 2 2 7 201 445 1540 1651
652 2 2 7 201 116 115 889
653 2 2 7 201 1125 481 1158
654 2 2 7 201 1047 1046 1101
655 2 2 7 201 969 972 1580
656 2 2 7 201 463 881 1638
657 2 2 7 201 800 812 1583
658 2 2 7 201 1339 1337 1591
659 2 2 7 201 817 816 1197
660 2 2 7 201 1517 1532 1586
661 2 2 7 201 1616 944 1758
662 2 2 7 201 794 898 1176
663 2 2 7 201 828 511 829
664 2 2 7 201 810 850 1590
665 2 2 7 201 739 722 990
666 2 2 7 201 882 881 1110
667 2 2 7 201 888 43 1235
668 2 2 7 201 119 867 1775
669 2 2 7 201 866 350 1776
670 2 2 7 201 118 828 867
671 2 2 7 201 603 1094 1692
672 2 2 7 201 1442 1436 1778
673 2 2 7 201 781 881 882
674 2 2 7 201 667 947 1701
675 2 2 7 201 535 533 957
676 2 2 7 201 28 1305 1709
677 2 2 7 201 1004 777 1737
678 2 2 7 201 750 773 891
679 2 2 7 201 846 838 1799
680 2 2 7 201 1267 1268 1612
681 2 2 7 201 1282 1640 1754
682 2 2 7 201 949 758 1520
683 2 2 7 201 1280 909 1286
684 2 2 7 201 836 835 871
685 2 2 7 201 1447 1412 1679
686 2 2 7 201 664 62 1760
687 2 2 7 201 598 1015 1016
688 2 2 7 201 510 1006 1496
689 2 2 7 201 1002 541 1662
690 2 2 7 201 37 1127 1481
691 2 2 7 201 1129 27 1475
692 2 2 7 201 1130 38 1477
693 2 2 7 201 838 836 847
694 2 2 7 201 561 563 961
695 2 2 7 201 833 831 834
696 2 2 7 201 1591 645 1744
697 2 2 7 201 833 834 1219
698 2 2 7 201 1065 1125 1158
699 2 2 7 201 891 773 893
700 2 2 7 201 840 838 846
701 2 2 7 201 1493 1494 1684
702 2 2 7 201 439 1161 1610
703 2 2 7 201 1357 1691 1790
704 2 2 7 201 565 1038 1299
705 2 2 7 201 842 840 845
706 2 2 7 201 835 352 1686
707 2 2 7 201 1124 570 1229
708 2 2 7 201 1304 929 1313
709 2 2 7 201 652 306 897
710 2 2 7 201 936 938 939
711 2 2 7 201 776 849 960
712 2 2 7 201 1315 1316 1317
713 2 2 7 201 519 1077 1167
714 2 2 7 201 1423 36 1726
715 2 2 7 201 1100 1152 1634
716 2 2 7 201 1006 1177 1496
717 2 2 7 201 1152 623 1634
718 2 2 7 201 44 1156 1187
719 2 2 7 201 1195 1160 1568
720 2 2 7 201 991 1665 1785
721 2 2 7 201 1087 1094 1122
722 2 2 7 201 686 819 988
723 2 2 7 201 11 1575 1661
724 2 2 7 201 509 1418 1502
725 2 2 7 201 636 1039 1173
726 2 2 7 201 1142 1453 1668
727 2 2 7 201 1350 1506 1722
728 2 2 7 201 40 1261 1719
729 2 2 7 201 939 940 1802
730 2 2 7 201 1232 1231 1667
731 2 2 7 201 1247 42 1257
732 2 2 7 201 1077 1195 1568
733 2 2 7 201 26 930 1777
734 2 2 7 201 1133 1641 1650
735 2 2 7 201 1315 29 1316
736 2 2 7 201 1365 981 1516
737 2 2 7 201 1038 565 1765
738 2 2 7 201 1075 43 1700
739 2 2 7 201 484 422 1082
740 2 2 7 201 522 628 1014
741 2 2 7 201 554 1078 1083
742 2 2 7 201 624 897 900
743 2 2 7 201 1538 1535 1542
744 2 2 7 201 1439 33 1489
745 2 2 7 201 867 1194 1775
746 2 2 7 201 1193 866 1776
747 2 2 7 201 781 778 881
748 2 2 7 201 1063 481 1125
749 2 2 7 201 776 755 849
750 2 2 7 201 620 1413 1456
751 2 2 7 201 12 869 1375
752 2 2 7 201 867 828 1550
753 2 2 7 201 164 501 992
754 2 2 7 201 859 45 1607
755 2 2 7 201 46 860 1608
756 2 2 7 201 1462 1347 1595
757 2 2 7 201 690 863 1354
758 2 2 7 201 814 1020 1208
759 2 2 7 201 67 66 666
760 2 2 7 201 980 1008 1009
761 2 2 7 201 982 984 1373
762 2 2 7 201 686 459 819
763 2 2 7 201 983 982 1232
764 2 2 7 201 1315 1317 1341
765 2 2 7 201 63 62 664
766 2 2 7 201 1065 860 1374
767 2 2 7 201 943 1140 1567
768 2 2 7 201 67 666 1701
769 2 2 7 201 996 993 998
770 2 2 7 201 1469 1343 1470
771 2 2 7 201 410 626 1092
772 2 2 7 201 685 687 948
773 2 2 7 201 945 944 1616
774 2 2 7 201 879 878 895
775 2 2 7 201 958 567 1105
776 2 2 7 201 740 750 757
777 2 2 7 201 30 1341 1495
778 2 2 7 201 596 1088 1685
779 2 2 7 201 992 501 998
780 2 2 7 201 1088 596 1584
781 2 2 7 201 1334 1578 1710
782 2 2 7 201 930 924 1006
783 2 2 7 201 1192 569 1550
784 2 2 7 201 1236 1076 1259
785 2 2 7 201 117 116 511
786 2 2 7 201 353 352 512
787 2 2 7 201 753 752 778
788 2 2 7 201 1536 1538 1542
789 2 2 7 201 860 1065 1158
790 2 2 7 201 964 982 983
791 2 2 7 201 908 1660 1734
792 2 2 7 201 1336 1335 1352
793 2 2 7 201 991 713 1290
794 2 2 7 201 1405 38 1635
795 2 2 7 201 1067 859 1157
796 2 2 7 201 1171 1275 1276
797 2 2 7 201 13 18 1731
798 2 2 7 201 1398 1405 1635
799 2 2 7 201 1424 1423 1425
800 2 2 7 201 990 991 1785
801 2 2 7 201 118 117 828
802 2 2 7 201 908 905 1754
803 2 2 7 201 1421 36 1423
804 2 2 7 201 1425 1430 1435
805 2 2 7 201 602 601 612
806 2 2 7 201 1356 26 1367
807 2 2 7 201 1485 1484 1676
808 2 2 7 201 1337 1338 1442
809 2 2 7 201 988 614 1213
810 2 2 7 201 501 163 1173
811 2 2 7 201 1586 976 1756
812 2 2 7 201 613 612 649
813 2 2 7 201 1533 1535 1691
814 2 2 7 201 736 740 876
815 2 2 7 201 895 892 1681
816 2 2 7 201 910 947 1715
817 2 2 7 201 1297 1235 1697
818 2 2 7 201 879 895 896
819 2 2 7 201 941 942 1161
820 2 2 7 201 518 1493 1684
821 2 2 7 201 982 966 984
822 2 2 7 201 119 118 867
823 2 2 7 201 351 350 866
824 2 2 7 201 1413 620 1478
825 2 2 7 201 795 955 1560
826 2 2 7 201 481 1063 1272
827 2 2 7 201 809 764 1183
828 2 2 7 201 29 1347 1471
829 2 2 7 201 877 878 879
830 2 2 7 201 11 1205 1206
831 2 2 7 201 68 67 1708
832 2 2 7 201 722 719 990
833 2 2 7 201 1309 1307 1312
834 2 2 7 201 745 743 956
835 2 2 7 201 990 717 991
836 2 2 7 201 759 795 1729
837 2 2 7 201 569 1194 1550
838 2 2 7 201 1007 665 1008
839 2 2 7 201 719 717 990
840 2 2 7 201 1013 627 1576
841 2 2 7 201 1325 32 1344
842 2 2 7 201 735 736 737
843 2 2 7 201 1517 446 1532
844 2 2 7 201 355 354 474
845 2 2 7 201 115 114 473
846 2 2 7 201 1409 1412 1413
847 2 2 7 201 603 1088 1584
848 2 2 7 201 52 51 457
849 2 2 7 201 58 57 456
850 2 2 7 201 649 1153 1180
851 2 2 7 201 747 745 752
852 2 2 7 201 877 757 878
853 2 2 7 201 1324 1504 1684
854 2 2 7 201 41 1141 1491
855 2 2 7 201 1142 42 1479
856 2 2 7 201 1500 808 1741
857 2 2 7 201 628 1632 1645
858 2 2 7 201 1317 1320 1341
859 2 2 7 201 1214 615 1565
860 2 2 7 201 607 1439 1489
861 2 2 7 201 1276 25 1559
862 2 2 7 201 652 897 1198
863 2 2 7 201 728 734 735
864 2 2 7 201 45 859 1730
865 2 2 7 201 1245 1241 1256
866 2 2 7 201 34 1442 1778
867 2 2 7 201 642 543 1151
868 2 2 7 201 1361 986 1362
869 2 2 7 201 972 973 974
870 2 2 7 201 1409 1413 1414
871 2 2 7 201 1262 1444 1704
872 2 2 7 201 1270 887 1573
873 2 2 7 201 1406 1403 1407
874 2 2 7 201 860 46 1374
875 2 2 7 201 571 525 1013
876 2 2 7 201 753 778 781
877 2 2 7 201 1425 1423 1430
878 2 2 7 201 1021 665 1654
879 2 2 7 201 874 833 1577
880 2 2 7 201 421 554 1082
881 2 2 7 201 611 916 917
882 2 2 7 201 1477 38 1478
883 2 2 7 201 1402 1399 1404
884 2 2 7 201 615 572 654
885 2 2 7 201 492 1420 1437
886 2 2 7 201 1341 30 1663
887 2 2 7 201 558 539 601
888 2 2 7 201 1090 589 1094
889 2 2 7 201 1317 1316 1318
890 2 2 7 201 981 1365 1750
891 2 2 7 201 1398 1401 1405
892 2 2 7 201 1419 509 1499
893 2 2 7 201 897 624 1198
894 2 2 7 201 602 612 613
895 2 2 7 201 1046 506 1101
896 2 2 7 201 1103 1002 1662
897 2 2 7 201 41 1246 1263
898 2 2 7 201 886 1559 1755
899 2 2 7 201 6 60 1689
900 2 2 7 201 871 835 1144
901 2 2 7 201 28 1303 1305
902 2 2 7 201 812 814 1531
903 2 2 7 201 674 464 675
904 2 2 7 201 786 706 1575
905 2 2 7 201 558 601 602
906 2 2 7 201 1173 163 1606
907 2 2 7 201 735 734 736
908 2 2 7 201 778 779 792
909 2 2 7 201 613 649 660
910 2 2 7 201 778 792 881
911 2 2 7 201 1448 1601 1726
912 2 2 7 201 1475 27 1476
913 2 2 7 201 1334 1331 1342
914 2 2 7 201 1650 1294 1739
915 2 2 7 201 1091 626 1093
916 2 2 7 201 642 1151 1706
917 2 2 7 201 654 961 1603
918 2 2 7 201 1088 603 1692
919 2 2 7 201 539 535 957
920 2 2 7 201 743 749 956
921 2 2 7 201 697 707 1718
922 2 2 7 201 1293 653 1366
923 2 2 7 201 721 719 722
924 2 2 7 201 1038 605 1299
925 2 2 7 201 743 737 749
926 2 2 7 201 1422 1424 1434
927 2 2 7 201 1018 64 1614
928 2 2 7 201 163 162 1606
929 2 2 7 201 1082 554 1083
930 2 2 7 201 664 1016 1021
931 2 2 7 201 675 678 868
932 2 2 7 201 1413 507 1456
933 2 2 7 201 43 888 1234
934 2 2 7 201 1039 999 1173
935 2 2 7 201 354 353 1625
936 2 2 7 201 355 474 901
937 2 2 7 201 470 104 674
938 2 2 7 201 470 674 677
939 2 2 7 201 723 726 1004
940 2 2 7 201 681 918 1293
941 2 2 7 201 58 456 916
942 2 2 7 201 682 94 1780
943 2 2 7 201 1397 1400 1415
944 2 2 7 201 456 57 955
945 2 2 7 201 31 1335 1336
946 2 2 7 201 572 561 961
947 2 2 7 201 766 861 1563
948 2 2 7 201 1314 29 1315
949 2 2 7 201 52 457 954
950 2 2 7 201 998 501 999
951 2 2 7 201 747 752 753
952 2 2 7 201 671 469 672
953 2 2 7 201 1248 1247 1249
954 2 2 7 201 162 10 1606
955 2 2 7 201 352 351 1686
956 2 2 7 201 567 531 1190
957 2 2 7 201 856 854 857
958 2 2 7 201 570 558 1354
959 2 2 7 201 922 924 930
960 2 2 7 201 1323 1321 1324
961 2 2 7 201 750 751 773
962 2 2 7 201 662 1112 1367
963 2 2 7 201 1207 1206 1353
964 2 2 7 201 852 788 853
965 2 2 7 201 111 469 671
966 2 2 7 201 859 1067 1730
967 2 2 7 201 93 94 682
968 2 2 7 201 1444 1262 1670
969 2 2 7 201 993 992 998
970 2 2 7 201 564 1041 1042
971 2 2 7 201 876 757 877
972 2 2 7 201 1420 492 1473
973 2 2 7 201 1008 665 1714
974 2 2 7 201 1332 1337 1339
975 2 2 7 201 1276 1559 1655
976 2 2 7 201 803 870 1611
977 2 2 7 201 814 813 1209
978 2 2 7 201 105 464 674
979 2 2 7 201 1171 1276 1655
980 2 2 7 201 731 949 1113
981 2 2 7 201 1332 1339 1340
982 2 2 7 201 1327 1329 1340
983 2 2 7 201 1427 1431 1432
984 2 2 7 201 1128 1507 1745
985 2 2 7 201 996 998 1038
986 2 2 7 201 1422 1423 1424
987 2 2 7 201 649 612 653
988 2 2 7 201 1014 628 1735
989 2 2 7 201 1148 1370 1748
990 2 2 7 201 654 572 961
991 2 2 7 201 409 408 1093
992 2 2 7 201 103 470 818
993 2 2 7 201 1604 947 1813
994 2 2 7 201 1192 1550 1711
995 2 2 7 201 997 709 1116
996 2 2 7 201 517 1431 1482
997 2 2 7 201 1034 894 1729
998 2 2 7 201 621 904 1773
999 2 2 7 201 1403 37 1433
1000 2 2 7 201 564 1040 1041
1001 2 2 7 201 465 110 671
1002 2 2 7 201 979 980 1365
1003 2 2 7 201 873 989 1708
1004 2 2 7 201 1000 666 1588
1005 2 2 7 201 736 876 1812
1006 2 2 7 201 164 163 501
1007 2 2 7 201 614 581 1213
1008 2 2 7 201 573 615 1214
1009 2 2 7 201 1268 39 1612
1010 2 2 7 201 792 793 794
1011 2 2 7 201 1401 1403 1405
1012 2 2 7 201 1470 1340 1744
1013 2 2 7 201 866 1144 1686
1014 2 2 7 201 726 728 1147
1015 2 2 7 201 1246 1247 1248
1016 2 2 7 201 998 999 1038
1017 2 2 7 201 742 737 743
1018 2 2 7 201 440 898 1673
1019 2 2 7 201 950 853 1353
1020 2 2 7 201 778 752 779
1021 2 2 7 201 948 691 1675
1022 2 2 7 201 643 642 864
1023 2 2 7 201 740 741 750
1024 2 2 7 201 1526 1525 1585
1025 2 2 7 201 1410 1407 1418
1026 2 2 7 201 476 948 1675
1027 2 2 7 201 1303 1304 1305
1028 2 2 7 201 1399 1397 1415
1029 2 2 7 201 1010 1527 1748
1030 2 2 7 201 613 660 1019
1031 2 2 7 201 420 419 1084
1032 2 2 7 201 715 785 1380
1033 2 2 7 201 1340 1339 1744
1034 2 2 7 201 1327 1326 1328
1035 2 2 7 201 519 1167 1228
1036 2 2 7 201 464 106 918
1037 2 2 7 201 109 465 827
1038 2 2 7 201 736 738 740
1039 2 2 7 201 1402 1404 1420
1040 2 2 7 201 690 1019 1632
1041 2 2 7 201 779 956 1184
1042 2 2 7 201 1051 1049 1768
1043 2 2 7 201 1258 504 1269
1044 2 2 7 201 720 719 721
1045 2 2 7 201 1049 1066 1768
1046 2 2 7 201 955 795 959
1047 2 2 7 201 1613 985 1614
1048 2 2 7 201 1333 1331 1334
1049 2 2 7 201 601 539 957
1050 2 2 7 201 1410 1418 1419
1051 2 2 7 201 1077 519 1195
1052 2 2 7 201 595 543 642
1053 2 2 7 201 1335 1322 1352
1054 2 2 7 201 1172 654 1603
1055 2 2 7 201 115 473 1647
1056 2 2 7 201 1337 34 1591
1057 2 2 7 201 1246 41 1720
1058 2 2 7 201 503 1111 1112
1059 2 2 7 201 1329 1328 1330
1060 2 2 7 201 32 1119 1344
1061 2 2 7 201 1350 657 1506
1062 2 2 7 201 721 722 723
1063 2 2 7 201 37 1402 1443
1064 2 2 7 201 18 161 1731
1065 2 2 7 201 797 798 1780
1066 2 2 7 201 559 627 1013
1067 2 2 7 201 1078 554 1084
1068 2 2 7 201 107 451 918
1069 2 2 7 201 451 108 827
1070 2 2 7 201 924 926 1006
1071 2 2 7 201 488 487 523
1072 2 2 7 201 1183 884 1693
1073 2 2 7 201 489 490 544
1074 2 2 7 201 10 636 1606
1075 2 2 7 201 701 709 997
1076 2 2 7 201 1221 1222 1746
1077 2 2 7 201 627 1292 1576
1078 2 2 7 201 480 479 487
1079 2 2 7 201 477 478 489
1080 2 2 7 201 356 355 901
1081 2 2 7 201 922 923 924
1082 2 2 7 201 1068 1069 1070
1083 2 2 7 201 1331 1330 1342
1084 2 2 7 201 740 757 876
1085 2 2 7 201 512 835 836
1086 2 2 7 201 856 931 1021
1087 2 2 7 201 527 525 571
1088 2 2 7 201 461 165 992
1089 2 2 7 201 561 544 563
1090 2 2 7 201 59 58 916
1091 2 2 7 201 451 827 1153
1092 2 2 7 201 795 775 959
1093 2 2 7 201 459 4 818
1094 2 2 7 201 1078 1048 1083
1095 2 2 7 201 474 354 1191
1096 2 2 7 201 1363 977 1756
1097 2 2 7 201 792 779 793
1098 2 2 7 201 112 1 1817
1099 2 2 7 201 525 523 1013
1100 2 2 7 201 38 1130 1457
1101 2 2 7 201 27 1129 1459
1102 2 2 7 201 1127 37 1512
1103 2 2 7 201 1128 28 1509
1104 2 2 7 201 490 522 1014
1105 2 2 7 201 984 1633 1753
1106 2 2 7 201 626 409 1093
1107 2 2 7 201 506 1046 1185
1108 2 2 7 201 964 965 966
1109 2 2 7 201 668 1267 1612
1110 2 2 7 201 559 580 627
1111 2 2 7 201 1414 1413 1478
1112 2 2 7 201 1741 808 1777
1113 2 2 7 201 555 1027 1618
1114 2 2 7 201 627 580 1155
1115 2 2 7 201 1406 1407 1408
1116 2 2 7 201 744 743 745
1117 2 2 7 201 114 113 902
1118 2 2 7 201 1235 1237 1238
1119 2 2 7 201 1212 1170 1784
1120 2 2 7 201 986 968 1362
1121 2 2 7 201 564 418 1040
1122 2 2 7 201 725 723 1004
1123 2 2 7 201 969 971 972
1124 2 2 7 201 32 1327 1343
1125 2 2 7 201 564 1042 1084
1126 2 2 7 201 940 941 1802
1127 2 2 7 201 419 564 1084
1128 2 2 7 201 944 1296 1758
1129 2 2 7 201 540 539 558
1130 2 2 7 201 1064 46 1728
1131 2 2 7 201 1405 1403 1406
1132 2 2 7 201 461 992 993
1133 2 2 7 201 1070 1069 1071
1134 2 2 7 201 1631 906 1734
1135 2 2 7 201 459 818 819
1136 2 2 7 201 1045 1048 1078
1137 2 2 7 201 38 1414 1478
1138 2 2 7 201 944 953 1296
1139 2 2 7 201 54 53 496
1140 2 2 7 201 56 55 497
1141 2 2 7 201 418 417 1040
1142 2 2 7 201 391 546 1097
1143 2 2 7 201 401 604 1098
1144 2 2 7 201 399 597 1095
1145 2 2 7 201 393 555 1085
1146 2 2 7 201 637 407 1099
1147 2 2 7 201 397 589 1089
1148 2 2 7 201 389 506 1096
1149 2 2 7 201 502 424 1080
1150 2 2 7 201 408 637 1093
1151 2 2 7 201 1251 1249 1254
1152 2 2 7 201 41 1491 1492
1153 2 2 7 201 57 56 1789
1154 2 2 7 201 995 993 996
1155 2 2 7 201 1308 1307 1309
1156 2 2 7 201 480 487 488
1157 2 2 7 201 1089 1090 1091
1158 2 2 7 201 721 723 725
1159 2 2 7 201 1480 1141 1716
1160 2 2 7 201 53 52 1794
1161 2 2 7 201 735 737 742
1162 2 2 7 201 414 596 1102
1163 2 2 7 201 489 478 490
1164 2 2 7 201 46 1064 1374
1165 2 2 7 201 821 945 1747
1166 2 2 7 201 794 793 898
1167 2 2 7 201 1282 1281 1284
1168 2 2 7 201 823 1448 1726
1169 2 2 7 201 893 773 894
1170 2 2 7 201 1061 1126 1800
1171 2 2 7 201 488 523 525
1172 2 2 7 201 1415 1400 1416
1173 2 2 7 201 935 667 937
1174 2 2 7 201 523 559 1013
1175 2 2 7 201 60 59 611
1176 2 2 7 201 50 49 610
1177 2 2 7 201 392 391 1097
1178 2 2 7 201 402 401 1098
1179 2 2 7 201 400 399 1095
1180 2 2 7 201 407 406 1099
1181 2 2 7 201 394 393 1085
1182 2 2 7 201 398 397 1089
1183 2 2 7 201 390 389 1096
1184 2 2 7 201 424 423 1080
1185 2 2 7 201 1256 1242 1269
1186 2 2 7 201 1546 1545 1547
1187 2 2 7 201 901 474 1521
1188 2 2 7 201 827 465 1180
1189 2 2 7 201 554 420 1084
1190 2 2 7 201 858 1015 1570
1191 2 2 7 201 1320 1321 1323
1192 2 2 7 201 1124 1229 1723
1193 2 2 7 201 922 920 923
1194 2 2 7 201 533 531 567
1195 2 2 7 201 10 479 480
1196 2 2 7 201 930 1006 1741
1197 2 2 7 201 165 164 992
1198 2 2 7 201 1409 1411 1412
1199 2 2 7 201 771 1569 1570
1200 2 2 7 201 477 9 478
1201 2 2 7 201 1405 1406 1414
1202 2 2 7 201 1190 531 1803
1203 2 2 7 201 1559 25 1755
1204 2 2 7 201 966 967 968
1205 2 2 7 201 924 925 926
1206 2 2 7 201 1484 499 1676
1207 2 2 7 201 54 496 1032
1208 2 2 7 201 94 797 1780
1209 2 2 7 201 850 872 1590
1210 2 2 7 201 1092 1090 1094
1211 2 2 7 201 1052 1051 1053
1212 2 2 7 201 1041 1043 1044
1213 2 2 7 201 1050 1049 1051
1214 2 2 7 201 1327 1340 1343
1215 2 2 7 201 1326 1322 1335
1216 2 2 7 201 40 1636 1670
1217 2 2 7 201 1427 1429 1431
1218 2 2 7 201 537 535 539
1219 2 2 7 201 1251 1254 1255
1220 2 2 7 201 1479 42 1680
1221 2 2 7 201 541 1002 1371
1222 2 2 7 201 1048 1047 1049
1223 2 2 7 201 1246 1245 1247
1224 2 2 7 201 919 920 922
1225 2 2 7 201 611 59 916
1226 2 2 7 201 1050 1051 1052
1227 2 2 7 201 1048 1049 1050
1228 2 2 7 201 885 673 1817
1229 2 2 7 201 764 748 1150
1230 2 2 7 201 1132 650 1134
1231 2 2 7 201 1235 1236 1237
1232 2 2 7 201 545 544 561
1233 2 2 7 201 1052 1053 1054
1234 2 2 7 201 523 524 559
1235 2 2 7 201 308 23 1751
1236 2 2 7 201 909 1282 1754
1237 2 2 7 201 737 736 1812
1238 2 2 7 201 1316 29 1629
1239 2 2 7 201 26 1174 1367
1240 2 2 7 201 634 1264 1486
1241 2 2 7 201 1042 1045 1078
1242 2 2 7 201 522 600 628
1243 2 2 7 201 516 1345 1449
1244 2 2 7 201 947 599 1701
1245 2 2 7 201 51 50 915
1246 2 2 7 201 1001 693 1571
1247 2 2 7 201 1089 589 1090
1248 2 2 7 201 12 1104 1209
1249 2 2 7 201 1045 1047 1048
1250 2 2 7 201 896 1107 1186
1251 2 2 7 201 912 598 913
1252 2 2 7 201 877 879 880
1253 2 2 7 201 914 871 1713
1254 2 2 7 201 697 699 707
1255 2 2 7 201 630 1269 1378
1256 2 2 7 201 1328 1326 1335
1257 2 2 7 201 305 304 466
1258 2 2 7 201 712 715 1380
1259 2 2 7 201 723 724 726
1260 2 2 7 201 22 9 477
1261 2 2 7 201 10 19 479
1262 2 2 7 201 1204 708 1549
1263 2 2 7 201 1042 1044 1045
1264 2 2 7 201 988 819 1707
1265 2 2 7 201 469 673 1172
1266 2 2 7 201 1111 661 1112
1267 2 2 7 201 62 61 1760
1268 2 2 7 201 807 1419 1499
1269 2 2 7 201 726 727 728
1270 2 2 7 201 1204 1549 1678
1271 2 2 7 201 1048 1050 1083
1272 2 2 7 201 759 775 795
1273 2 2 7 201 909 1281 1282
1274 2 2 7 201 614 988 1707
1275 2 2 7 201 756 755 769
1276 2 2 7 201 915 50 1781
1277 2 2 7 201 1144 1200 1554
1278 2 2 7 201 813 869 1209
1279 2 2 7 201 513 1272 1598
1280 2 2 7 201 1305 1351 1709
1281 2 2 7 201 1174 26 1501
1282 2 2 7 201 984 986 1633
1283 2 2 7 201 821 935 1712
1284 2 2 7 201 1248 1249 1250
1285 2 2 7 201 1039 636 1379
1286 2 2 7 201 1022 1023 1025
1287 2 2 7 201 1045 1046 1047
1288 2 2 7 201 1406 1408 1409
1289 2 2 7 201 728 729 734
1290 2 2 7 201 1241 1240 1242
1291 2 2 7 201 1138 1135 1808
1292 2 2 7 201 1362 968 1580
1293 2 2 7 201 1017 563 1735
1294 2 2 7 201 1054 1053 1055
1295 2 2 7 201 102 459 685
1296 2 2 7 201 643 864 865
1297 2 2 7 201 1042 1041 1044
1298 2 2 7 201 680 677 1292
1299 2 2 7 201 1424 1425 1426
1300 2 2 7 201 1578 33 1710
1301 2 2 7 201 166 165 461
1302 2 2 7 201 785 820 821
1303 2 2 7 201 735 742 1147
1304 2 2 7 201 36 1421 1438
1305 2 2 7 201 1040 1025 1041
1306 2 2 7 201 1076 1156 1594
1307 2 2 7 201 34 1121 1465
1308 2 2 7 201 31 1120 1466
1309 2 2 7 201 1118 33 1488
1310 2 2 7 201 1119 32 1503
1311 2 2 7 201 1071 1069 1074
1312 2 2 7 201 931 665 1021
1313 2 2 7 201 1042 1078 1084
1314 2 2 7 201 1194 867 1550
1315 2 2 7 201 776 1197 1626
1316 2 2 7 201 1163 1164 1165
1317 2 2 7 201 1437 1441 1513
1318 2 2 7 201 1373 984 1753
1319 2 2 7 201 1269 630 1680
1320 2 2 7 201 1062 1082 1083
1321 2 2 7 201 1404 1399 1415
1322 2 2 7 201 529 527 1623
1323 2 2 7 201 950 1353 1615
1324 2 2 7 201 1248 1250 1253
1325 2 2 7 201 961 563 1653
1326 2 2 7 201 557 631 635
1327 2 2 7 201 1305 1304 1306
1328 2 2 7 201 64 1018 1514
1329 2 2 7 201 1329 1330 1331
1330 2 2 7 201 1070 1072 1077
1331 2 2 7 201 1068 1064 1069
1332 2 2 7 201 962 963 964
1333 2 2 7 201 1085 555 1618
1334 2 2 7 201 1224 549 1271
1335 2 2 7 201 1494 30 1495
1336 2 2 7 201 1540 1538 1651
1337 2 2 7 201 489 544 545
1338 2 2 7 201 1022 1025 1040
1339 2 2 7 201 899 1531 1609
1340 2 2 7 201 1081 1061 1800
1341 2 2 7 201 595 642 643
1342 2 2 7 201 523 487 524
1343 2 2 7 201 742 743 744
1344 2 2 7 201 1407 1403 1433
1345 2 2 7 201 1210 945 1672
1346 2 2 7 201 1428 1425 1435
1347 2 2 7 201 924 923 925
1348 2 2 7 201 1406 1409 1414
1349 2 2 7 201 1418 1407 1433
1350 2 2 7 201 417 1022 1040
1351 2 2 7 201 1023 1026 1079
1352 2 2 7 201 416 588 1022
1353 2 2 7 201 1022 588 1023
1354 2 2 7 201 864 642 1124
1355 2 2 7 201 1307 1304 1313
1356 2 2 7 201 1671 1346 1725
1357 2 2 7 201 1264 1253 1265
1358 2 2 7 201 419 418 564
1359 2 2 7 201 389 388 506
1360 2 2 7 201 425 424 502
1361 2 2 7 201 383 382 481
1362 2 2 7 201 397 396 589
1363 2 2 7 201 393 392 555
1364 2 2 7 201 395 394 566
1365 2 2 7 201 416 415 588
1366 2 2 7 201 399 398 597
1367 2 2 7 201 385 384 513
1368 2 2 7 201 403 402 623
1369 2 2 7 201 423 422 484
1370 2 2 7 201 408 407 637
1371 2 2 7 201 406 405 655
1372 2 2 7 201 401 400 604
1373 2 2 7 201 387 386 495
1374 2 2 7 201 421 420 554
1375 2 2 7 201 391 390 546
1376 2 2 7 201 414 413 596
1377 2 2 7 201 410 409 626
1378 2 2 7 201 417 416 1022
1379 2 2 7 201 412 411 603
1380 2 2 7 201 1298 1258 1573
1381 2 2 7 201 1329 1332 1340
1382 2 2 7 201 742 777 1147
1383 2 2 7 201 549 1222 1223
1384 2 2 7 201 415 414 1102
1385 2 2 7 201 506 388 1101
1386 2 2 7 201 905 844 1754
1387 2 2 7 201 910 774 1813
1388 2 2 7 201 387 495 1101
1389 2 2 7 201 566 394 1085
1390 2 2 7 201 597 398 1089
1391 2 2 7 201 555 392 1097
1392 2 2 7 201 623 402 1098
1393 2 2 7 201 604 400 1095
1394 2 2 7 201 546 390 1096
1395 2 2 7 201 406 655 1099
1396 2 2 7 201 423 484 1080
1397 2 2 7 201 1525 443 1585
1398 2 2 7 201 1054 1055 1056
1399 2 2 7 201 1045 1044 1046
1400 2 2 7 201 1401 1399 1402
1401 2 2 7 201 1055 1053 1063
1402 2 2 7 201 690 613 1019
1403 2 2 7 201 1327 1328 1329
1404 2 2 7 201 1398 1397 1399
1405 2 2 7 201 1424 1426 1427
1406 2 2 7 201 627 1155 1762
1407 2 2 7 201 941 940 942
1408 2 2 7 201 1306 1304 1307
1409 2 2 7 201 1050 1062 1083
1410 2 2 7 201 1238 1239 1260
1411 2 2 7 201 939 938 940
1412 2 2 7 201 1096 506 1185
1413 2 2 7 201 781 882 883
1414 2 2 7 201 1050 1052 1062
1415 2 2 7 201 1105 567 1190
1416 2 2 7 201 1317 1318 1319
1417 2 2 7 201 1494 1323 1684
1418 2 2 7 201 1041 1025 1043
1419 2 2 7 201 1311 1341 1663
1420 2 2 7 201 725 1004 1005
1421 2 2 7 201 1422 1421 1423
1422 2 2 7 201 388 387 1101
1423 2 2 7 201 1054 1056 1061
1424 2 2 7 201 544 490 1014
1425 2 2 7 201 838 847 1799
1426 2 2 7 201 1272 1063 1598
1427 2 2 7 201 718 717 719
1428 2 2 7 201 1502 1418 1683
1429 2 2 7 201 612 601 1698
1430 2 2 7 201 817 1197 1290
1431 2 2 7 201 1102 596 1123
1432 2 2 7 201 1253 1250 1266
1433 2 2 7 201 932 933 1148
1434 2 2 7 201 1093 637 1143
1435 2 2 7 201 724 722 739
1436 2 2 7 201 466 304 1035
1437 2 2 7 201 1250 1252 1266
1438 2 2 7 201 1071 1074 1146
1439 2 2 7 201 1296 953 1771
1440 2 2 7 201 1070 1071 1072
1441 2 2 7 201 996 1038 1765
1442 2 2 7 201 723 722 724
1443 2 2 7 201 589 396 1122
1444 2 2 7 201 1321 1319 1322
1445 2 2 7 201 881 792 1638
1446 2 2 7 201 918 451 1293
1447 2 2 7 201 880 879 1579
1448 2 2 7 201 673 112 1817
1449 2 2 7 201 1254 1249 1257
1450 2 2 7 201 35 1483 1487
1451 2 2 7 201 30 1505 1511
1452 2 2 7 201 1451 29 1471
1453 2 2 7 201 1454 36 1468
1454 2 2 7 201 602 613 690
1455 2 2 7 201 893 894 1145
1456 2 2 7 201 928 1188 1189
1457 2 2 7 201 1432 517 1497
1458 2 2 7 201 995 996 1002
1459 2 2 7 201 382 381 1158
1460 2 2 7 201 1239 1237 1240
1461 2 2 7 201 776 960 1197
1462 2 2 7 201 426 425 1157
1463 2 2 7 201 1211 12 1375
1464 2 2 7 201 540 558 570
1465 2 2 7 201 1342 1330 1346
1466 2 2 7 201 1240 1237 1259
1467 2 2 7 201 766 768 861
1468 2 2 7 201 854 853 950
1469 2 2 7 201 1027 1024 1123
1470 2 2 7 201 1235 43 1236
1471 2 2 7 201 760 949 1302
1472 2 2 7 201 1055 1063 1125
1473 2 2 7 201 1065 1057 1125
1474 2 2 7 201 395 566 1122
1475 2 2 7 201 736 734 738
1476 2 2 7 201 799 475 1003
1477 2 2 7 201 635 661 1111
1478 2 2 7 201 1320 1319 1321
1479 2 2 7 201 728 735 1147
1480 2 2 7 201 566 1085 1086
1481 2 2 7 201 597 1089 1091
1482 2 2 7 201 1024 1102 1123
1483 2 2 7 201 1080 484 1081
1484 2 2 7 201 1058 1060 1067
1485 2 2 7 201 1056 1055 1057
1486 2 2 7 201 580 581 614
1487 2 2 7 201 573 572 615
1488 2 2 7 201 368 367 514
1489 2 2 7 201 366 365 462
1490 2 2 7 201 16 369 442
1491 2 2 7 201 369 368 1108
1492 2 2 7 201 367 366 1109
1493 2 2 7 201 363 362 440
1494 2 2 7 201 357 15 441
1495 2 2 7 201 360 359 463
1496 2 2 7 201 685 459 686
1497 2 2 7 201 1497 825 1652
1498 2 2 7 201 1238 1237 1239
1499 2 2 7 201 1242 1240 1244
1500 2 2 7 201 366 462 1109
1501 2 2 7 201 514 367 1109
1502 2 2 7 201 368 514 1108
1503 2 2 7 201 442 369 1108
1504 2 2 7 201 537 539 540
1505 2 2 7 201 970 1182 1749
1506 2 2 7 201 829 830 831
1507 2 2 7 201 8 356 951
1508 2 2 7 201 629 1301 1492
1509 2 2 7 201 664 1021 1654
1510 2 2 7 201 1432 1497 1652
1511 2 2 7 201 715 780 785
1512 2 2 7 201 751 759 1029
1513 2 2 7 201 660 649 1180
1514 2 2 7 201 1059 1057 1065
1515 2 2 7 201 562 561 572
1516 2 2 7 201 559 560 580
1517 2 2 7 201 891 893 1752
1518 2 2 7 201 1408 1407 1410
1519 2 2 7 201 405 404 1100
1520 2 2 7 201 563 544 1014
1521 2 2 7 201 1337 1333 1338
1522 2 2 7 201 701 700 702
1523 2 2 7 201 1755 921 1772
1524 2 2 7 201 834 1227 1724
1525 2 2 7 201 1025 1023 1079
1526 2 2 7 201 739 990 1785
1527 2 2 7 201 1339 1591 1744
1528 2 2 7 201 497 55 1033
1529 2 2 7 201 25 1381 1461
1530 2 2 7 201 980 1106 1365
1531 2 2 7 201 580 614 1155
1532 2 2 7 201 1095 597 1143
1533 2 2 7 201 740 738 741
1534 2 2 7 201 1061 1056 1126
1535 2 2 7 201 566 1087 1122
1536 2 2 7 201 1305 1306 1349
1537 2 2 7 201 1023 1024 1026
1538 2 2 7 201 746 745 747
1539 2 2 7 201 1386 1555 1818
1540 2 2 7 201 1388 39 1510
1541 2 2 7 201 40 1387 1463
1542 2 2 7 201 1386 472 1555
1543 2 2 7 201 1311 1314 1315
1544 2 2 7 201 1134 650 1589
1545 2 2 7 201 1420 1404 1437
1546 2 2 7 201 490 521 522
1547 2 2 7 201 1080 1081 1800
1548 2 2 7 201 650 584 1589
1549 2 2 7 201 667 935 1715
1550 2 2 7 201 37 1443 1512
1551 2 2 7 201 1394 659 1657
1552 2 2 7 201 166 461 1036
1553 2 2 7 201 1087 1086 1088
1554 2 2 7 201 1415 1416 1417
1555 2 2 7 201 1306 1307 1308
1556 2 2 7 201 477 489 1028
1557 2 2 7 201 1345 516 1450
1558 2 2 7 201 1077 1072 1167
1559 2 2 7 201 1285 1284 1691
1560 2 2 7 201 526 525 527
1561 2 2 7 201 1424 1427 1434
1562 2 2 7 201 1239 1240 1241
1563 2 2 7 201 887 1298 1573
1564 2 2 7 201 894 1029 1729
1565 2 2 7 201 1428 1435 1436
1566 2 2 7 201 1409 1408 1411
1567 2 2 7 201 1058 1067 1126
1568 2 2 7 201 356 901 951
1569 2 2 7 201 958 1105 1366
1570 2 2 7 201 1311 1315 1341
1571 2 2 7 201 304 303 1035
1572 2 2 7 201 588 415 1102
1573 2 2 7 201 479 19 1372
1574 2 2 7 201 396 395 1122
1575 2 2 7 201 101 685 948
1576 2 2 7 201 563 1014 1735
1577 2 2 7 201 1321 1322 1325
1578 2 2 7 201 731 733 949
1579 2 2 7 201 1249 1247 1257
1580 2 2 7 201 1091 1093 1143
1581 2 2 7 201 845 1286 1649
1582 2 2 7 201 1031 587 1678
1583 2 2 7 201 1156 44 1594
1584 2 2 7 201 1046 1044 1185
1585 2 2 7 201 1243 1245 1246
1586 2 2 7 201 513 384 1272
1587 2 2 7 201 359 358 1110
1588 2 2 7 201 504 1258 1298
1589 2 2 7 201 901 1521 1786
1590 2 2 7 201 463 359 1110
1591 2 2 7 201 1133 1650 1739
1592 2 2 7 201 1334 1342 1348
1593 2 2 7 201 35 1441 1643
1594 2 2 7 201 700 698 1178
1595 2 2 7 201 972 977 1580
1596 2 2 7 201 1023 588 1024
1597 2 2 7 201 365 364 1107
1598 2 2 7 201 840 846 1766
1599 2 2 7 201 1113 949 1520
1600 2 2 7 201 1309 1312 1595
1601 2 2 7 201 599 1604 1674
1602 2 2 7 201 489 545 1028
1603 2 2 7 201 920 1755 1772
1604 2 2 7 201 1318 1316 1345
1605 2 2 7 201 655 405 1100
1606 2 2 7 201 462 365 1107
1607 2 2 7 201 1043 1025 1079
1608 2 2 7 201 1143 637 1230
1609 2 2 7 201 528 527 529
1610 2 2 7 201 999 501 1173
1611 2 2 7 201 699 700 701
1612 2 2 7 201 458 850 1003
1613 2 2 7 201 597 1091 1143
1614 2 2 7 201 1291 466 1763
1615 2 2 7 201 1020 814 1209
1616 2 2 7 201 1242 1258 1269
1617 2 2 7 201 673 885 1644
1618 2 2 7 201 1332 1333 1337
1619 2 2 7 201 711 1273 1757
1620 2 2 7 201 1096 1185 1593
1621 2 2 7 201 1312 1307 1313
1622 2 2 7 201 27 1459 1460
1623 2 2 7 201 1427 1426 1429
1624 2 2 7 201 1265 1266 1267
1625 2 2 7 201 1207 788 1574
1626 2 2 7 201 917 916 1630
1627 2 2 7 201 476 100 948
1628 2 2 7 201 1138 1295 1296
1629 2 2 7 201 566 1086 1087
1630 2 2 7 201 750 741 751
1631 2 2 7 201 605 1039 1770
1632 2 2 7 201 1237 1236 1259
1633 2 2 7 201 1250 1249 1251
1634 2 2 7 201 1308 1309 1314
1635 2 2 7 201 892 891 1752
1636 2 2 7 201 782 781 883
1637 2 2 7 201 1622 1613 1654
1638 2 2 7 201 1026 1024 1027
1639 2 2 7 201 769 776 1626
1640 2 2 7 201 1332 1331 1333
1641 2 2 7 201 481 382 1158
1642 2 2 7 201 762 763 1563
1643 2 2 7 201 425 502 1157
1644 2 2 7 201 1246 1248 1263
1645 2 2 7 201 1509 28 1709
1646 2 2 7 201 1057 1055 1125
1647 2 2 7 201 1310 1308 1311
1648 2 2 7 201 1056 1057 1058
1649 2 2 7 201 383 481 1272
1650 2 2 7 201 1183 1693 1792
1651 2 2 7 201 1060 1064 1068
1652 2 2 7 201 490 478 521
1653 2 2 7 201 796 1211 1375
1654 2 2 7 201 713 711 1757
1655 2 2 7 201 1696 609 1778
1656 2 2 7 201 10 480 636
1657 2 2 7 201 23 22 472
1658 2 2 7 201 19 18 471
1659 2 2 7 201 1044 1043 1185
1660 2 2 7 201 934 1370 1815
1661 2 2 7 201 1248 1253 1263
1662 2 2 7 201 487 479 1030
1663 2 2 7 201 583 585 587
1664 2 2 7 201 577 575 579
1665 2 2 7 201 868 678 1561
1666 2 2 7 201 1324 1321 1325
1667 2 2 7 201 1222 549 1224
1668 2 2 7 201 571 1013 1576
1669 2 2 7 201 699 701 997
1670 2 2 7 201 1259 1076 1594
1671 2 2 7 201 488 525 526
1672 2 2 7 201 103 104 470
1673 2 2 7 201 111 112 469
1674 2 2 7 201 1161 1163 1610
1675 2 2 7 201 707 699 997
1676 2 2 7 201 235 234 1152
1677 2 2 7 201 1346 1330 1725
1678 2 2 7 201 1016 664 1760
1679 2 2 7 201 1431 1429 1439
1680 2 2 7 201 890 679 1190
1681 2 2 7 201 95 475 797
1682 2 2 7 201 522 547 600
1683 2 2 7 201 1018 113 1514
1684 2 2 7 201 1640 908 1754
1685 2 2 7 201 1072 1071 1073
1686 2 2 7 201 675 464 676
1687 2 2 7 201 576 651 1154
1688 2 2 7 201 1024 588 1102
1689 2 2 7 201 960 849 1769
1690 2 2 7 201 726 724 727
1691 2 2 7 201 529 1623 1803
1692 2 2 7 201 955 57 1789
1693 2 2 7 201 754 732 755
1694 2 2 7 201 1396 1458 1814
1695 2 2 7 201 28 1128 1745
1696 2 2 7 201 672 469 1172
1697 2 2 7 201 470 677 680
1698 2 2 7 201 1019 870 1645
1699 2 2 7 201 698 848 1178
1700 2 2 7 201 649 653 1153
1701 2 2 7 201 1449 1345 1629
1702 2 2 7 201 412 603 1584
1703 2 2 7 201 167 166 1036
1704 2 2 7 201 876 877 1738
1705 2 2 7 201 1691 1284 1790
1706 2 2 7 201 851 852 1570
1707 2 2 7 201 52 954 1794
1708 2 2 7 201 361 360 1169
1709 2 2 7 201 11 1206 1207
1710 2 2 7 201 360 463 1169
1711 2 2 7 201 581 583 1213
1712 2 2 7 201 575 573 1214
1713 2 2 7 201 530 529 531
1714 2 2 7 201 712 711 713
1715 2 2 7 201 471 1132 1134
1716 2 2 7 201 1073 1071 1146
1717 2 2 7 201 1426 1425 1428
1718 2 2 7 201 492 1437 1513
1719 2 2 7 201 576 578 651
1720 2 2 7 201 586 584 650
1721 2 2 7 201 687 689 691
1722 2 2 7 201 42 1142 1668
1723 2 2 7 201 109 110 465
1724 2 2 7 201 105 106 464
1725 2 2 7 201 1265 1253 1266
1726 2 2 7 201 45 1068 1568
1727 2 2 7 201 679 1105 1190
1728 2 2 7 201 640 1420 1473
1729 2 2 7 201 1365 1516 1605
1730 2 2 7 201 29 1314 1347
1731 2 2 7 201 679 676 681
1732 2 2 7 201 894 1034 1558
1733 2 2 7 201 1056 1058 1126
1734 2 2 7 201 545 561 562
1735 2 2 7 201 440 362 1176
1736 2 2 7 201 559 524 560
1737 2 2 7 201 1006 510 1741
1738 2 2 7 201 1242 1244 1258
1739 2 2 7 201 1104 1020 1209
1740 2 2 7 201 104 105 674
1741 2 2 7 201 49 5 989
1742 2 2 7 201 600 616 863
1743 2 2 7 201 64 63 1795
1744 2 2 7 201 695 697 1718
1745 2 2 7 201 947 910 1813
1746 2 2 7 201 919 886 920
1747 2 2 7 201 1329 1331 1332
1748 2 2 7 201 363 440 1186
1749 2 2 7 201 1006 926 1177
1750 2 2 7 201 724 739 1179
1751 2 2 7 201 773 751 1029
1752 2 2 7 201 1191 354 1625
1753 2 2 7 201 452 1279 1300
1754 2 2 7 201 362 361 1176
1755 2 2 7 201 55 16 1033
1756 2 2 7 201 18 13 1131
1757 2 2 7 201 14 23 1135
1758 2 2 7 201 1149 1628 1731
1759 2 2 7 201 729 731 1113
1760 2 2 7 201 1349 1310 1350
1761 2 2 7 201 1068 1070 1568
1762 2 2 7 201 716 714 717
1763 2 2 7 201 728 727 729
1764 2 2 7 201 1072 1073 1075
1765 2 2 7 201 107 108 451
1766 2 2 7 201 583 587 1213
1767 2 2 7 201 1222 1225 1746
1768 2 2 7 201 579 575 1214
1769 2 2 7 201 1636 40 1679
1770 2 2 7 201 931 857 1798
1771 2 2 7 201 16 442 1033
1772 2 2 7 201 1075 1073 1076
1773 2 2 7 201 110 111 671
1774 2 2 7 201 1397 1395 1400
1775 2 2 7 201 1306 1308 1310
1776 2 2 7 201 1420 640 1443
1777 2 2 7 201 1243 1246 1720
1778 2 2 7 201 671 672 803
1779 2 2 7 201 775 790 959
1780 2 2 7 201 1058 1057 1059
1781 2 2 7 201 666 1000 1717
1782 2 2 7 201 1069 1064 1728
1783 2 2 7 201 793 779 1184
1784 2 2 7 201 798 1583 1780
1785 2 2 7 201 994 993 995
1786 2 2 7 201 532 531 533
1787 2 2 7 201 526 527 528
1788 2 2 7 201 1325 1322 1326
1789 2 2 7 201 1020 592 1208
1790 2 2 7 201 537 540 1151
1791 2 2 7 201 784 767 1597
1792 2 2 7 201 22 477 1555
1793 2 2 7 201 1333 1334 1710
1794 2 2 7 201 678 890 1561
1795 2 2 7 201 1009 1037 1527
1796 2 2 7 201 635 631 661
1797 2 2 7 201 677 868 1292
1798 2 2 7 201 579 1214 1609
1799 2 2 7 201 742 744 777
1800 2 2 7 201 643 865 1170
1801 2 2 7 201 987 950 1650
1802 2 2 7 201 534 533 535
1803 2 2 7 201 4 103 818
1804 2 2 7 201 1404 1415 1417
1805 2 2 7 201 1189 1188 1382
1806 2 2 7 201 947 667 1715
1807 2 2 7 201 558 602 1354
1808 2 2 7 201 849 1179 1769
1809 2 2 7 201 609 1472 1778
1810 2 2 7 201 461 993 994
1811 2 2 7 201 1053 1051 1598
1812 2 2 7 201 596 413 1584
1813 2 2 7 201 1205 11 1661
1814 2 2 7 201 305 466 1690
1815 2 2 7 201 1244 1240 1259
1816 2 2 7 201 364 363 1186
1817 2 2 7 201 1073 1146 1156
1818 2 2 7 201 574 576 1154
1819 2 2 7 201 1538 1536 1651
1820 2 2 7 201 1095 1143 1230
1821 2 2 7 201 1346 646 1390
1822 2 2 7 201 106 107 918
1823 2 2 7 201 108 109 827
1824 2 2 7 201 798 800 1583
1825 2 2 7 201 20 403 1695
1826 2 2 7 201 404 21 1694
1827 2 2 7 201 1 93 460
1828 2 2 7 201 102 4 459
1829 2 2 7 201 556 543 595
1830 2 2 7 201 1396 1395 1397
1831 2 2 7 201 978 1764 1788
1832 2 2 7 201 1112 661 1367
1833 2 2 7 201 753 781 782
1834 2 2 7 201 958 1366 1698
1835 2 2 7 201 1254 1485 1676
1836 2 2 7 201 522 521 547
1837 2 2 7 201 1058 1059 1060
1838 2 2 7 201 38 1457 1458
1839 2 2 7 201 1263 1253 1264
1840 2 2 7 201 1279 452 1287
1841 2 2 7 201 637 1099 1230
1842 2 2 7 201 303 302 1212
1843 2 2 7 201 1303 929 1304
1844 2 2 7 201 709 796 1801
1845 2 2 7 201 1060 1059 1064
1846 2 2 7 201 905 908 1734
1847 2 2 7 201 935 936 1712
1848 2 2 7 201 1239 1243 1260
1849 2 2 7 201 949 733 1302
1850 2 2 7 201 1618 1123 1685
1851 2 2 7 201 979 974 980
1852 2 2 7 201 15 54 1032
1853 2 2 7 201 734 729 1113
1854 2 2 7 201 1435 1430 1601
1855 2 2 7 201 9 307 652
1856 2 2 7 201 1306 1310 1349
1857 2 2 7 201 1115 901 1786
1858 2 2 7 201 744 745 746
1859 2 2 7 201 1107 364 1186
1860 2 2 7 201 926 925 927
1861 2 2 7 201 1404 1417 1437
1862 2 2 7 201 528 529 530
1863 2 2 7 201 1027 1123 1618
1864 2 2 7 201 635 1111 1168
1865 2 2 7 201 604 1095 1230
1866 2 2 7 201 461 994 1036
1867 2 2 7 201 113 7 1514
1868 2 2 7 201 1072 1075 1167
1869 2 2 7 201 928 925 1188
1870 2 2 7 201 1312 1313 1460
1871 2 2 7 201 1068 45 1730
1872 2 2 7 201 1317 1319 1320
1873 2 2 7 201 680 1155 1617
1874 2 2 7 201 469 112 673
1875 2 2 7 201 1427 1432 1434
1876 2 2 7 201 702 704 705
1877 2 2 7 201 600 863 1632
1878 2 2 7 201 925 923 1188
1879 2 2 7 201 659 1394 1464
1880 2 2 7 201 1239 1241 1243
1881 2 2 7 201 1305 1349 1351
1882 2 2 7 201 870 804 1017
1883 2 2 7 201 729 730 731
1884 2 2 7 201 865 864 1291
1885 2 2 7 201 1177 617 1496
1886 2 2 7 201 99 476 801
1887 2 2 7 201 1140 941 1567
1888 2 2 7 201 1488 33 1578
1889 2 2 7 201 44 1270 1573
1890 2 2 7 201 536 535 537
1891 2 2 7 201 927 925 928
1892 2 2 7 201 427 426 859
1893 2 2 7 201 381 380 860
1894 2 2 7 201 641 1351 1508
1895 2 2 7 201 1165 1546 1547
1896 2 2 7 201 1184 880 1648
1897 2 2 7 201 1202 1203 1204
1898 2 2 7 201 803 672 804
1899 2 2 7 201 357 441 1557
1900 2 2 7 201 1250 1251 1252
1901 2 2 7 201 842 845 1649
1902 2 2 7 201 1314 1309 1347
1903 2 2 7 201 803 804 870
1904 2 2 7 201 1076 1073 1156
1905 2 2 7 201 763 748 764
1906 2 2 7 201 774 910 1677
1907 2 2 7 201 587 1202 1678
1908 2 2 7 201 1035 303 1212
1909 2 2 7 201 869 1116 1375
1910 2 2 7 201 718 719 720
1911 2 2 7 201 1185 1043 1593
1912 2 2 7 201 384 383 1272
1913 2 2 7 201 542 538 543
1914 2 2 7 201 31 1466 1671
1915 2 2 7 201 524 487 1030
1916 2 2 7 201 657 1350 1656
1917 2 2 7 201 1319 1318 1352
1918 2 2 7 201 1266 1252 1268
1919 2 2 7 201 1243 1241 1245
1920 2 2 7 201 1416 1421 1422
1921 2 2 7 201 604 1230 1564
1922 2 2 7 201 381 860 1158
1923 2 2 7 201 859 426 1157
1924 2 2 7 201 595 643 644
1925 2 2 7 201 1269 504 1378
1926 2 2 7 201 361 1169 1176
1927 2 2 7 201 729 727 730
1928 2 2 7 201 530 531 532
1929 2 2 7 201 1172 673 1644
1930 2 2 7 201 1398 1399 1401
1931 2 2 7 201 600 547 616
1932 2 2 7 201 1416 1400 1421
1933 2 2 7 201 782 883 884
1934 2 2 7 201 771 769 1569
1935 2 2 7 201 906 1587 1588
1936 2 2 7 201 1328 1335 1725
1937 2 2 7 201 856 857 931
1938 2 2 7 201 574 1154 1552
1939 2 2 7 201 837 836 838
1940 2 2 7 201 39 1268 1704
1941 2 2 7 201 1111 503 1759
1942 2 2 7 201 1251 1255 1261
1943 2 2 7 201 170 169 662
1944 2 2 7 201 63 664 1795
1945 2 2 7 201 616 547 624
1946 2 2 7 201 1601 1430 1726
1947 2 2 7 201 632 594 663
1948 2 2 7 201 1238 1260 1301
1949 2 2 7 201 1335 31 1725
1950 2 2 7 201 679 681 1105
1951 2 2 7 201 1336 1352 1659
1952 2 2 7 201 911 912 1699
1953 2 2 7 201 580 560 581
1954 2 2 7 201 562 572 573
1955 2 2 7 201 691 692 693
1956 2 2 7 201 1311 1308 1314
1957 2 2 7 201 532 534 565
1958 2 2 7 201 379 378 1159
1959 2 2 7 201 675 676 678
1960 2 2 7 201 1396 1397 1398
1961 2 2 7 201 528 530 605
1962 2 2 7 201 1156 1146 1187
1963 2 2 7 201 927 928 929
1964 2 2 7 201 625 624 900
1965 2 2 7 201 1252 1262 1268
1966 2 2 7 201 688 686 988
1967 2 2 7 201 636 480 1379
1968 2 2 7 201 1267 1266 1268
1969 2 2 7 201 834 831 962
1970 2 2 7 201 429 428 1160
1971 2 2 7 201 1345 1450 1659
1972 2 2 7 201 1395 1394 1438
1973 2 2 7 201 941 1161 1567
1974 2 2 7 201 1349 1350 1722
1975 2 2 7 201 532 533 534
1976 2 2 7 201 923 920 1772
1977 2 2 7 201 765 764 809
1978 2 2 7 201 1264 634 1716
1979 2 2 7 201 101 102 685
1980 2 2 7 201 1110 358 1557
1981 2 2 7 201 1273 711 1384
1982 2 2 7 201 21 235 1694
1983 2 2 7 201 234 20 1695
1984 2 2 7 201 858 856 1021
1985 2 2 7 201 1124 642 1706
1986 2 2 7 201 1301 629 1377
1987 2 2 7 201 825 1483 1652
1988 2 2 7 201 844 842 1649
1989 2 2 7 201 475 96 1003
1990 2 2 7 201 680 1292 1762
1991 2 2 7 201 1527 1037 1748
1992 2 2 7 201 1441 656 1513
1993 2 2 7 201 702 700 704
1994 2 2 7 201 1641 987 1650
1995 2 2 7 201 570 1124 1706
1996 2 2 7 201 1527 1526 1585
1997 2 2 7 201 852 853 854
1998 2 2 7 201 1348 647 1578
1999 2 2 7 201 772 706 786
2000 2 2 7 201 1283 1224 1300
2001 2 2 7 201 587 585 1202
2002 2 2 7 201 995 1002 1103
2003 2 2 7 201 1366 653 1698
2004 2 2 7 201 678 679 890
2005 2 2 7 201 520 1187 1687
2006 2 2 7 201 1318 1345 1659
2007 2 2 7 201 471 18 1131
2008 2 2 7 201 880 1579 1648
2009 2 2 7 201 23 472 1135
2010 2 2 7 201 678 676 679
2011 2 2 7 201 616 624 625
2012 2 2 7 201 764 1150 1181
2013 2 2 7 201 497 1033 1034
2014 2 2 7 201 932 1714 1798
2015 2 2 7 201 1393 1394 1395
2016 2 2 7 201 1219 834 1724
2017 2 2 7 201 731 730 732
2018 2 2 7 201 460 683 885
2019 2 2 7 201 19 471 1372
2020 2 2 7 201 812 813 814
2021 2 2 7 201 531 529 1803
2022 2 2 7 201 610 873 1781
2023 2 2 7 201 543 538 1151
2024 2 2 7 201 699 698 700
2025 2 2 7 201 946 592 1020
2026 2 2 7 201 882 1110 1557
2027 2 2 7 201 770 816 817
2028 2 2 7 201 792 794 1638
2029 2 2 7 201 1563 861 1637
2030 2 2 7 201 99 100 476
2031 2 2 7 201 95 96 475
2032 2 2 7 201 1515 848 1682
2033 2 2 7 201 974 973 1007
2034 2 2 7 201 1649 909 1754
2035 2 2 7 201 50 610 1781
2036 2 2 7 201 480 488 1379
2037 2 2 7 201 168 167 503
2038 2 2 7 201 1230 1099 1564
2039 2 2 7 201 730 727 1179
2040 2 2 7 201 920 886 1755
2041 2 2 7 201 1530 1165 1774
2042 2 2 7 201 1235 1238 1697
2043 2 2 7 201 488 526 1379
2044 2 2 7 201 1103 635 1168
2045 2 2 7 201 536 538 541
2046 2 2 7 201 1112 662 1646
2047 2 2 7 201 1419 807 1740
2048 2 2 7 201 666 1114 1588
2049 2 2 7 201 763 766 1563
2050 2 2 7 201 1060 1068 1730
2051 2 2 7 201 17 119 1775
2052 2 2 7 201 350 24 1776
2053 2 2 7 201 1027 555 1797
2054 2 2 7 201 1410 1419 1440
2055 2 2 7 201 972 971 973
2056 2 2 7 201 1393 1395 1396
2057 2 2 7 201 738 734 1113
2058 2 2 7 201 100 101 948
2059 2 2 7 201 693 1001 1675
2060 2 2 7 201 542 556 557
2061 2 2 7 201 720 721 1117
2062 2 2 7 201 1149 933 1628
2063 2 2 7 201 556 595 1274
2064 2 2 7 201 511 116 889
2065 2 2 7 201 663 594 1274
2066 2 2 7 201 747 753 1150
2067 2 2 7 201 1011 43 1234
2068 2 2 7 201 44 1012 1270
2069 2 2 7 201 1301 1260 1492
2070 2 2 7 201 546 1096 1593
2071 2 2 7 201 1383 805 1391
2072 2 2 7 201 471 1131 1132
2073 2 2 7 201 802 801 1001
2074 2 2 7 201 378 377 1196
2075 2 2 7 201 1228 1167 1700
2076 2 2 7 201 1211 796 1380
2077 2 2 7 201 701 703 709
2078 2 2 7 201 900 897 1690
2079 2 2 7 201 861 768 862
2080 2 2 7 201 1324 1325 1344
2081 2 2 7 201 1428 1436 1442
2082 2 2 7 201 430 429 1195
2083 2 2 7 201 1257 42 1668
2084 2 2 7 201 1353 591 1615
2085 2 2 7 201 460 93 682
2086 2 2 7 201 1066 513 1768
2087 2 2 7 201 800 811 812
2088 2 2 7 201 577 579 1208
2089 2 2 7 201 904 1115 1786
2090 2 2 7 201 1098 604 1564
2091 2 2 7 201 25 1461 1600
2092 2 2 7 201 1160 45 1568
2093 2 2 7 201 927 1303 1556
2094 2 2 7 201 34 1465 1591
2095 2 2 7 201 1421 1400 1438
2096 2 2 7 201 1208 579 1531
2097 2 2 7 201 1322 1319 1352
2098 2 2 7 201 36 1438 1657
2099 2 2 7 201 839 838 840
2100 2 2 7 201 1059 1065 1374
2101 2 2 7 201 1343 1340 1470
2102 2 2 7 201 534 535 536
2103 2 2 7 201 1444 1440 1704
2104 2 2 7 201 442 1108 1145
2105 2 2 7 201 1070 1077 1568
2106 2 2 7 201 349 348 1193
2107 2 2 7 201 121 120 1194
2108 2 2 7 201 591 1353 1551
2109 2 2 7 201 94 95 797
2110 2 2 7 201 1282 1284 1285
2111 2 2 7 201 348 347 568
2112 2 2 7 201 122 121 569
2113 2 2 7 201 853 1207 1353
2114 2 2 7 201 1064 1059 1374
2115 2 2 7 201 994 995 1168
2116 2 2 7 201 831 832 962
2117 2 2 7 201 455 1226 1667
2118 2 2 7 201 547 521 1198
2119 2 2 7 201 644 643 1170
2120 2 2 7 201 1450 1336 1659
2121 2 2 7 201 441 15 1032
2122 2 2 7 201 863 616 1229
2123 2 2 7 201 1301 505 1697
2124 2 2 7 201 1559 663 1655
2125 2 2 7 201 691 689 692
2126 2 2 7 201 870 1017 1645
2127 2 2 7 201 1255 1254 1676
2128 2 2 7 201 644 1170 1171
2129 2 2 7 201 458 98 801
2130 2 2 7 201 977 1175 1756
2131 2 2 7 201 1232 982 1743
2132 2 2 7 201 1097 546 1664
2133 2 2 7 201 975 1517 1586
2134 2 2 7 201 727 724 1179
2135 2 2 7 201 1141 41 1716
2136 2 2 7 201 1400 1395 1438
2137 2 2 7 201 652 1198 1732
2138 2 2 7 201 829 511 830
2139 2 2 7 201 123 122 1192
2140 2 2 7 201 347 346 1200
2141 2 2 7 201 801 476 1001
2142 2 2 7 201 746 747 748
2143 2 2 7 201 587 1031 1658
2144 2 2 7 201 1408 1410 1444
2145 2 2 7 201 1323 1494 1495
2146 2 2 7 201 1458 1396 1635
2147 2 2 7 201 1116 709 1801
2148 2 2 7 201 1564 655 1634
2149 2 2 7 201 708 1204 1515
2150 2 2 7 201 478 9 1732
2151 2 2 7 201 1370 1148 1815
2152 2 2 7 201 914 1201 1215
2153 2 2 7 201 951 901 1115
2154 2 2 7 201 60 611 1689
2155 2 2 7 201 632 886 919
2156 2 2 7 201 1204 1203 1205
2157 2 2 7 201 456 955 959
2158 2 2 7 201 1099 655 1564
2159 2 2 7 201 788 786 1574
2160 2 2 7 201 124 123 483
2161 2 2 7 201 346 345 482
2162 2 2 7 201 431 430 519
2163 2 2 7 201 377 376 520
2164 2 2 7 201 1539 1538 1540
2165 2 2 7 201 790 917 1630
2166 2 2 7 201 542 543 556
2167 2 2 7 201 1416 1422 1643
2168 2 2 7 201 751 758 759
2169 2 2 7 201 473 903 1764
2170 2 2 7 201 33 1439 1572
2171 2 2 7 201 929 928 1602
2172 2 2 7 201 705 770 1273
2173 2 2 7 201 557 594 631
2174 2 2 7 201 964 963 965
2175 2 2 7 201 595 644 1274
2176 2 2 7 201 906 621 1773
2177 2 2 7 201 536 537 538
2178 2 2 7 201 503 1112 1646
2179 2 2 7 201 847 914 1791
2180 2 2 7 201 783 767 784
2181 2 2 7 201 485 1348 1809
2182 2 2 7 201 538 537 1151
2183 2 2 7 201 936 937 938
2184 2 2 7 201 1227 834 1582
2185 2 2 7 201 834 962 1582
2186 2 2 7 201 563 1017 1653
2187 2 2 7 201 1030 479 1372
2188 2 2 7 201 345 344 1201
2189 2 2 7 201 42 1256 1680
2190 2 2 7 201 344 343 1215
2191 2 2 7 201 343 342 467
2192 2 2 7 201 127 126 468
2193 2 2 7 201 710 703 711
2194 2 2 7 201 541 538 542
2195 2 2 7 201 126 125 1218
2196 2 2 7 201 1252 1261 1262
2197 2 2 7 201 472 22 1555
2198 2 2 7 201 1429 1426 1445
2199 2 2 7 201 1105 681 1366
2200 2 2 7 201 128 127 1217
2201 2 2 7 201 927 929 1303
2202 2 2 7 201 125 124 1199
2203 2 2 7 201 358 357 1557
2204 2 2 7 201 879 896 1579
2205 2 2 7 201 1426 1428 1445
2206 2 2 7 201 731 732 733
2207 2 2 7 201 129 128 1226
2208 2 2 7 201 615 654 1804
2209 2 2 7 201 514 1109 1553
2210 2 2 7 201 1224 1271 1300
2211 2 2 7 201 340 339 453
2212 2 2 7 201 130 129 455
2213 2 2 7 201 712 713 714
2214 2 2 7 201 557 556 594
2215 2 2 7 201 746 748 762
2216 2 2 7 201 709 710 796
2217 2 2 7 201 624 547 1198
2218 2 2 7 201 797 475 798
2219 2 2 7 201 721 725 1117
2220 2 2 7 201 1094 1087 1692
2221 2 2 7 201 131 130 1231
2222 2 2 7 201 339 338 1223
2223 2 2 7 201 1279 1283 1300
2224 2 2 7 201 787 786 788
2225 2 2 7 201 576 577 578
2226 2 2 7 201 585 584 586
2227 2 2 7 201 1320 1323 1495
2228 2 2 7 201 581 560 582
2229 2 2 7 201 562 573 574
2230 2 2 7 201 338 337 549
2231 2 2 7 201 132 131 548
2232 2 2 7 201 770 817 1273
2233 2 2 7 201 503 167 1036
2234 2 2 7 201 793 1184 1648
2235 2 2 7 201 698 696 848
2236 2 2 7 201 702 705 1384
2237 2 2 7 201 97 458 1003
2238 2 2 7 201 337 336 1271
2239 2 2 7 201 133 132 1233
2240 2 2 7 201 341 340 1220
2241 2 2 7 201 606 1344 1467
2242 2 2 7 201 336 335 452
2243 2 2 7 201 134 133 454
2244 2 2 7 201 966 965 967
2245 2 2 7 201 602 690 1354
2246 2 2 7 201 748 747 1150
2247 2 2 7 201 48 437 1377
2248 2 2 7 201 1436 1435 1696
2249 2 2 7 201 578 577 592
2250 2 2 7 201 585 586 590
2251 2 2 7 201 1393 494 1394
2252 2 2 7 201 1441 1417 1643
2253 2 2 7 201 432 431 1228
2254 2 2 7 201 841 840 842
2255 2 2 7 201 1186 440 1673
2256 2 2 7 201 1252 1251 1261
2257 2 2 7 201 342 341 1216
2258 2 2 7 201 995 1103 1168
2259 2 2 7 201 1565 615 1804
2260 2 2 7 201 1411 1408 1444
2261 2 2 7 201 471 1134 1372
2262 2 2 7 201 1098 1564 1634
2263 2 2 7 201 335 334 1287
2264 2 2 7 201 135 134 1288
2265 2 2 7 201 685 686 687
2266 2 2 7 201 916 456 1630
2267 2 2 7 201 1012 1187 1620
2268 2 2 7 201 1461 805 1600
2269 2 2 7 201 733 761 1302
2270 2 2 7 201 1341 1320 1495
2271 2 2 7 201 279 278 1592
2272 2 2 7 201 527 571 1623
2273 2 2 7 201 413 412 1584
2274 2 2 7 201 751 741 758
2275 2 2 7 201 632 663 886
2276 2 2 7 201 1187 1146 1687
2277 2 2 7 201 1323 1324 1684
2278 2 2 7 201 1483 35 1652
2279 2 2 7 201 894 773 1029
2280 2 2 7 201 930 1741 1777
2281 2 2 7 201 302 301 500
2282 2 2 7 201 1438 1394 1657
2283 2 2 7 201 704 700 1178
2284 2 2 7 201 334 333 550
2285 2 2 7 201 136 135 551
2286 2 2 7 201 433 432 1011
2287 2 2 7 201 375 374 1012
2288 2 2 7 201 450 1361 1364
2289 2 2 7 201 831 830 832
2290 2 2 7 201 693 695 1571
2291 2 2 7 201 968 967 969
2292 2 2 7 201 754 755 756
2293 2 2 7 201 716 717 718
2294 2 2 7 201 435 434 888
2295 2 2 7 201 373 372 887
2296 2 2 7 201 1182 970 1727
2297 2 2 7 201 581 582 583
2298 2 2 7 201 574 573 575
2299 2 2 7 201 1468 36 1657
2300 2 2 7 201 546 1593 1664
2301 2 2 7 201 333 332 1277
2302 2 2 7 201 137 136 1289
2303 2 2 7 201 1169 794 1176
2304 2 2 7 201 532 565 1299
2305 2 2 7 201 753 782 1150
2306 2 2 7 201 1167 1075 1700
2307 2 2 7 201 540 570 1706
2308 2 2 7 201 1615 1294 1650
2309 2 2 7 201 756 769 771
2310 2 2 7 201 946 1020 1104
2311 2 2 7 201 1585 443 1750
2312 2 2 7 201 97 98 458
2313 2 2 7 201 876 1738 1812
2314 2 2 7 201 434 433 1234
2315 2 2 7 201 374 373 1270
2316 2 2 7 201 759 760 775
2317 2 2 7 201 1540 1546 1787
2318 2 2 7 201 802 1001 1571
2319 2 2 7 201 428 427 1607
2320 2 2 7 201 380 379 1608
2321 2 2 7 201 98 99 801
2322 2 2 7 201 805 1383 1600
2323 2 2 7 201 711 703 1384
2324 2 2 7 201 332 331 449
2325 2 2 7 201 138 137 450
2326 2 2 7 201 1347 1309 1595
2327 2 2 7 201 616 625 1229
2328 2 2 7 201 651 578 1295
2329 2 2 7 201 833 1219 1721
2330 2 2 7 201 944 945 1712
2331 2 2 7 201 1402 1420 1443
2332 2 2 7 201 845 1283 1286
2333 2 2 7 201 926 927 1556
2334 2 2 7 201 1290 1197 1665
2335 2 2 7 201 1628 987 1641
2336 2 2 7 201 473 902 903
2337 2 2 7 201 460 885 1817
2338 2 2 7 201 376 375 1620
2339 2 2 7 201 983 1232 1667
2340 2 2 7 201 39 1388 1612
2341 2 2 7 201 705 704 706
2342 2 2 7 201 46 1159 1733
2343 2 2 7 201 701 702 703
2344 2 2 7 201 1097 1664 1797
2345 2 2 7 201 583 584 585
2346 2 2 7 201 576 575 577
2347 2 2 7 201 171 170 1174
2348 2 2 7 201 1037 932 1148
2349 2 2 7 201 1005 1563 1637
2350 2 2 7 201 705 1273 1384
2351 2 2 7 201 1383 508 1703
2352 2 2 7 201 574 575 576
2353 2 2 7 201 583 582 584
2354 2 2 7 201 661 1356 1367
2355 2 2 7 201 1393 1396 1814
2356 2 2 7 201 586 650 1294
2357 2 2 7 201 884 883 1621
2358 2 2 7 201 1009 1008 1669
2359 2 2 7 201 777 744 1562
2360 2 2 7 201 1005 1004 1737
2361 2 2 7 201 1028 545 1552
2362 2 2 7 201 477 1028 1555
2363 2 2 7 201 436 435 1297
2364 2 2 7 201 372 371 1298
2365 2 2 7 201 1437 1417 1441
2366 2 2 7 201 1108 514 1599
2367 2 2 7 201 848 696 1682
2368 2 2 7 201 1371 1002 1765
2369 2 2 7 201 785 780 820
2370 2 2 7 201 1535 1285 1691
2371 2 2 7 201 761 912 1782
2372 2 2 7 201 460 682 683
2373 2 2 7 201 1144 835 1686
2374 2 2 7 201 536 541 1371
2375 2 2 7 201 985 970 1749
2376 2 2 7 201 812 811 813
2377 2 2 7 201 331 330 1358
2378 2 2 7 201 139 138 1364
2379 2 2 7 201 458 801 802
2380 2 2 7 201 1175 1586 1756
2381 2 2 7 201 437 436 505
2382 2 2 7 201 371 370 504
2383 2 2 7 201 1330 1328 1725
2384 2 2 7 201 30 1511 1656
2385 2 2 7 201 631 594 632
2386 2 2 7 201 542 557 1662
2387 2 2 7 201 962 832 963
2388 2 2 7 201 1117 861 1624
2389 2 2 7 201 1472 1121 1778
2390 2 2 7 201 691 693 1675
2391 2 2 7 201 765 809 1597
2392 2 2 7 201 980 1007 1008
2393 2 2 7 201 843 842 844
2394 2 2 7 201 301 300 1275
2395 2 2 7 201 605 530 1299
2396 2 2 7 201 621 906 1114
2397 2 2 7 201 1063 1053 1598
2398 2 2 7 201 904 844 905
2399 2 2 7 201 1746 1225 1766
2400 2 2 7 201 712 714 715
2401 2 2 7 201 530 532 1299
2402 2 2 7 201 622 1613 1614
2403 2 2 7 201 1086 1085 1618
2404 2 2 7 201 868 1561 1576
2405 2 2 7 201 1202 1204 1678
2406 2 2 7 201 632 919 1356
2407 2 2 7 201 1015 858 1016
2408 2 2 7 201 161 160 1627
2409 2 2 7 201 1313 27 1460
2410 2 2 7 201 499 1498 1676
2411 2 2 7 201 96 97 1003
2412 2 2 7 201 759 758 760
2413 2 2 7 201 1537 1535 1538
2414 2 2 7 201 1561 890 1623
2415 2 2 7 201 988 1213 1658
2416 2 2 7 201 1599 1553 1752
2417 2 2 7 201 1258 1244 1573
2418 2 2 7 201 687 688 689
2419 2 2 7 201 968 969 1580
2420 2 2 7 201 710 711 712
2421 2 2 7 201 813 811 815
2422 2 2 7 201 1508 1351 1722
2423 2 2 7 201 36 1454 1726
2424 2 2 7 201 330 329 552
2425 2 2 7 201 140 139 553
2426 2 2 7 201 623 1098 1634
2427 2 2 7 201 683 682 684
2428 2 2 7 201 172 171 1501
2429 2 2 7 201 705 706 770
2430 2 2 7 201 1382 921 1383
2431 2 2 7 201 1152 1100 1694
2432 2 2 7 201 594 556 1274
2433 2 2 7 201 1350 1310 1663
2434 2 2 7 201 14 1139 1751
2435 2 2 7 201 1123 596 1685
2436 2 2 7 201 697 698 699
2437 2 2 7 201 585 590 1202
2438 2 2 7 201 565 534 1371
2439 2 2 7 201 1540 1545 1546
2440 2 2 7 201 628 600 1632
2441 2 2 7 201 1043 1079 1593
2442 2 2 7 201 1154 651 1386
2443 2 2 7 201 762 748 763
2444 2 2 7 201 11 1574 1575
2445 2 2 7 201 869 815 1116
2446 2 2 7 201 312 311 439
2447 2 2 7 201 158 157 438
2448 2 2 7 201 848 1515 1661
2449 2 2 7 201 636 1173 1606
2450 2 2 7 201 1539 1540 1787
2451 2 2 7 201 271 270 1642
2452 2 2 7 201 749 737 1812
2453 2 2 7 201 590 586 591
2454 2 2 7 201 1079 1026 1664
2455 2 2 7 201 512 836 837
2456 2 2 7 201 578 592 593
2457 2 2 7 201 159 158 1370
2458 2 2 7 201 1417 1416 1643
2459 2 2 7 201 1428 1442 1445
2460 2 2 7 201 545 562 1552
2461 2 2 7 201 160 159 934
2462 2 2 7 201 617 1177 1745
2463 2 2 7 201 912 761 1699
2464 2 2 7 201 502 1080 1800
2465 2 2 7 201 725 1005 1637
2466 2 2 7 201 883 882 1807
2467 2 2 7 201 1161 942 1163
2468 2 2 7 201 683 684 822
2469 2 2 7 201 874 1577 1711
2470 2 2 7 201 1334 1348 1578
2471 2 2 7 201 528 605 1770
2472 2 2 7 201 1086 1618 1685
2473 2 2 7 201 1623 890 1803
2474 2 2 7 201 1454 823 1726
2475 2 2 7 201 687 686 688
2476 2 2 7 201 977 1363 1666
2477 2 2 7 201 693 694 695
2478 2 2 7 201 689 688 1031
2479 2 2 7 201 560 524 1355
2480 2 2 7 201 1387 40 1719
2481 2 2 7 201 1155 680 1762
2482 2 2 7 201 1187 520 1620
2483 2 2 7 201 302 500 1212
2484 2 2 7 201 1181 884 1183
2485 2 2 7 201 1002 996 1765
2486 2 2 7 201 1573 1244 1594
2487 2 2 7 201 1177 926 1556
2488 2 2 7 201 813 815 869
2489 2 2 7 201 329 328 1357
2490 2 2 7 201 1412 1411 1636
2491 2 2 7 201 141 140 1359
2492 2 2 7 201 873 784 1781
2493 2 2 7 201 370 47 1378
2494 2 2 7 201 1196 1687 1733
2495 2 2 7 201 1664 1026 1797
2496 2 2 7 201 1106 1009 1585
2497 2 2 7 201 782 884 1181
2498 2 2 7 201 693 692 694
2499 2 2 7 201 313 312 1368
2500 2 2 7 201 893 1145 1599
2501 2 2 7 201 821 820 935
2502 2 2 7 201 1379 526 1770
2503 2 2 7 201 300 299 670
2504 2 2 7 201 1202 590 1203
2505 2 2 7 201 864 1124 1723
2506 2 2 7 201 852 855 1570
2507 2 2 7 201 741 738 1520
2508 2 2 7 201 1450 516 1592
2509 2 2 7 201 608 1450 1592
2510 2 2 7 201 1254 1257 1485
2511 2 2 7 201 661 631 1356
2512 2 2 7 201 665 1007 1622
2513 2 2 7 201 662 169 1646
2514 2 2 7 201 986 984 1767
2515 2 2 7 201 427 859 1607
2516 2 2 7 201 860 380 1608
2517 2 2 7 201 311 310 1522
2518 2 2 7 201 921 1382 1772
2519 2 2 7 201 1226 1227 1667
2520 2 2 7 201 299 298 1381
2521 2 2 7 201 1225 845 1766
2522 2 2 7 201 145 144 976
2523 2 2 7 201 694 692 708
2524 2 2 7 201 298 297 1461
2525 2 2 7 201 524 1030 1355
2526 2 2 7 201 1764 1182 1788
2527 2 2 7 201 1121 34 1778
2528 2 2 7 201 230 229 633
2529 2 2 7 201 225 224 1387
2530 2 2 7 201 226 225 669
2531 2 2 7 201 296 295 1391
2532 2 2 7 201 231 230 1453
2533 2 2 7 201 199 198 1389
2534 2 2 7 201 273 272 1390
2535 2 2 7 201 245 244 1388
2536 2 2 7 201 222 221 1447
2537 2 2 7 201 280 279 516
2538 2 2 7 201 206 205 515
2539 2 2 7 201 215 214 638
2540 2 2 7 201 289 288 639
2541 2 2 7 201 213 212 494
2542 2 2 7 201 287 286 493
2543 2 2 7 201 282 281 824
2544 2 2 7 201 208 207 823
2545 2 2 7 201 204 203 609
2546 2 2 7 201 278 277 608
2547 2 2 7 201 220 219 1456
2548 2 2 7 201 294 293 1455
2549 2 2 7 201 224 223 1463
2550 2 2 7 201 244 243 668
2551 2 2 7 201 207 206 1448
2552 2 2 7 201 214 213 1392
2553 2 2 7 201 217 216 1130
2554 2 2 7 201 291 290 1129
2555 2 2 7 201 201 200 1465
2556 2 2 7 201 275 274 1466
2557 2 2 7 201 211 210 659
2558 2 2 7 201 285 284 658
2559 2 2 7 201 281 280 1449
2560 2 2 7 201 193 192 1467
2561 2 2 7 201 239 238 1480
2562 2 2 7 201 290 289 1459
2563 2 2 7 201 216 215 1457
2564 2 2 7 201 210 209 1468
2565 2 2 7 201 284 283 1471
2566 2 2 7 201 223 222 806
2567 2 2 7 201 196 195 648
2568 2 2 7 201 270 269 647
2569 2 2 7 201 198 197 486
2570 2 2 7 201 272 271 485
2571 2 2 7 201 241 240 1486
2572 2 2 7 201 218 217 1477
2573 2 2 7 201 276 275 1120
2574 2 2 7 201 202 201 1121
2575 2 2 7 201 292 291 1475
2576 2 2 7 201 229 228 1484
2577 2 2 7 201 203 202 1472
2578 2 2 7 201 277 276 1474
2579 2 2 7 201 256 255 1473
2580 2 2 7 201 212 211 1464
2581 2 2 7 201 209 208 1454
2582 2 2 7 201 286 285 1462
2583 2 2 7 201 283 282 1451
2584 2 2 7 201 293 292 619
2585 2 2 7 201 219 218 620
2586 2 2 7 201 260 259 1487
2587 2 2 7 201 274 273 646
2588 2 2 7 201 200 199 645
2589 2 2 7 201 221 220 507
2590 2 2 7 201 295 294 508
2591 2 2 7 201 205 204 1452
2592 2 2 7 201 252 251 1481
2593 2 2 7 201 297 296 805
2594 2 2 7 201 288 287 1446
2595 2 2 7 201 265 264 1482
2596 2 2 7 201 242 241 498
2597 2 2 7 201 268 267 1118
2598 2 2 7 201 227 226 1498
2599 2 2 7 201 266 265 607
2600 2 2 7 201 261 260 1483
2601 2 2 7 201 177 176 617
2602 2 2 7 201 257 256 492
2603 2 2 7 201 255 254 640
2604 2 2 7 201 189 188 1493
2605 2 2 7 201 251 250 618
2606 2 2 7 201 176 175 1496
2607 2 2 7 201 173 172 808
2608 2 2 7 201 174 173 1500
2609 2 2 7 201 232 231 1142
2610 2 2 7 201 228 227 499
2611 2 2 7 201 238 237 1141
2612 2 2 7 201 175 174 510
2613 2 2 7 201 190 189 518
2614 2 2 7 201 249 248 509
2615 2 2 7 201 247 246 807
2616 2 2 7 201 248 247 1499
2617 2 2 7 201 264 263 517
2618 2 2 7 201 250 249 1502
2619 2 2 7 201 262 261 825
2620 2 2 7 201 243 242 1490
2621 2 2 7 201 192 191 606
2622 2 2 7 201 194 193 1119
2623 2 2 7 201 187 186 1505
2624 2 2 7 201 191 190 1504
2625 2 2 7 201 269 268 1488
2626 2 2 7 201 188 187 826
2627 2 2 7 201 184 183 1506
2628 2 2 7 201 179 178 1128
2629 2 2 7 201 183 182 491
2630 2 2 7 201 185 184 657
2631 2 2 7 201 181 180 641
2632 2 2 7 201 182 181 1508
2633 2 2 7 201 180 179 1509
2634 2 2 7 201 186 185 1511
2635 2 2 7 201 195 194 1503
2636 2 2 7 201 267 266 1489
2637 2 2 7 201 253 252 1127
2638 2 2 7 201 246 245 1510
2639 2 2 7 201 178 177 1507
2640 2 2 7 201 259 258 656
2641 2 2 7 201 263 262 1497
2642 2 2 7 201 258 257 1513
2643 2 2 7 201 254 253 1512
2644 2 2 7 201 197 196 1469
2645 2 2 7 201 240 239 634
2646 2 2 7 201 1362 1580 1666
2647 2 2 7 201 13 1628 1641
2648 2 2 7 201 233 232 1479
2649 2 2 7 201 237 236 1491
2650 2 2 7 201 157 156 1369
2651 2 2 7 201 47 233 630
2652 2 2 7 201 236 48 629
2653 2 2 7 201 1410 1440 1444
2654 2 2 7 201 1439 1429 1572
2655 2 2 7 201 744 746 1562
2656 2 2 7 201 592 577 1208
2657 2 2 7 201 1100 404 1694
2658 2 2 7 201 1159 378 1196
2659 2 2 7 201 169 168 1646
2660 2 2 7 201 1501 26 1777
2661 2 2 7 201 763 764 765
2662 2 2 7 201 328 327 1533
2663 2 2 7 201 146 145 1385
2664 2 2 7 201 1310 1311 1663
2665 2 2 7 201 142 141 1376
2666 2 2 7 201 1179 739 1769
2667 2 2 7 201 1137 1771 1806
2668 2 2 7 201 314 313 1528
2669 2 2 7 201 1017 804 1653
2670 2 2 7 201 151 150 981
2671 2 2 7 201 707 997 1761
2672 2 2 7 201 324 323 1536
2673 2 2 7 201 325 324 1542
2674 2 2 7 201 326 325 1534
2675 2 2 7 201 1656 1350 1663
2676 2 2 7 201 718 720 774
2677 2 2 7 201 429 1160 1195
2678 2 2 7 201 150 149 1516
2679 2 2 7 201 1517 979 1605
2680 2 2 7 201 9 652 1732
2681 2 2 7 201 811 810 1518
2682 2 2 7 201 912 791 1782
2683 2 2 7 201 144 143 1543
2684 2 2 7 201 655 1100 1634
2685 2 2 7 201 1285 1535 1537
2686 2 2 7 201 1303 28 1556
2687 2 2 7 201 1442 1338 1445
2688 2 2 7 201 457 51 915
2689 2 2 7 201 473 114 902
2690 2 2 7 201 1221 453 1222
2691 2 2 7 201 1244 1259 1594
2692 2 2 7 201 152 151 1524
2693 2 2 7 201 1238 1301 1697
2694 2 2 7 201 147 146 1532
2695 2 2 7 201 861 862 1624
2696 2 2 7 201 310 309 943
2697 2 2 7 201 323 322 1541
2698 2 2 7 201 800 810 811
2699 2 2 7 201 565 1371 1765
2700 2 2 7 201 149 148 1519
2701 2 2 7 201 770 772 816
2702 2 2 7 201 1338 1333 1710
2703 2 2 7 201 1593 1079 1664
2704 2 2 7 201 791 912 913
2705 2 2 7 201 794 1169 1638
2706 2 2 7 201 885 683 1565
2707 2 2 7 201 403 623 1695
2708 2 2 7 201 1150 782 1181
2709 2 2 7 201 505 1301 1377
2710 2 2 7 201 1088 1086 1685
2711 2 2 7 201 1189 1382 1703
2712 2 2 7 201 746 762 1562
2713 2 2 7 201 1256 1269 1680
2714 2 2 7 201 317 316 444
2715 2 2 7 201 153 152 443
2716 2 2 7 201 316 315 1529
2717 2 2 7 201 634 1480 1716
2718 2 2 7 201 1279 1280 1283
2719 2 2 7 201 1104 12 1210
2720 2 2 7 201 928 1189 1602
2721 2 2 7 201 154 153 1525
2722 2 2 7 201 318 317 1523
2723 2 2 7 201 315 314 1162
2724 2 2 7 201 1175 975 1586
2725 2 2 7 201 1145 894 1558
2726 2 2 7 201 155 154 1526
2727 2 2 7 201 534 536 1371
2728 2 2 7 201 322 321 445
2729 2 2 7 201 148 147 446
2730 2 2 7 201 319 318 1548
2731 2 2 7 201 327 326 448
2732 2 2 7 201 143 142 447
2733 2 2 7 201 738 1113 1520
2734 2 2 7 201 1361 553 1364
2735 2 2 7 201 168 503 1646
2736 2 2 7 201 379 1159 1608
2737 2 2 7 201 156 155 1010
2738 2 2 7 201 321 320 1544
2739 2 2 7 201 555 1097 1797
2740 2 2 7 201 320 319 1166
2741 2 2 7 201 1510 39 1740
2742 2 2 7 201 43 1011 1700
2743 2 2 7 201 763 765 766
2744 2 2 7 201 1627 934 1815
2745 2 2 7 201 1160 428 1607
2746 2 2 7 201 35 1434 1652
2747 2 2 7 201 1418 1433 1683
2748 2 2 7 201 822 684 899
2749 2 2 7 201 1169 463 1638
2750 2 2 7 201 720 1117 1624
2751 2 2 7 201 896 1186 1673
2752 2 2 7 201 804 672 1603
2753 2 2 7 201 819 818 1617
2754 2 2 7 201 1561 571 1576
2755 2 2 7 201 514 1553 1599
2756 2 2 7 201 1221 875 1742
2757 2 2 7 201 1443 640 1512
2758 2 2 7 201 800 799 810
2759 2 2 7 201 695 696 697
2760 2 2 7 201 772 786 787
2761 2 2 7 201 1292 868 1576
2762 2 2 7 201 348 568 1193
2763 2 2 7 201 569 121 1194
2764 2 2 7 201 1146 1074 1687
2765 2 2 7 201 1360 553 1361
2766 2 2 7 201 1145 1108 1599
2767 2 2 7 201 550 1279 1287
2768 2 2 7 201 458 802 850
2769 2 2 7 201 1429 1445 1572
2770 2 2 7 201 1531 579 1609
2771 2 2 7 201 785 1211 1380
2772 2 2 7 201 681 1293 1366
2773 2 2 7 201 1180 465 1611
2774 2 2 7 201 953 939 1806
2775 2 2 7 201 1032 496 1693
2776 2 2 7 201 898 793 1648
2777 2 2 7 201 568 347 1200
2778 2 2 7 201 122 569 1192
2779 2 2 7 201 550 1278 1279
2780 2 2 7 201 837 838 839
2781 2 2 7 201 1348 1342 1809
2782 2 2 7 201 1198 521 1732
2783 2 2 7 201 791 913 917
2784 2 2 7 201 1693 496 1792
2785 2 2 7 201 1204 1205 1515
2786 2 2 7 201 653 612 1698
2787 2 2 7 201 497 1034 1560
2788 2 2 7 201 1011 1228 1700
2789 2 2 7 201 1281 1278 1779
2790 2 2 7 201 584 582 1589
2791 2 2 7 201 623 1152 1695
2792 2 2 7 201 1109 462 1681
2793 2 2 7 201 14 1137 1139
2794 2 2 7 201 11 1207 1574
2795 2 2 7 201 562 574 1552
2796 2 2 7 201 170 662 1174
2797 2 2 7 201 651 1295 1808
2798 2 2 7 201 715 714 716
2799 2 2 7 201 942 952 1164
2800 2 2 7 201 582 560 1355
2801 2 2 7 201 646 1346 1671
2802 2 2 7 201 1268 1262 1704
2803 2 2 7 201 766 767 768
2804 2 2 7 201 1346 1390 1809
2805 2 2 7 201 1034 1033 1558
2806 2 2 7 201 774 720 1624
2807 2 2 7 201 984 966 1767
2808 2 2 7 201 633 1485 1668
2809 2 2 7 201 631 632 1356
2810 2 2 7 201 672 1172 1603
2811 2 2 7 201 886 663 1559
2812 2 2 7 201 483 123 1192
2813 2 2 7 201 346 482 1200
2814 2 2 7 201 775 789 790
2815 2 2 7 201 441 1621 1807
2816 2 2 7 201 851 788 852
2817 2 2 7 201 1598 1051 1768
2818 2 2 7 201 770 706 772
2819 2 2 7 201 758 741 1520
2820 2 2 7 201 1445 1338 1572
2821 2 2 7 201 598 1016 1760
2822 2 2 7 201 1553 1109 1681
2823 2 2 7 201 377 520 1196
2824 2 2 7 201 1074 1069 1728
2825 2 2 7 201 733 732 754
2826 2 2 7 201 519 430 1195
2827 2 2 7 201 1280 1278 1281
2828 2 2 7 201 503 1036 1759
2829 2 2 7 201 1603 961 1653
2830 2 2 7 201 1222 453 1223
2831 2 2 7 201 871 1144 1554
2832 2 2 7 201 1504 518 1684
2833 2 2 7 201 349 1193 1776
2834 2 2 7 201 1194 120 1775
2835 2 2 7 201 1550 874 1711
2836 2 2 7 201 449 1358 1566
2837 2 2 7 201 798 475 799
2838 2 2 7 201 1382 1188 1772
2839 2 2 7 201 830 511 889
2840 2 2 7 201 1170 865 1784
2841 2 2 7 201 1087 1088 1692
2842 2 2 7 201 466 1035 1763
2843 2 2 7 201 798 799 800
2844 2 2 7 201 1353 1206 1551
2845 2 2 7 201 482 345 1201
2846 2 2 7 201 1154 1386 1818
2847 2 2 7 201 1213 587 1658
2848 2 2 7 201 1476 27 1602
2849 2 2 7 201 837 839 1191
2850 2 2 7 201 520 376 1620
2851 2 2 7 201 775 760 789
2852 2 2 7 201 989 68 1708
2853 2 2 7 201 593 592 946
2854 2 2 7 201 1196 520 1687
2855 2 2 7 201 1286 909 1649
2856 2 2 7 201 911 771 1015
2857 2 2 7 201 124 483 1199
2858 2 2 7 201 709 703 710
2859 2 2 7 201 820 780 910
2860 2 2 7 201 1138 1296 1771
2861 2 2 7 201 1359 1360 1363
2862 2 2 7 201 1392 494 1393
2863 2 2 7 201 783 784 873
2864 2 2 7 201 1382 1383 1703
2865 2 2 7 201 578 593 1295
2866 2 2 7 201 767 765 1597
2867 2 2 7 201 1067 1060 1730
2868 2 2 7 201 1201 344 1215
2869 2 2 7 201 1596 457 1619
2870 2 2 7 201 1284 1281 1566
2871 2 2 7 201 33 1572 1710
2872 2 2 7 201 343 467 1215
2873 2 2 7 201 1352 1318 1659
2874 2 2 7 201 1222 1224 1225
2875 2 2 7 201 815 811 1518
2876 2 2 7 201 790 791 917
2877 2 2 7 201 1163 942 1164
2878 2 2 7 201 959 790 1630
2879 2 2 7 201 468 126 1218
2880 2 2 7 201 127 468 1217
2881 2 2 7 201 695 694 696
2882 2 2 7 201 654 1172 1644
2883 2 2 7 201 1363 447 1376
2884 2 2 7 201 125 1199 1218
2885 2 2 7 201 1345 1316 1629
2886 2 2 7 201 128 1217 1226
2887 2 2 7 201 683 822 1565
2888 2 2 7 201 447 1363 1756
2889 2 2 7 201 647 1348 1642
2890 2 2 7 201 1348 485 1642
2891 2 2 7 201 697 696 698
2892 2 2 7 201 1728 46 1733
2893 2 2 7 201 1015 771 1570
2894 2 2 7 201 650 1132 1739
2895 2 2 7 201 1274 644 1655
2896 2 2 7 201 1205 1203 1206
2897 2 2 7 201 766 765 767
2898 2 2 7 201 455 129 1226
2899 2 2 7 201 235 1152 1694
2900 2 2 7 201 1152 234 1695
2901 2 2 7 201 1033 442 1558
2902 2 2 7 201 1552 1154 1818
2903 2 2 7 201 942 940 952
2904 2 2 7 201 954 457 1596
2905 2 2 7 201 936 935 937
2906 2 2 7 201 1151 540 1706
2907 2 2 7 201 660 1180 1611
2908 2 2 7 201 644 1171 1655
2909 2 2 7 201 1569 1626 1639
2910 2 2 7 201 453 339 1223
2911 2 2 7 201 130 455 1231
2912 2 2 7 201 774 1624 1813
2913 2 2 7 201 839 840 841
2914 2 2 7 201 1411 1444 1670
2915 2 2 7 201 1351 641 1709
2916 2 2 7 201 467 342 1216
2917 2 2 7 201 338 549 1223
2918 2 2 7 201 548 131 1231
2919 2 2 7 201 340 453 1220
2920 2 2 7 201 1583 684 1780
2921 2 2 7 201 591 586 1294
2922 2 2 7 201 855 854 856
2923 2 2 7 201 969 970 971
2924 2 2 7 201 913 598 1702
2925 2 2 7 201 549 337 1271
2926 2 2 7 201 132 548 1233
2927 2 2 7 201 804 1603 1653
2928 2 2 7 201 1227 1582 1667
2929 2 2 7 201 936 944 1712
2930 2 2 7 201 1114 906 1588
2931 2 2 7 201 336 452 1271
2932 2 2 7 201 454 133 1233
2933 2 2 7 201 1580 977 1666
2934 2 2 7 201 431 519 1228
2935 2 2 7 201 715 716 780
2936 2 2 7 201 611 917 1688
2937 2 2 7 201 1216 341 1220
2938 2 2 7 201 1617 1155 1707
2939 2 2 7 201 31 1671 1725
2940 2 2 7 201 787 851 1569
2941 2 2 7 201 452 335 1287
2942 2 2 7 201 134 454 1288
2943 2 2 7 201 1275 670 1276
2944 2 2 7 201 733 754 761
2945 2 2 7 201 1359 1363 1376
2946 2 2 7 201 1136 1135 1138
2947 2 2 7 201 703 702 1384
2948 2 2 7 201 1263 1264 1716
2949 2 2 7 201 375 1012 1620
2950 2 2 7 201 846 1746 1766
2951 2 2 7 201 633 1484 1485
2952 2 2 7 201 1026 1027 1797
2953 2 2 7 201 692 689 1549
2954 2 2 7 201 1434 1432 1652
2955 2 2 7 201 893 1599 1752
2956 2 2 7 201 1453 633 1668
2957 2 2 7 201 334 550 1287
2958 2 2 7 201 551 135 1288
2959 2 2 7 201 1440 1419 1740
2960 2 2 7 201 1149 1627 1815
2961 2 2 7 201 1197 960 1665
2962 2 2 7 201 844 1649 1754
2963 2 2 7 201 1518 810 1590
2964 2 2 7 201 994 1168 1759
2965 2 2 7 201 23 14 1751
2966 2 2 7 201 1515 1205 1661
2967 2 2 7 201 1613 622 1654
2968 2 2 7 201 877 880 1738
2969 2 2 7 201 1600 921 1755
2970 2 2 7 201 550 333 1277
2971 2 2 7 201 136 551 1289
2972 2 2 7 201 1200 482 1554
2973 2 2 7 201 14 1135 1136
2974 2 2 7 201 24 349 1776
2975 2 2 7 201 120 17 1775
2976 2 2 7 201 1116 815 1761
2977 2 2 7 201 1117 725 1637
2978 2 2 7 201 787 788 851
2979 2 2 7 201 943 309 1810
2980 2 2 7 201 1039 1379 1770
2981 2 2 7 201 1011 432 1228
2982 2 2 7 201 442 1145 1558
2983 2 2 7 201 1031 688 1658
2984 2 2 7 201 351 866 1686
2985 2 2 7 201 899 684 1583
2986 2 2 7 201 997 1116 1761
2987 2 2 7 201 884 1621 1693
2988 2 2 7 201 875 1746 1799
2989 2 2 7 201 508 1383 1391
2990 2 2 7 201 332 449 1277
2991 2 2 7 201 450 137 1289
2992 2 2 7 201 708 692 1549
2993 2 2 7 201 1621 883 1807
2994 2 2 7 201 1436 1696 1778
2995 2 2 7 201 963 832 978
2996 2 2 7 201 872 802 1571
2997 2 2 7 201 1199 483 1577
2998 2 2 7 201 850 802 872
2999 2 2 7 201 1159 46 1608
3000 2 2 7 201 1507 617 1745
3001 2 2 7 201 875 1221 1746
3002 2 2 7 201 807 1510 1740
3003 2 2 7 201 620 1477 1478
3004 2 2 7 201 45 1160 1607
3005 2 2 7 201 1210 12 1211
3006 2 2 7 201 1342 1346 1809
3007 2 2 7 201 937 667 1717
3008 2 2 7 201 486 1469 1470
3009 2 2 7 201 1396 1398 1635
3010 2 2 7 201 433 1011 1234
3011 2 2 7 201 1012 374 1270
3012 2 2 7 201 822 899 1609
3013 2 2 7 201 468 1218 1219
3014 2 2 7 201 1791 875 1799
3015 2 2 7 201 689 1031 1549
3016 2 2 7 201 437 505 1377
3017 2 2 7 201 1201 914 1713
3018 2 2 7 201 888 434 1234
3019 2 2 7 201 373 887 1270
3020 2 2 7 201 1493 826 1494
3021 2 2 7 201 1007 973 1622
3022 2 2 7 201 521 478 1732
3023 2 2 7 201 1226 1217 1227
3024 2 2 7 201 1491 629 1492
3025 2 2 7 201 500 301 1275
3026 2 2 7 201 789 760 1302
3027 2 2 7 201 457 915 1619
3028 2 2 7 201 1137 1136 1771
3029 2 2 7 201 1687 1074 1733
3030 2 2 7 201 903 1018 1749
3031 2 2 7 201 1557 441 1807
3032 2 2 7 201 945 821 1712
3033 2 2 7 201 841 842 843
3034 2 2 7 201 768 767 783
3035 2 2 7 201 619 1475 1476
3036 2 2 7 201 1665 960 1785
3037 2 2 7 201 449 331 1358
3038 2 2 7 201 138 450 1364
3039 2 2 7 201 1523 1547 1548
3040 2 2 7 201 1283 1280 1286
3041 2 2 7 201 790 789 791
3042 2 2 7 201 1155 614 1707
3043 2 2 7 201 1547 1166 1548
3044 2 2 7 201 541 542 1662
3045 2 2 7 201 435 888 1297
3046 2 2 7 201 887 372 1298
3047 2 2 7 201 1394 494 1464
3048 2 2 7 201 756 771 911
3049 2 2 7 201 1189 1703 1783
3050 2 2 7 201 1626 816 1639
3051 2 2 7 201 1148 933 1815
3052 2 2 7 201 353 512 1625
3053 2 2 7 201 1028 1552 1818
3054 2 2 7 201 861 1117 1637
3055 2 2 7 201 65 951 1115
3056 2 2 7 201 980 974 1007
3057 2 2 7 201 1220 453 1221
3058 2 2 7 201 610 49 989
3059 2 2 7 201 456 959 1630
3060 2 2 7 201 44 1573 1594
3061 2 2 7 201 441 1032 1621
3062 2 2 7 201 1459 639 1460
3063 2 2 7 201 1545 1166 1547
3064 2 2 7 201 1360 1361 1362
3065 2 2 7 201 938 937 1000
3066 2 2 7 201 1203 590 1551
3067 2 2 7 201 1537 1538 1539
3068 2 2 7 201 593 946 1616
3069 2 2 7 201 1104 1210 1672
3070 2 2 7 201 663 1274 1655
3071 2 2 7 201 1560 1034 1729
3072 2 2 7 201 516 279 1592
3073 2 2 7 201 278 608 1592
3074 2 2 7 201 688 988 1658
3075 2 2 7 201 493 1462 1595
3076 2 2 7 201 1290 713 1757
3077 2 2 7 201 1260 1243 1720
3078 2 2 7 201 787 1569 1639
3079 2 2 7 201 1188 923 1772
3080 2 2 7 201 1132 1131 1133
3081 2 2 7 201 1569 769 1626
3082 2 2 7 201 1279 1278 1280
3083 2 2 7 201 160 934 1627
3084 2 2 7 201 582 1355 1589
3085 2 2 7 201 491 1508 1722
3086 2 2 7 201 843 844 904
3087 2 2 7 201 647 1488 1578
3088 2 2 7 201 171 1174 1501
3089 2 2 7 201 548 1231 1232
3090 2 2 7 201 969 967 970
3091 2 2 7 201 629 48 1377
3092 2 2 7 201 510 1500 1741
3093 2 2 7 201 809 1596 1597
3094 2 2 7 201 505 436 1297
3095 2 2 7 201 371 504 1298
3096 2 2 7 201 1036 994 1759
3097 2 2 7 201 991 1290 1665
3098 2 2 7 201 941 1140 1802
3099 2 2 7 201 1001 476 1675
3100 2 2 7 201 486 1470 1744
3101 2 2 7 201 1574 786 1575
3102 2 2 7 201 309 308 1810
3103 2 2 7 201 330 552 1358
3104 2 2 7 201 553 139 1364
3105 2 2 7 201 933 932 1798
3106 2 2 7 201 454 1233 1373
3107 2 2 7 201 862 768 1604
3108 2 2 7 201 1440 39 1704
3109 2 2 7 201 526 528 1770
3110 2 2 7 201 885 1565 1804
3111 2 2 7 201 41 1263 1716
3112 2 2 7 201 571 1561 1623
3113 2 2 7 201 1165 1164 1581
3114 2 2 7 201 667 1701 1717
3115 2 2 7 201 497 1560 1789
3116 2 2 7 201 1714 931 1798
3117 2 2 7 201 1619 915 1781
3118 2 2 7 201 1763 1035 1784
3119 2 2 7 201 865 1763 1784
3120 2 2 7 201 1189 1476 1602
3121 2 2 7 201 485 271 1642
3122 2 2 7 201 270 647 1642
3123 2 2 7 201 910 780 1677
3124 2 2 7 201 1009 1527 1585
3125 2 2 7 201 978 832 1816
3126 2 2 7 201 1211 785 1747
3127 2 2 7 201 1412 1636 1679
3128 2 2 7 201 1375 1116 1801
3129 2 2 7 201 1516 1519 1605
3130 2 2 7 201 890 1190 1803
3131 2 2 7 201 1271 452 1300
3132 2 2 7 201 654 1644 1804
3133 2 2 7 201 1383 921 1600
3134 2 2 7 201 590 591 1551
3135 2 2 7 201 708 1515 1682
3136 2 2 7 201 664 1654 1795
3137 2 2 7 201 1546 1165 1581
3138 2 2 7 201 1579 896 1673
3139 2 2 7 201 300 670 1275
3140 2 2 7 201 504 370 1378
3141 2 2 7 201 158 438 1370
3142 2 2 7 201 841 843 1521
3143 2 2 7 201 837 1191 1625
3144 2 2 7 201 934 159 1370
3145 2 2 7 201 1289 551 1633
3146 2 2 7 201 552 329 1357
3147 2 2 7 201 140 553 1359
3148 2 2 7 201 1037 1009 1669
3149 2 2 7 201 1351 1349 1722
3150 2 2 7 201 1168 1111 1759
3151 2 2 7 201 1457 638 1458
3152 2 2 7 201 808 1501 1777
3153 2 2 7 201 898 1579 1673
3154 2 2 7 201 659 1468 1657
3155 2 2 7 201 903 902 1018
3156 2 2 7 201 1 460 1817
3157 2 2 7 201 982 1373 1743
3158 2 2 7 201 852 854 855
3159 2 2 7 201 1579 898 1648
3160 2 2 7 201 1448 515 1601
3161 2 2 7 201 824 1449 1629
3162 2 2 7 201 312 439 1368
3163 2 2 7 201 1614 985 1749
3164 2 2 7 201 308 1751 1810
3165 2 2 7 201 808 172 1501
3166 2 2 7 201 439 311 1522
3167 2 2 7 201 892 1553 1681
3168 2 2 7 201 1465 645 1591
3169 2 2 7 201 1572 1338 1710
3170 2 2 7 201 1357 1533 1691
3171 2 2 7 201 1035 1212 1784
3172 2 2 7 201 438 157 1369
3173 2 2 7 201 1131 13 1641
3174 2 2 7 201 1738 749 1812
3175 2 2 7 201 1365 1106 1750
3176 2 2 7 201 550 1277 1278
3177 2 2 7 201 973 1613 1622
3178 2 2 7 201 14 1136 1137
3179 2 2 7 201 971 970 985
3180 2 2 7 201 1037 1148 1748
3181 2 2 7 201 871 1554 1713
3182 2 2 7 201 1523 444 1774
3183 2 2 7 201 1597 1596 1619
3184 2 2 7 201 855 856 858
3185 2 2 7 201 1389 486 1744
3186 2 2 7 201 670 299 1381
3187 2 2 7 201 47 630 1378
3188 2 2 7 201 1549 1031 1678
3189 2 2 7 201 784 1597 1619
3190 2 2 7 201 816 772 1639
3191 2 2 7 201 1018 1614 1749
3192 2 2 7 201 684 682 1780
3193 2 2 7 201 865 1291 1763
3194 2 2 7 201 1357 328 1533
3195 2 2 7 201 141 1359 1376
3196 2 2 7 201 1381 298 1461
3197 2 2 7 201 1511 657 1656
3198 2 2 7 201 38 1458 1635
3199 2 2 7 201 297 805 1461
3200 2 2 7 201 313 1368 1528
3201 2 2 7 201 230 633 1453
3202 2 2 7 201 669 225 1387
3203 2 2 7 201 633 229 1484
3204 2 2 7 201 1387 224 1463
3205 2 2 7 201 1142 231 1453
3206 2 2 7 201 226 669 1498
3207 2 2 7 201 223 806 1463
3208 2 2 7 201 213 494 1392
3209 2 2 7 201 806 222 1447
3210 2 2 7 201 221 507 1447
3211 2 2 7 201 206 515 1448
3212 2 2 7 201 215 638 1457
3213 2 2 7 201 823 207 1448
3214 2 2 7 201 280 516 1449
3215 2 2 7 201 244 668 1388
3216 2 2 7 201 638 214 1392
3217 2 2 7 201 289 639 1459
3218 2 2 7 201 805 296 1391
3219 2 2 7 201 494 212 1464
3220 2 2 7 201 295 508 1391
3221 2 2 7 201 824 281 1449
3222 2 2 7 201 493 286 1462
3223 2 2 7 201 639 288 1446
3224 2 2 7 201 515 205 1452
3225 2 2 7 201 287 493 1446
3226 2 2 7 201 646 273 1390
3227 2 2 7 201 645 199 1389
3228 2 2 7 201 608 277 1474
3229 2 2 7 201 609 203 1472
3230 2 2 7 201 659 210 1468
3231 2 2 7 201 282 824 1451
3232 2 2 7 201 1129 290 1459
3233 2 2 7 201 507 220 1456
3234 2 2 7 201 204 609 1452
3235 2 2 7 201 219 620 1456
3236 2 2 7 201 508 294 1455
3237 2 2 7 201 208 823 1454
3238 2 2 7 201 274 646 1466
3239 2 2 7 201 1130 216 1457
3240 2 2 7 201 245 1388 1510
3241 2 2 7 201 658 284 1471
3242 2 2 7 201 200 645 1465
3243 2 2 7 201 285 658 1462
3244 2 2 7 201 293 619 1455
3245 2 2 7 201 198 486 1389
3246 2 2 7 201 209 1454 1468
3247 2 2 7 201 283 1451 1471
3248 2 2 7 201 211 659 1464
3249 2 2 7 201 668 243 1490
3250 2 2 7 201 1121 201 1465
3251 2 2 7 201 272 485 1390
3252 2 2 7 201 291 1129 1475
3253 2 2 7 201 1120 275 1466
3254 2 2 7 201 217 1130 1477
3255 2 2 7 201 620 218 1477
3256 2 2 7 201 202 1121 1472
3257 2 2 7 201 619 292 1475
3258 2 2 7 201 276 1120 1474
3259 2 2 7 201 228 499 1484
3260 2 2 7 201 192 606 1467
3261 2 2 7 201 499 227 1498
3262 2 2 7 201 247 807 1499
3263 2 2 7 201 259 656 1487
3264 2 2 7 201 1119 193 1467
3265 2 2 7 201 1127 252 1481
3266 2 2 7 201 498 241 1486
3267 2 2 7 201 825 261 1483
3268 2 2 7 201 242 498 1490
3269 2 2 7 201 173 808 1500
3270 2 2 7 201 510 174 1500
3271 2 2 7 201 175 510 1496
3272 2 2 7 201 647 269 1488
3273 2 2 7 201 249 509 1502
3274 2 2 7 201 634 239 1480
3275 2 2 7 201 255 640 1473
3276 2 2 7 201 648 195 1503
3277 2 2 7 201 618 250 1502
3278 2 2 7 201 509 248 1499
3279 2 2 7 201 251 618 1481
3280 2 2 7 201 607 265 1482
3281 2 2 7 201 518 189 1493
3282 2 2 7 201 268 1118 1488
3283 2 2 7 201 617 176 1496
3284 2 2 7 201 492 256 1473
3285 2 2 7 201 264 517 1482
3286 2 2 7 201 1483 260 1487
3287 2 2 7 201 177 617 1507
3288 2 2 7 201 188 826 1493
3289 2 2 7 201 826 187 1505
3290 2 2 7 201 807 246 1510
3291 2 2 7 201 238 1141 1480
3292 2 2 7 201 190 518 1504
3293 2 2 7 201 181 641 1508
3294 2 2 7 201 194 1119 1503
3295 2 2 7 201 183 491 1506
3296 2 2 7 201 606 191 1504
3297 2 2 7 201 1118 267 1489
3298 2 2 7 201 657 184 1506
3299 2 2 7 201 179 1128 1509
3300 2 2 7 201 240 634 1486
3301 2 2 7 201 185 657 1511
3302 2 2 7 201 1505 186 1511
3303 2 2 7 201 641 180 1509
3304 2 2 7 201 491 182 1508
3305 2 2 7 201 266 607 1489
3306 2 2 7 201 486 197 1469
3307 2 2 7 201 196 648 1469
3308 2 2 7 201 1128 178 1507
3309 2 2 7 201 257 492 1513
3310 2 2 7 201 640 254 1512
3311 2 2 7 201 517 263 1497
3312 2 2 7 201 262 825 1497
3313 2 2 7 201 656 258 1513
3314 2 2 7 201 253 1127 1512
3315 2 2 7 201 232 1142 1479
3316 2 2 7 201 1141 237 1491
3317 2 2 7 201 1177 1556 1745
3318 2 2 7 201 630 233 1479
3319 2 2 7 201 236 629 1491
3320 2 2 7 201 914 1215 1805
3321 2 2 7 201 145 976 1385
3322 2 2 7 201 817 1290 1757
3323 2 2 7 201 938 1000 1587
3324 2 2 7 201 1546 1581 1787
3325 2 2 7 201 976 144 1543
3326 2 2 7 201 1206 1203 1551
3327 2 2 7 201 1689 1688 1702
3328 2 2 7 201 718 774 1677
3329 2 2 7 201 310 943 1522
3330 2 2 7 201 474 1191 1736
3331 2 2 7 201 467 1216 1705
3332 2 2 7 201 324 1536 1542
3333 2 2 7 201 1534 325 1542
3334 2 2 7 201 981 150 1516
3335 2 2 7 201 933 1149 1815
3336 2 2 7 201 1229 625 1723
3337 2 2 7 201 1492 1260 1720
3338 2 2 7 201 973 971 1613
3339 2 2 7 201 1590 872 1718
3340 2 2 7 201 151 981 1524
3341 2 2 7 201 146 1385 1532
3342 2 2 7 201 512 837 1625
3343 2 2 7 201 1627 1149 1731
3344 2 2 7 201 1628 933 1811
3345 2 2 7 201 1536 323 1541
3346 2 2 7 201 156 1010 1369
3347 2 2 7 201 777 1562 1737
3348 2 2 7 201 1359 553 1360
3349 2 2 7 201 25 1600 1755
3350 2 2 7 201 1516 149 1519
3351 2 2 7 201 1139 1137 1140
3352 2 2 7 201 1701 666 1717
3353 2 2 7 201 841 1521 1736
3354 2 2 7 201 707 1518 1590
3355 2 2 7 201 1162 314 1528
3356 2 2 7 201 1165 1547 1774
3357 2 2 7 201 1536 1541 1651
3358 2 2 7 201 327 448 1533
3359 2 2 7 201 447 142 1376
3360 2 2 7 201 1282 1285 1640
3361 2 2 7 201 448 326 1534
3362 2 2 7 201 443 152 1524
3363 2 2 7 201 143 447 1543
3364 2 2 7 201 1636 1411 1670
3365 2 2 7 201 513 1598 1768
3366 2 2 7 201 889 1647 1816
3367 2 2 7 201 694 708 1682
3368 2 2 7 201 446 147 1532
3369 2 2 7 201 1518 707 1761
3370 2 2 7 201 1587 1000 1588
3371 2 2 7 201 322 445 1541
3372 2 2 7 201 148 446 1519
3373 2 2 7 201 444 316 1529
3374 2 2 7 201 153 443 1525
3375 2 2 7 201 317 444 1523
3376 2 2 7 201 56 497 1789
3377 2 2 7 201 315 1162 1529
3378 2 2 7 201 1751 1139 1810
3379 2 2 7 201 496 53 1794
3380 2 2 7 201 154 1525 1526
3381 2 2 7 201 318 1523 1548
3382 2 2 7 201 965 963 1788
3383 2 2 7 201 1010 155 1526
3384 2 2 7 201 445 321 1544
3385 2 2 7 201 1166 319 1548
3386 2 2 7 201 1388 668 1612
3387 2 2 7 201 320 1166 1544
3388 2 2 7 201 630 1479 1680
3389 2 2 7 201 716 718 1677
3390 2 2 7 201 1582 983 1667
3391 2 2 7 201 940 938 1587
3392 2 2 7 201 438 1369 1748
3393 2 2 7 201 591 1294 1615
3394 2 2 7 201 1385 976 1586
3395 2 2 7 201 946 1104 1672
3396 2 2 7 201 857 987 1811
3397 2 2 7 201 1159 1196 1733
3398 2 2 7 201 819 1617 1707
3399 2 2 7 201 1566 1281 1779
3400 2 2 7 201 161 1627 1731
3401 2 2 7 201 448 1534 1535
3402 2 2 7 201 1292 627 1762
3403 2 2 7 201 41 1492 1720
3404 2 2 7 201 1273 817 1757
3405 2 2 7 201 772 787 1639
3406 2 2 7 201 599 1674 1708
3407 2 2 7 201 1294 650 1739
3408 2 2 7 201 1392 1393 1814
3409 2 2 7 201 1624 862 1813
3410 2 2 7 201 665 1622 1654
3411 2 2 7 201 847 1791 1799
3412 2 2 7 201 968 986 1767
3413 2 2 7 201 1769 739 1785
3414 2 2 7 201 978 1647 1764
3415 2 2 7 201 768 783 1604
3416 2 2 7 201 1522 943 1567
3417 2 2 7 201 1660 1539 1787
3418 2 2 7 201 696 694 1682
3419 2 2 7 201 933 1798 1811
3420 2 2 7 201 1363 1360 1666
3421 2 2 7 201 1645 1017 1735
3422 2 2 7 201 1547 1523 1774
3423 2 2 7 201 1521 474 1736
3424 2 2 7 201 443 1524 1750
3425 2 2 7 201 967 965 1727
3426 2 2 7 201 505 1297 1697
3427 2 2 7 201 669 1387 1719
3428 2 2 7 201 39 1440 1740
3429 2 2 7 201 1528 1368 1610
3430 2 2 7 201 960 1769 1785
3431 2 2 7 201 1544 1166 1545
3432 2 2 7 201 1452 609 1696
3433 2 2 7 201 1771 953 1806
3434 2 2 7 201 952 940 1587
3435 2 2 7 201 1647 978 1816
3436 2 2 7 201 1010 1526 1527
3437 2 2 7 201 903 1182 1764
3438 2 2 7 201 1555 1028 1818
3439 2 2 7 201 611 1688 1689
3440 2 2 7 201 1285 1537 1640
3441 2 2 7 201 483 1192 1711
3442 2 2 7 201 444 1529 1530
3443 2 2 7 201 1734 906 1773
3444 2 2 7 201 832 830 1816
3445 2 2 7 201 806 1447 1679
3446 2 2 7 201 1476 1189 1783
3447 2 2 7 201 1164 952 1631
3448 2 2 7 201 780 716 1677
3449 2 2 7 201 1485 1257 1668
3450 2 2 7 201 508 1455 1703
3451 2 2 7 201 784 1619 1781
3452 2 2 7 201 795 1560 1729
3453 2 2 7 201 482 1201 1713
3454 2 2 7 201 1074 1728 1733
3455 2 2 7 201 619 1476 1783
3456 2 2 7 201 1556 28 1745
3457 2 2 7 201 754 756 1699
3458 2 2 7 201 1746 846 1799
3459 2 2 7 201 756 911 1699
3460 2 2 7 201 1621 1032 1693
3461 2 2 7 201 1581 1164 1631
3462 2 2 7 201 1705 875 1791
3463 2 2 7 201 809 1183 1793
3464 2 2 7 201 1577 483 1711
3465 2 2 7 201 1132 1133 1739
3466 2 2 7 201 618 1502 1683
3467 2 2 7 201 1554 482 1713
3468 2 2 7 201 979 1365 1605
3469 2 2 7 201 1218 1199 1721
3470 2 2 7 201 444 1530 1774
3471 2 2 7 201 1210 1211 1747
3472 2 2 7 201 950 1615 1650
3473 2 2 7 201 1217 468 1724
3474 2 2 7 201 932 1037 1669
3475 2 2 7 201 830 889 1816
3476 2 2 7 201 963 978 1788
3477 2 2 7 201 917 913 1688
3478 2 2 7 201 815 1518 1761
3479 2 2 7 201 1215 467 1805
3480 2 2 7 201 593 1616 1758
3481 2 2 7 201 1386 651 1808
3482 2 2 7 201 1199 1577 1721
3483 2 2 7 201 1219 1218 1721
3484 2 2 7 201 1539 1660 1796
3485 2 2 7 201 820 910 1715
3486 2 2 7 201 939 1802 1806
3487 2 2 7 201 449 1566 1779
3488 2 2 7 201 907 1581 1631
3489 2 2 7 201 1553 892 1752
3490 2 2 7 201 468 1219 1724
3491 2 2 7 201 882 1557 1807
3492 2 2 7 201 1227 1217 1724
3493 2 2 7 201 1543 447 1756
3494 2 2 7 201 1191 839 1736
3495 2 2 7 201 30 1656 1663
3496 2 2 7 201 791 789 1782
3497 2 2 7 201 1466 646 1671
3498 2 2 7 201 1577 833 1721
3499 2 2 7 201 628 1645 1735
3500 2 2 7 201 1302 761 1782
3501 2 2 7 201 954 1596 1793
3502 2 2 7 201 761 754 1699
3503 2 2 7 201 1233 548 1743
3504 2 2 7 201 1216 1220 1742
3505 2 2 7 201 707 1590 1718
3506 2 2 7 201 1360 1362 1666
3507 2 2 7 201 1220 1221 1742
3508 2 2 7 201 1560 955 1789
3509 2 2 7 201 1566 1358 1790
3510 2 2 7 201 1288 454 1753
3511 2 2 7 201 971 985 1613
3512 2 2 7 201 1688 913 1702
3513 2 2 7 201 1644 885 1804
3514 2 2 7 201 935 820 1715
3515 2 2 7 201 783 873 1674
3516 2 2 7 201 1674 873 1708
3517 2 2 7 201 61 1689 1702
3518 2 2 7 201 1296 1295 1758
3519 2 2 7 201 1660 907 1734
3520 2 2 7 201 1458 638 1814
3521 2 2 7 201 1616 946 1672
3522 2 2 7 201 1182 903 1749
3523 2 2 7 201 970 967 1727
3524 2 2 7 201 641 1509 1709
3525 2 2 7 201 548 1232 1743
3526 2 2 7 201 932 1669 1714
3527 2 2 7 201 1654 622 1795
3528 2 2 7 201 839 841 1736
3529 2 2 7 201 1373 1233 1743
3530 2 2 7 201 1295 593 1758
3531 2 2 7 201 1604 783 1674
3532 2 2 7 201 1792 496 1794
3533 2 2 7 201 1000 937 1717
3534 2 2 7 201 454 1373 1753
3535 2 2 7 201 467 1705 1805
3536 2 2 7 201 1136 1138 1771
3537 2 2 7 201 1581 907 1787
3538 2 2 7 201 1277 449 1779
3539 2 2 7 201 1705 1216 1742
3540 2 2 7 201 1703 1455 1783
3541 2 2 7 201 1647 473 1764
3542 2 2 7 201 789 1302 1782
3543 2 2 7 201 1802 1140 1806
3544 2 2 7 201 1390 485 1809
3545 2 2 7 201 1358 552 1790
3546 2 2 7 201 638 1392 1814
3547 2 2 7 201 1727 965 1788
3548 2 2 7 201 1669 1008 1714
3549 2 2 7 201 796 1375 1801
3550 2 2 7 201 1455 619 1783
3551 2 2 7 201 1521 843 1786
3552 2 2 7 201 1596 809 1793
3553 2 2 7 201 1133 1131 1641
3554 2 2 7 201 1278 1277 1779
3555 2 2 7 201 1798 857 1811
3556 2 2 7 201 1140 1137 1806
3557 2 2 7 201 1537 1539 1796
3558 2 2 7 201 843 904 1786
3559 2 2 7 201 987 1628 1811
3560 2 2 7 201 1106 1585 1750
3561 2 2 7 201 1183 1792 1793
3562 2 2 7 201 1660 908 1796
3563 2 2 7 201 1705 1791 1805
3564 2 2 7 201 1791 914 1805
3565 2 2 7 201 1640 1537 1796
3566 2 2 7 201 1792 954 1793
3567 2 2 7 201 907 1660 1787
3568 2 2 7 201 945 1616 1672
3569 2 2 7 201 905 1734 1773
3570 2 2 7 201 875 1705 1742
3571 2 2 7 201 954 1792 1794
3572 2 2 7 201 908 1640 1796
3573 2 2 7 201 1284 1566 1790
3574 2 2 7 201 1182 1727 1788
3575 2 2 7 201 67 599 1708
3576 2 2 7 201 450 1289 1633
3577 2 2 7 201 515 1452 1696
3578 2 2 7 201 551 1288 1753
3579 2 2 7 201 1481 618 1683
3580 2 2 7 201 1276 670 1381
3581 2 2 7 201 1463 806 1679
3582 2 2 7 201 1451 824 1629
3583 2 2 7 201 1494 826 1505
3584 2 2 7 201 1178 848 1661
3585 2 2 7 203 1 69 93
3586 2 2 7 203 93 69 1819
3587 2 2 7 203 93 1819 1820
3588 2 2 7 203 1820 94 93
3589 2 2 7 203 94 1820 95
3590 2 2 7 203 95 1820 1821
3591 2 2 7 203 95 1821 1822
3592 2 2 7 203 1822 96 95
3593 2 2 7 203 96 1822 97
3594 2 2 7 203 97 1822 1823
3595 2 2 7 203 97 1823 1824
3596 2 2 7 203 1824 98 97
3597 2 2 7 203 98 1824 99
3598 2 2 7 203 99 1824 1825
3599 2 2 7 203 99 1825 1826
3600 2 2 7 203 1826 100 99
3601 2 2 7 203 100 1826 101
3602 2 2 7 203 101 1826 1827
3603 2 2 7 203 101 1827 1828
3604 2 2 7 203 1828 102 101
3605 2 2 7 203 102 1828 4
3606 2 2 7 203 4 1828 82
3607 2 2 7 203 69 70 1829
3608 2 2 7 203 1829 1819 69
3609 2 2 7 203 1819 1829 1820
3610 2 2 7 203 1820 1829 1830
3611 2 2 7 203 1820 1830 1831
3612 2 2 7 203 1831 1821 1820
3613 2 2 7 203 1821 1831 1822
3614 2 2 7 203 1822 1831 1832
3615 2 2 7 203 1822 1832 1833
3616 2 2 7 203 1833 1823 1822
3617 2 2 7 203 1823 1833 1824
3618 2 2 7 203 1824 1833 1834
3619 2 2 7 203 1824 1834 1835
3620 2 2 7 203 1835 1825 1824
3621 2 2 7 203 1825 1835 1826
3622 2 2 7 203 1826 1835 1836
3623 2 2 7 203 1826 1836 1837
3624 2 2 7 203 1837 1827 1826
3625 2 2 7 203 1827 1837 1828
3626 2 2 7 203 1828 1837 1838
3627 2 2 7 203 1828 1838 81
3628 2 2 7 203 81 82 1828
3629 2 2 7 203 70 2 1829
3630 2 2 7 203 1829 2 71
3631 2 2 7 203 1829 71 72
3632 2 2 7 203 72 1830 1829
3633 2 2 7 203 1830 72 1831
3634 2 2 7 203 1831 72 73
3635 2 2 7 203 1831 73 74
3636 2 2 7 203 74 1832 1831
3637 2 2 7 203 1832 74 1833
3638 2 2 7 203 1833 74 75
3639 2 2 7 203 1833 75 76
3640 2 2 7 203 76 1834 1833
3641 2 2 7 203 1834 76 1835
3642 2 2 7 203 1835 76 77
3643 2 2 7 203 1835 77 78
3644 2 2 7 203 78 1836 1835
3645 2 2 7 203 1836 78 1837
3646 2 2 7 203 1837 78 79
3647 2 2 7 203 1837 79 80
3648 2 2 7 203 80 1838 1837
3649 2 2 7 203 1838 80 81
3650 2 2 7 203 81 80 3
3651 2 2 7 204 1 112 69
3652 2 2 7 204 112 1839 69
3653 2 2 7 204 112 1840 1839
3654 2 2 7 204 1840 112 111
3655 2 2 7 204 111 110 1840
3656 2 2 7 204 110 1841 1840
3657 2 2 7 204 110 1842 1841
3658 2 2 7 204 1842 110 109
3659 2 2 7 204 109 108 1842
3660 2 2 7 204 108 1843 1842
3661 2 2 7 204 108 1844 1843
3662 2 2 7 204 1844 108 107
3663 2 2 7 204 107 106 1844
3664 2 2 7 204 106 1845 1844
3665 2 2 7 204 106 1846 1845
3666 2 2 7 204 1846 106 105
3667 2 2 7 204 105 104 1846
3668 2 2 7 204 104 1847 1846
3669 2 2 7 204 104 1848 1847
3670 2 2 7 204 1848 104 103
3671 2 2 7 204 103 4 1848
3672 2 2 7 204 4 82 1848
3673 2 2 7 204 69 1849 70
3674 2 2 7 204 1849 69 1839
3675 2 2 7 204 1839 1840 1849
3676 2 2 7 204 1840 1850 1849
3677 2 2 7 204 1840 1851 1850
3678 2 2 7 204 1851 1840 1841
3679 2 2 7 204 1841 1842 1851
3680 2 2 7 204 1842 1852 1851
3681 2 2 7 204 1842 1853 1852
3682 2 2 7 204 1853 1842 1843
3683 2 2 7 204 1843 1844 1853
3684 2 2 7 204 1844 1854 1853
3685 2 2 7 204 1844 1855 1854
3686 2 2 7 204 1855 1844 1845
3687 2 2 7 204 1845 1846 1855
3688 2 2 7 204 1846 1856 1855
3689 2 2 7 204 1846 1857 1856
3690 2 2 7 204 1857 1846 1847
3691 2 2 7 204 1847 1848 1857
3692 2 2 7 204 1848 1858 1857
3693 2 2 7 204 1848 81 1858
3694 2 2 7 204 81 1848 82
3695 2 2 7 204 70 1849 2
3696 2 2 7 204 1849 92 2
3697 2 2 7 204 1849 91 92
3698 2 2 7 204 91 1849 1850
3699 2 2 7 204 1850 1851 91
3700 2 2 7 204 1851 90 91
3701 2 2 7 204 1851 89 90
3702 2 2 7 204 89 1851 1852
3703 2 2 7 204 1852 1853 89
3704 2 2 7 204 1853 88 89
3705 2 2 7 204 1853 87 88
3706 2 2 7 204 87 1853 1854
3707 2 2 7 204 1854 1855 87
3708 2 2 7 204 1855 86 87
3709 2 2 7 204 1855 85 86
3710 2 2 7 204 85 1855 1856
3711 2 2 7 204 1856 1857 85
3712 2 2 7 204 1857 84 85
3713 2 2 7 204 1857 83 84
3714 2 2 7 204 83 1857 1858
3715 2 2 7 204 1858 81 83
3716 2 2 7 204 81 3 83
$EndElements
