$MeshFormat
4.1 0 8
$EndMeshFormat
$PhysicalNames
7
1 1 "inflow"
1 2 "glass_slip"
1 3 "glass_noslip"
1 4 "surface"
1 5 "outflow"
1 6 "sidewall"
2 7 "fluid"
$EndPhysicalNames
$Entities
49 22 3 0
2 -0.003 0 0 0 
3 -0.0015 0 0 0 
4 0 0 0 0 
5 0.0015 0 0 0 
6 0.003 0 0 0 
7 -0.09 -0.09 0 0 
8 0.09 -0.09 0 0 
9 0.09 0.09 0 0 
10 -0.09 0.09 0 0 
11 -0.01 0.006 0 0 
12 0.01 0.006 0 0 
13 0.01 -0.01 0 0 
14 -0.01 -0.01 0 0 
15 0.014 0.005 0 0 
16 -0.014 0.005 0 0 
17 -0.02 -0.09 0 0 
18 0.02 -0.09 0 0 
30 0.0125 0.09 0 0 
31 0.0125 0.004999999999999991 0 0 
32 0.011 0.004999999999999991 0 0 
33 0.011 0.3 0 0 
34 -0.011 0.3 0 0 
35 -0.011 0.004999999999999991 0 0 
36 -0.0125 0.004999999999999991 0 0 
37 -0.0125 0.09 0 0 
43 -0.006000000000000001 0.02499999999999999 0 0 
44 0.006000000000000001 0.02499999999999999 0 0 
45 -0.006000000000000001 0.03999999999999999 0 0 
46 0.006000000000000001 0.03999999999999999 0 0 
47 -0.006000000000000001 0.05499999999999999 0 0 
48 0.006000000000000001 0.05499999999999999 0 0 
49 -0.006000000000000001 0.06999999999999999 0 0 
50 0.006000000000000001 0.06999999999999999 0 0 
51 -0.006000000000000001 0.08499999999999999 0 0 
52 0.006000000000000001 0.08499999999999999 0 0 
53 -0.006000000000000001 0.09999999999999999 0 0 
54 0.006000000000000001 0.09999999999999999 0 0 
55 -0.006000000000000001 0.115 0 0 
56 0.006000000000000001 0.115 0 0 
57 -0.006000000000000001 0.13 0 0 
58 0.006000000000000001 0.13 0 0 
59 -0.006000000000000001 0.145 0 0 
60 0.006000000000000001 0.145 0 0 
61 -0.006000000000000001 0.16 0 0 
62 0.006000000000000001 0.16 0 0 
63 -0.006000000000000001 0.175 0 0 
64 0.006000000000000001 0.175 0 0 
83 0.011 0.15 0 0 
84 -0.011 0.15 0 0 
1 -0.09 -0.09 0 -0.02 -0.09 0 1 6 2 7 -17 
2 0.02 -0.09 0 0.09 -0.09 0 1 6 2 18 -8 
3 0.09 -0.09 0 0.09 0.09 0 1 6 2 8 -9 
4 -0.09 -0.09 0 -0.09 0.09 0 1 6 2 10 -7 
5 -0.003 0 0 -0.0015 0 0 0 2 2 -3 
6 -0.0015 -0.001477211629518312 0 0.0015 0 0 1 4 2 3 -5 
7 0.0015 0 0 0.003 0 0 0 2 5 -6 
8 -0.0015 0 0 0.0015 0.001477211629518312 0 1 4 2 5 -3 
9 -0.003 -0.002954423259036624 0 0.003 0 0 0 2 2 -6 
10 -0.003 0 0 0.003 0.002954423259036624 0 0 2 6 -2 
20 0.0125 0.09 0 0.09 0.09 0 1 6 2 9 -30 
21 0.0125 0.004999999999999991 0 0.0125 0.09 0 1 3 2 30 -31 
22 0.011 0.004999999999999991 0 0.0125 0.004999999999999991 0 1 3 2 31 -32 
23 0.011 0.004999999999999991 0 0.011 0.15 0 1 3 2 32 -83 
24 -0.011 0.3 0 0.011 0.3 0 1 1 2 33 -34 
25 -0.011 0.004999999999999977 0 -0.011 0.15 0 1 3 2 84 -35 
26 -0.0125 0.004999999999999991 0 -0.011 0.004999999999999991 0 1 3 2 35 -36 
27 -0.0125 0.004999999999999991 0 -0.0125 0.09 0 1 3 2 36 -37 
28 -0.09 0.09 0 -0.0125 0.09 0 1 6 2 37 -10 
31 -0.02 -0.09 0 0.02 -0.09 0 1 5 2 17 -18 
83 0.011 0.15 0 0.011 0.3 0 1 2 2 83 -33 
84 -0.011 0.15 0 -0.011 0.3 0 1 2 2 34 -84 
201 -0.09 -0.09000000000000001 0 0.09 0.3 0 1 7 18 -10 -9 -4 -28 -27 -26 -25 -84 -24 -83 -23 -22 -21 -20 -3 -2 -31 -1 
203 -0.003 -0.002954423259036624 0 0.003 0 0 1 7 4 5 6 7 -9 
204 -0.003 0 0 0.003 0.002954423259036624 0 1 7 4 -5 -10 -7 8 
$EndEntities
$Nodes
73 1858 1 1858
0 2 0 1
1
-0.003 0 0
0 3 0 1
2
-0.0015 0 0
0 5 0 1
3
0.0015 0 0
0 6 0 1
4
0.003 0 0
0 7 0 1
5
-0.09 -0.09 0
0 8 0 1
6
0.09 -0.09 0
0 9 0 1
7
0.09 0.09 0
0 10 0 1
8
-0.09 0.09 0
0 11 0 1
9
-0.01 0.006 0
0 12 0 1
10
0.01 0.006 0
0 13 0 1
11
0.01 -0.01 0
0 14 0 1
12
-0.01 -0.01 0
0 15 0 1
13
0.014 0.005 0
0 16 0 1
14
-0.014 0.005 0
0 17 0 1
15
-0.02 -0.09 0
0 18 0 1
16
0.02 -0.09 0
0 30 0 1
17
0.0125 0.09 0
0 31 0 1
18
0.0125 0.004999999999999991 0
0 32 0 1
19
0.011 0.004999999999999991 0
0 33 0 1
20
0.011 0.3 0
0 34 0 1
21
-0.011 0.3 0
0 35 0 1
22
-0.011 0.004999999999999991 0
0 36 0 1
23
-0.0125 0.004999999999999991 0
0 37 0 1
24
-0.0125 0.09 0
0 43 0 1
25
-0.006000000000000001 0.02499999999999999 0
0 44 0 1
26
0.006000000000000001 0.02499999999999999 0
0 45 0 1
27
-0.006000000000000001 0.03999999999999999 0
0 46 0 1
28
0.006000000000000001 0.03999999999999999 0
0 47 0 1
29
-0.006000000000000001 0.05499999999999999 0
0 48 0 1
30
0.006000000000000001 0.05499999999999999 0
0 49 0 1
31
-0.006000000000000001 0.06999999999999999 0
0 50 0 1
32
0.006000000000000001 0.06999999999999999 0
0 51 0 1
33
-0.006000000000000001 0.08499999999999999 0
0 52 0 1
34
0.006000000000000001 0.08499999999999999 0
0 53 0 1
35
-0.006000000000000001 0.09999999999999999 0
0 54 0 1
36
0.006000000000000001 0.09999999999999999 0
0 55 0 1
37
-0.006000000000000001 0.115 0
0 56 0 1
38
0.006000000000000001 0.115 0
0 57 0 1
39
-0.006000000000000001 0.13 0
0 58 0 1
40
0.006000000000000001 0.13 0
0 59 0 1
41
-0.006000000000000001 0.145 0
0 60 0 1
42
0.006000000000000001 0.145 0
0 61 0 1
43
-0.006000000000000001 0.16 0
0 62 0 1
44
0.006000000000000001 0.16 0
0 63 0 1
45
-0.006000000000000001 0.175 0
0 64 0 1
46
0.006000000000000001 0.175 0
0 83 0 1
47
0.011 0.15 0
0 84 0 1
48
-0.011 0.15 0
1 1 0 6
49
50
51
52
53
54
-0.06880233204839194 -0.09 0
-0.05330832492091612 -0.09 0
-0.04198329691904702 -0.09 0
-0.03370549617676489 -0.09 0
-0.02765500661306968 -0.09 0
-0.02323252398401045 -0.09 0
1 2 0 6
55
56
57
58
59
60
0.02323252398399551 -0.09 0
0.02765500661303517 -0.09 0
0.03370549617669811 -0.09 0
0.04198329691893413 -0.09 0
0.0533083249207406 -0.09 0
0.06880233204828418 -0.09 0
1 3 0 4
61
62
63
64
0.09 -0.05400000000008402 0
0.09 -0.01800000000018914 0
0.09 0.01799999999980385 0
0.09 0.05399999999991012 0
1 4 0 4
65
66
67
68
-0.09 0.05400000000008402 0
-0.09 0.01800000000018914 0
-0.09 -0.01799999999980385 0
-0.09 -0.05399999999991012 0
1 5 0 2
69
70
-0.002500000000001158 0 0
-0.002000000000001129 0 0
1 6 0 10
71
72
73
74
75
76
77
78
79
80
-0.001439239460144911 -0.0004225988362049593 0
-0.001261880297982545 -0.0008109612281505722 0
-0.0009822910980131125 -0.001133624364048424 0
-0.0006231225149323793 -0.001364447995119032 0
-0.0002134722512076709 -0.001484732163713149 0
0.0002134722636650444 -0.001484732161922049 0
0.0006231225240449393 -0.001364447990957466 0
0.0009822911039037222 -0.001133624358944182 0
0.001261880300671576 -0.0008109612239663578 0
0.001439239460797743 -0.0004225988339816156 0
1 7 0 2
81
82
0.001999999999998814 0 0
0.00249999999999873 0 0
1 8 0 10
83
84
85
86
87
88
89
90
91
92
0.001439239460144911 0.0004225988362049593 0
0.001261880297982545 0.0008109612281505722 0
0.0009822910980131125 0.001133624364048424 0
0.0006231225149323793 0.001364447995119032 0
0.0002134722512076709 0.001484732163713149 0
-0.0002134722636650444 0.001484732161922049 0
-0.0006231225240449393 0.001364447990957466 0
-0.0009822911039037222 0.001133624358944182 0
-0.001261880300671576 0.0008109612239663578 0
-0.001439239460797743 0.0004225988339816156 0
1 9 0 10
93
94
95
96
97
98
99
100
101
102
-0.002878478920289821 -0.0008451976724099185 0
-0.002523760595965089 -0.001621922456301144 0
-0.001964582196026225 -0.002267248728096848 0
-0.001246245029864759 -0.002728895990238065 0
-0.0004269445024153417 -0.002969464327426298 0
0.0004269445273300887 -0.002969464323844098 0
0.001246245048089879 -0.002728895981914931 0
0.001964582207807444 -0.002267248717888364 0
0.002523760601343152 -0.001621922447932716 0
0.002878478921595487 -0.0008451976679632312 0
1 10 0 10
103
104
105
106
107
108
109
110
111
112
0.002878478920289821 0.0008451976724099185 0
0.002523760595965089 0.001621922456301144 0
0.001964582196026225 0.002267248728096848 0
0.001246245029864759 0.002728895990238065 0
0.0004269445024153417 0.002969464327426298 0
-0.0004269445273300887 0.002969464323844098 0
-0.001246245048089879 0.002728895981914931 0
-0.001964582207807444 0.002267248717888364 0
-0.002523760601343152 0.001621922447932716 0
-0.002878478921595487 0.0008451976679632312 0
1 20 0 7
113
114
115
116
117
118
119
0.06645174680023289 0.09 0
0.04955607604902234 0.09 0
0.03743357939684865 0.09 0
0.02873579240815642 0.09 0
0.02249520642218793 0.09 0
0.01801763927073644 0.09 0
0.01480502398550726 0.09 0
1 21 0 42
120
121
122
123
124
125
126
127
128
129
130
131
132
133
134
135
136
137
138
139
140
141
142
143
144
145
146
147
148
149
150
151
152
153
154
155
156
157
158
159
160
161
0.0125 0.08802325581395802 0
0.0125 0.08604651162791604 0
0.0125 0.08406976744187154 0
0.0125 0.0820930232558215 0
0.0125 0.08011627906977657 0
0.0125 0.0781395348837346 0
0.0125 0.07616279069769263 0
0.0125 0.07418604651165066 0
0.0125 0.07220930232561082 0
0.0125 0.07023255813957004 0
0.0125 0.06825581395353014 0
0.0125 0.0662790697674874 0
0.0125 0.0643023255814489 0
0.0125 0.06232558139540691 0
0.0125 0.06034883720936494 0
0.0125 0.05837209302332653 0
0.0125 0.05639534883728505 0
0.0125 0.05441860465124307 0
0.0125 0.0524418604652011 0
0.0125 0.05046511627915912 0
0.0125 0.04848837209311988 0
0.0125 0.04651162790707791 0
0.0125 0.04453488372102787 0
0.0125 0.04255813953497784 0
0.0125 0.04058139534892259 0
0.0125 0.0386046511628669 0
0.0125 0.03662790697681687 0
0.0125 0.03465116279076683 0
0.0125 0.03267441860471679 0
0.0125 0.03069767441866676 0
0.0125 0.02872093023261673 0
0.0125 0.02674418604656668 0
0.0125 0.02476744186051665 0
0.0125 0.02279069767446661 0
0.0125 0.02081395348841657 0
0.0125 0.01883720930236066 0
0.0125 0.01686046511630564 0
0.0125 0.01488372093025561 0
0.0125 0.01290697674420557 0
0.0125 0.01093023255815553 0
0.0125 0.008953488372105495 0
0.0125 0.006976744186055456 0
1 22 0 0
1 23 0 72
162
163
164
165
166
167
168
169
170
171
172
173
174
175
176
177
178
179
180
181
182
183
184
185
186
187
188
189
190
191
192
193
194
195
196
197
198
199
200
201
202
203
204
205
206
207
208
209
210
211
212
213
214
215
216
217
218
219
220
221
222
223
224
225
226
227
228
229
230
231
232
233
0.011 0.00698630136986 0
0.011 0.008972602739720009 0
0.011 0.01095890410958002 0
0.011 0.01294520547944003 0
0.011 0.01493150684930004 0
0.011 0.01691780821916004 0
0.011 0.01890410958902006 0
0.011 0.02089041095888007 0
0.011 0.02287671232874008 0
0.011 0.02486301369860008 0
0.011 0.02684931506846009 0
0.011 0.0288356164383201 0
0.011 0.0308219178081801 0
0.011 0.03280821917804011 0
0.011 0.03479452054790012 0
0.011 0.03678082191776005 0
0.011 0.03876712328761768 0
0.011 0.04075342465747531 0
0.011 0.04273972602733293 0
0.011 0.04472602739719056 0
0.011 0.04671232876704819 0
0.011 0.04869863013690582 0
0.011 0.05068493150676344 0
0.011 0.05267123287662107 0
0.011 0.0546575342464787 0
0.011 0.05664383561633633 0
0.011 0.05863013698619395 0
0.011 0.06061643835605158 0
0.011 0.06260273972590806 0
0.011 0.06458904109576333 0
0.011 0.06657534246561955 0
0.011 0.06856164383547955 0
0.011 0.07054794520533722 0
0.011 0.07253424657519417 0
0.011 0.07452054794505317 0
0.011 0.07650684931490877 0
0.011 0.07849315068477115 0
0.011 0.08047945205464034 0
0.011 0.08246575342450609 0
0.011 0.08445205479437394 0
0.011 0.08643835616424102 0
0.011 0.08842465753410753 0
0.011 0.09041095890397596 0
0.011 0.09239726027384113 0
0.011 0.09438356164371063 0
0.011 0.09636986301357565 0
0.011 0.09835616438344423 0
0.011 0.1003424657533106 0
0.011 0.1023287671231778 0
0.011 0.1043150684930455 0
0.011 0.1063013698629114 0
0.011 0.1082876712327805 0
0.011 0.1102739726026452 0
0.011 0.1122602739725145 0
0.011 0.1142465753423802 0
0.011 0.1162328767122481 0
0.011 0.1182191780821151 0
0.011 0.1202054794519817 0
0.011 0.12219178082185 0
0.011 0.1241780821917159 0
0.011 0.1261643835615875 0
0.011 0.1281506849314571 0
0.011 0.1301369863013291 0
0.011 0.1321232876712081 0
0.011 0.1341095890410766 0
0.011 0.1360958904109366 0
0.011 0.1380821917807966 0
0.011 0.1400684931506592 0
0.011 0.1420547945205382 0
0.011 0.1440410958904091 0
0.011 0.1460273972602691 0
0.011 0.1480136986301319 0
1 24 0 2
234
235
0.003666666666685246 0.3 0
-0.00366666666664499 0.3 0
1 25 0 72
236
237
238
239
240
241
242
243
244
245
246
247
248
249
250
251
252
253
254
255
256
257
258
259
260
261
262
263
264
265
266
267
268
269
270
271
272
273
274
275
276
277
278
279
280
281
282
283
284
285
286
287
288
289
290
291
292
293
294
295
296
297
298
299
300
301
302
303
304
305
306
307
-0.011 0.1480136986301347 0
-0.011 0.1460273972602748 0
-0.011 0.1440410958904149 0
-0.011 0.1420547945205551 0
-0.011 0.1400684931507047 0
-0.011 0.138082191780846 0
-0.011 0.1360958904109861 0
-0.011 0.1341095890411262 0
-0.011 0.1321232876712621 0
-0.011 0.1301369863013956 0
-0.011 0.1281506849315357 0
-0.011 0.1261643835616758 0
-0.011 0.1241780821918159 0
-0.011 0.122191780821956 0
-0.011 0.1202054794520961 0
-0.011 0.1182191780822362 0
-0.011 0.1162328767123763 0
-0.011 0.1142465753425207 0
-0.011 0.1122602739726655 0
-0.011 0.1102739726028075 0
-0.011 0.1082876712329476 0
-0.011 0.1063013698630892 0
-0.011 0.1043150684932341 0
-0.011 0.1023287671233787 0
-0.011 0.1003424657535189 0
-0.011 0.09835616438365895 0
-0.011 0.09636986301380268 0
-0.011 0.09438356164394754 0
-0.011 0.09239726027409009 0
-0.011 0.0904109589042302 0
-0.011 0.08842465753437126 0
-0.011 0.08643835616451583 0
-0.011 0.08445205479465825 0
-0.011 0.08246575342480143 0
-0.011 0.08047945205494254 0
-0.011 0.07849315068508705 0
-0.011 0.07650684931522478 0
-0.011 0.07452054794535572 0
-0.011 0.07253424657549007 0
-0.011 0.07054794520562234 0
-0.011 0.06856164383575535 0
-0.011 0.06657534246588896 0
-0.011 0.06458904109602064 0
-0.011 0.0626027397261556 0
-0.011 0.06061643835628619 0
-0.011 0.05863013698642129 0
-0.011 0.05664383561655281 0
-0.011 0.05465753424668658 0
-0.011 0.05267123287681945 0
-0.011 0.05068493150695186 0
-0.011 0.04869863013708607 0
-0.011 0.04671232876721715 0
-0.011 0.04472602739735251 0
-0.011 0.0427397260274833 0
-0.011 0.04075342465761779 0
-0.011 0.03876712328774992 0
-0.011 0.03678082191788308 0
-0.011 0.03479452054801656 0
-0.011 0.03280821917814838 0
-0.011 0.03082191780828317 0
-0.011 0.02883561643841377 0
-0.011 0.02684931506854903 0
-0.011 0.02486301369867916 0
-0.011 0.02287671232880167 0
-0.011 0.02089041095892802 0
-0.011 0.01890410958906799 0
-0.011 0.01691780821920813 0
-0.011 0.01493150684934028 0
-0.011 0.01294520547946137 0
-0.011 0.01095890410959591 0
-0.011 0.008972602739735991 0
-0.011 0.006986301369874798 0
1 26 0 0
1 27 0 42
308
309
310
311
312
313
314
315
316
317
318
319
320
321
322
323
324
325
326
327
328
329
330
331
332
333
334
335
336
337
338
339
340
341
342
343
344
345
346
347
348
349
-0.0125 0.006976744186043238 0
-0.0125 0.008953488372085825 0
-0.0125 0.01093023255812888 0
-0.0125 0.01290697674417163 0
-0.0125 0.01488372093021572 0
-0.0125 0.016860465116257 0
-0.0125 0.01883720930229595 0
-0.0125 0.02081395348833566 0
-0.0125 0.02279069767437483 0
-0.0125 0.02476744186041492 0
-0.0125 0.02674418604645734 0
-0.0125 0.02872093023249926 0
-0.0125 0.03069767441853782 0
-0.0125 0.03267441860458049 0
-0.0125 0.03465116279062291 0
-0.0125 0.03662790697666175 0
-0.0125 0.03860465116270366 0
-0.0125 0.04058139534874607 0
-0.0125 0.04255813953478849 0
-0.0125 0.0445348837208309 0
-0.0125 0.04651162790687056 0
-0.0125 0.04848837209291297 0
-0.0125 0.05046511627896344 0
-0.0125 0.05244186046501391 0
-0.0125 0.05441860465106959 0
-0.0125 0.05639534883712571 0
-0.0125 0.05837209302317618 0
-0.0125 0.06034883720922665 0
-0.0125 0.06232558139527712 0
-0.0125 0.06430232558132759 0
-0.0125 0.06627906976737806 0
-0.0125 0.06825581395342854 0
-0.0125 0.07023255813947901 0
-0.0125 0.07220930232552948 0
-0.0125 0.07418604651157995 0
-0.0125 0.07616279069763629 0
-0.0125 0.07813953488369176 0
-0.0125 0.08011627906974221 0
-0.0125 0.08209302325579268 0
-0.0125 0.08406976744184316 0
-0.0125 0.08604651162789362 0
-0.0125 0.0880232558139441 0
1 28 0 7
350
351
352
353
354
355
356
-0.01480502398549676 0.09 0
-0.01801763927071068 0.09 0
-0.02249520642214317 0.09 0
-0.02873579240807674 0.09 0
-0.03743357939672155 0.09 0
-0.04955607604882799 0.09 0
-0.066451746800112 0.09 0
1 31 0 13
357
358
359
360
361
362
363
364
365
366
367
368
369
-0.0171428571428615 -0.09 0
-0.01428571428572412 -0.09 0
-0.0114285714285892 -0.09 0
-0.008571428571454185 -0.09 0
-0.005714285714320429 -0.09 0
-0.002857142857187779 -0.09 0
-5.08308672930724e-14 -0.09 0
0.002857142857097351 -0.09 0
0.005714285714250568 -0.09 0
0.008571428571400492 -0.09 0
0.011428571428548 -0.09 0
0.01428571428570228 -0.09 0
0.01714285714284572 -0.09 0
1 83 0 34
370
371
372
373
374
375
376
377
378
379
380
381
382
383
384
385
386
387
388
389
390
391
392
393
394
395
396
397
398
399
400
401
402
403
0.011 0.1520201643536092 0
0.011 0.1541219499131382 0
0.011 0.1563086547829023 0
0.011 0.1585837090079618 0
0.011 0.160950682819011 0
0.011 0.1634132910210019 0
0.011 0.165975396121525 0
0.011 0.16864101818525 0
0.011 0.1714143411514609 0
0.011 0.1742997145745641 0
0.011 0.1773016668724435 0
0.011 0.1804249084391364 0
0.011 0.1836743384090759 0
0.011 0.1870550566845502 0
0.011 0.1905723666921686 0
0.011 0.1942317877807409 0
0.011 0.1980390614030758 0
0.011 0.2020001610976736 0
0.011 0.206121302410701 0
0.011 0.2104089528701517 0
0.011 0.2148698368535679 0
0.011 0.2195109545090312 0
0.011 0.2243395890226792 0
0.011 0.2293633171063808 0
0.011 0.2345900197132694 0
0.011 0.2400278989163193 0
0.011 0.2456854852040524 0
0.011 0.2515716575967796 0
0.011 0.2576956497523704 0
0.011 0.2640670717559859 0
0.011 0.2706959200599454 0
0.011 0.2775925954620352 0
0.011 0.2847679191952465 0
0.011 0.2922331498520262 0
1 84 0 34
404
405
406
407
408
409
410
411
412
413
414
415
416
417
418
419
420
421
422
423
424
425
426
427
428
429
430
431
432
433
434
435
436
437
-0.011 0.2922331498521022 0
-0.011 0.2847679191953919 0
-0.011 0.2775925954622451 0
-0.011 0.2706959200601827 0
-0.011 0.2640670717562304 0
-0.011 0.2576956497526212 0
-0.011 0.2515716575970359 0
-0.011 0.2456854852043292 0
-0.011 0.2400278989166267 0
-0.011 0.2345900197136077 0
-0.011 0.2293633171067476 0
-0.011 0.2243395890230648 0
-0.011 0.2195109545093875 0
-0.011 0.2148698368538967 0
-0.011 0.2104089528704545 0
-0.011 0.2061213024109789 0
-0.011 0.2020001610979211 0
-0.011 0.1980390614032947 0
-0.011 0.1942317877809331 0
-0.011 0.1905723666923358 0
-0.011 0.1870550566846941 0
-0.011 0.1836743384091982 0
-0.011 0.1804249084392385 0
-0.011 0.1773016668725267 0
-0.011 0.1742997145746297 0
-0.011 0.1714143411515102 0
-0.011 0.1686410181852843 0
-0.011 0.16597539612155 0
-0.011 0.1634132910210224 0
-0.011 0.160950682819028 0
-0.011 0.1585837090079739 0
-0.011 0.15630865478291 0
-0.011 0.1541219499131431 0
-0.011 0.1520201643536116 0
2 201 0 1381
438
439
440
441
442
443
444
445
446
447
448
449
450
451
452
453
454
455
456
457
458
459
460
461
462
463
464
465
466
467
468
469
470
471
472
473
474
475
476
477
478
479
480
481
482
483
484
485
486
487
488
489
490
491
492
493
494
495
496
497
498
499
500
501
502
503
504
505
506
507
508
509
510
511
512
513
514
515
516
517
518
519
520
521
522
523
524
525
526
527
528
529
530
531
532
533
534
535
536
537
538
539
540
541
542
543
544
545
546
547
548
549
550
551
552
553
554
555
556
557
558
559
560
561
562
563
564
565
566
567
568
569
570
571
572
573
574
575
576
577
578
579
580
581
582
583
584
585
586
587
588
589
590
591
592
593
594
595
596
597
598
599
600
601
602
603
604
605
606
607
608
609
610
611
612
613
614
615
616
617
618
619
620
621
622
623
624
625
626
627
628
629
630
631
632
633
634
635
636
637
638
639
640
641
642
643
644
645
646
647
648
649
650
651
652
653
654
655
656
657
658
659
660
661
662
663
664
665
666
667
668
669
670
671
672
673
674
675
676
677
678
679
680
681
682
683
684
685
686
687
688
689
690
691
692
693
694
695
696
697
698
699
700
701
702
703
704
705
706
707
708
709
710
711
712
713
714
715
716
717
718
719
720
721
722
723
724
725
726
727
728
729
730
731
732
733
734
735
736
737
738
739
740
741
742
743
744
745
746
747
748
749
750
751
752
753
754
755
756
757
758
759
760
761
762
763
764
765
766
767
768
769
770
771
772
773
774
775
776
777
778
779
780
781
782
783
784
785
786
787
788
789
790
791
792
793
794
795
796
797
798
799
800
801
802
803
804
805
806
807
808
809
810
811
812
813
814
815
816
817
818
819
820
821
822
823
824
825
826
827
828
829
830
831
832
833
834
835
836
837
838
839
840
841
842
843
844
845
846
847
848
849
850
851
852
853
854
855
856
857
858
859
860
861
862
863
864
865
866
867
868
869
870
871
872
873
874
875
876
877
878
879
880
881
882
883
884
885
886
887
888
889
890
891
892
893
894
895
896
897
898
899
900
901
902
903
904
905
906
907
908
909
910
911
912
913
914
915
916
917
918
919
920
921
922
923
924
925
926
927
928
929
930
931
932
933
934
935
936
937
938
939
940
941
942
943
944
945
946
947
948
949
950
951
952
953
954
955
956
957
958
959
960
961
962
963
964
965
966
967
968
969
970
971
972
973
974
975
976
977
978
979
980
981
982
983
984
985
986
987
988
989
990
991
992
993
994
995
996
997
998
999
1000
1001
1002
1003
1004
1005
1006
1007
1008
1009
1010
1011
1012
1013
1014
1015
1016
1017
1018
1019
1020
1021
1022
1023
1024
1025
1026
1027
1028
1029
1030
1031
1032
1033
1034
1035
1036
1037
1038
1039
1040
1041
1042
1043
1044
1045
1046
1047
1048
1049
1050
1051
1052
1053
1054
1055
1056
1057
1058
1059
1060
1061
1062
1063
1064
1065
1066
1067
1068
1069
1070
1071
1072
1073
1074
1075
1076
1077
1078
1079
1080
1081
1082
1083
1084
1085
1086
1087
1088
1089
1090
1091
1092
1093
1094
1095
1096
1097
1098
1099
1100
1101
1102
1103
1104
1105
1106
1107
1108
1109
1110
1111
1112
1113
1114
1115
1116
1117
1118
1119
1120
1121
1122
1123
1124
1125
1126
1127
1128
1129
1130
1131
1132
1133
1134
1135
1136
1137
1138
1139
1140
1141
1142
1143
1144
1145
1146
1147
1148
1149
1150
1151
1152
1153
1154
1155
1156
1157
1158
1159
1160
1161
1162
1163
1164
1165
1166
1167
1168
1169
1170
1171
1172
1173
1174
1175
1176
1177
1178
1179
1180
1181
1182
1183
1184
1185
1186
1187
1188
1189
1190
1191
1192
1193
1194
1195
1196
1197
1198
1199
1200
1201
1202
1203
1204
1205
1206
1207
1208
1209
1210
1211
1212
1213
1214
1215
1216
1217
1218
1219
1220
1221
1222
1223
1224
1225
1226
1227
1228
1229
1230
1231
1232
1233
1234
1235
1236
1237
1238
1239
1240
1241
1242
1243
1244
1245
1246
1247
1248
1249
1250
1251
1252
1253
1254
1255
1256
1257
1258
1259
1260
1261
1262
1263
1264
1265
1266
1267
1268
1269
1270
1271
1272
1273
1274
1275
1276
1277
1278
1279
1280
1281
1282
1283
1284
1285
1286
1287
1288
1289
1290
1291
1292
1293
1294
1295
1296
1297
1298
1299
1300
1301
1302
1303
1304
1305
1306
1307
1308
1309
1310
1311
1312
1313
1314
1315
1316
1317
1318
1319
1320
1321
1322
1323
1324
1325
1326
1327
1328
1329
1330
1331
1332
1333
1334
1335
1336
1337
1338
1339
1340
1341
1342
1343
1344
1345
1346
1347
1348
1349
1350
1351
1352
1353
1354
1355
1356
1357
1358
1359
1360
1361
1362
1363
1364
1365
1366
1367
1368
1369
1370
1371
1372
1373
1374
1375
1376
1377
1378
1379
1380
1381
1382
1383
1384
1385
1386
1387
1388
1389
1390
1391
1392
1393
1394
1395
1396
1397
1398
1399
1400
1401
1402
1403
1404
1405
1406
1407
1408
1409
1410
1411
1412
1413
1414
1415
1416
1417
1418
1419
1420
1421
1422
1423
1424
1425
1426
1427
1428
1429
1430
1431
1432
1433
1434
1435
1436
1437
1438
1439
1440
1441
1442
1443
1444
1445
1446
1447
1448
1449
1450
1451
1452
1453
1454
1455
1456
1457
1458
1459
1460
1461
1462
1463
1464
1465
1466
1467
1468
1469
1470
1471
1472
1473
1474
1475
1476
1477
1478
1479
1480
1481
1482
1483
1484
1485
1486
1487
1488
1489
1490
1491
1492
1493
1494
1495
1496
1497
1498
1499
1500
1501
1502
1503
1504
1505
1506
1507
1508
1509
1510
1511
1512
1513
1514
1515
1516
1517
1518
1519
1520
1521
1522
1523
1524
1525
1526
1527
1528
1529
1530
1531
1532
1533
1534
1535
1536
1537
1538
1539
1540
1541
1542
1543
1544
1545
1546
1547
1548
1549
1550
1551
1552
1553
1554
1555
1556
1557
1558
1559
1560
1561
1562
1563
1564
1565
1566
1567
1568
1569
1570
1571
1572
1573
1574
1575
1576
1577
1578
1579
1580
1581
1582
1583
1584
1585
1586
1587
1588
1589
1590
1591
1592
1593
1594
1595
1596
1597
1598
1599
1600
1601
1602
1603
1604
1605
1606
1607
1608
1609
1610
1611
1612
1613
1614
1615
1616
1617
1618
1619
1620
1621
1622
1623
1624
1625
1626
1627
1628
1629
1630
1631
1632
1633
1634
1635
1636
1637
1638
1639
1640
1641
1642
1643
1644
1645
1646
1647
1648
1649
1650
1651
1652
1653
1654
1655
1656
1657
1658
1659
1660
1661
1662
1663
1664
1665
1666
1667
1668
1669
1670
1671
1672
1673
1674
1675
1676
1677
1678
1679
1680
1681
1682
1683
1684
1685
1686
1687
1688
1689
1690
1691
1692
1693
1694
1695
1696
1697
1698
1699
1700
1701
1702
1703
1704
1705
1706
1707
1708
1709
1710
1711
1712
1713
1714
1715
1716
1717
1718
1719
1720
1721
1722
1723
1724
1725
1726
1727
1728
1729
1730
1731
1732
1733
1734
1735
1736
1737
1738
1739
1740
1741
1742
1743
1744
1745
1746
1747
1748
1749
1750
1751
1752
1753
1754
1755
1756
1757
1758
1759
1760
1761
1762
1763
1764
1765
1766
1767
1768
1769
1770
1771
1772
1773
1774
1775
1776
1777
1778
1779
1780
1781
1782
1783
1784
1785
1786
1787
1788
1789
1790
1791
1792
1793
1794
1795
1796
1797
1798
1799
1800
1801
1802
1803
1804
1805
1806
1807
1808
1809
1810
1811
1812
1813
1814
1815
1816
1817
1818
0.01399323004854081 0.01409302325583559 0
-0.01503889982601998 0.01402770281708133 -0
-0.001428571428619294 -0.08752564170348001 0
-0.01854281233982677 -0.08777894114792684 0
0.01860396999163291 -0.08750621678123252 0
0.01456616076445759 0.02363616603749997 0
-0.01443836895092678 0.02386210468076815 -0
-0.01507833995988675 0.03374481924461908 -0
0.01467926275033805 0.03335610099884771 0
0.01421191068190252 0.04354651162800285 0
-0.01399627058320089 0.04334883720920545 -0
-0.01434708642201272 0.05343023255804209 -0
0.01493712129173772 0.05375683675902965 0
-1.781477403770015e-06 0.003639723671157504 -0
-0.0142119106819029 0.06133720930225189 -0
-0.0142119106819029 0.06924418604645376 -0
0.01428755187271959 0.06133720930238641 0
0.01401582981111439 0.06934309170410834 0
0.03846924886300668 -0.08356377144530536 0
-0.03812236938440231 -0.08379468968906152 0
1.77229228042991e-05 -0.003725624920948406 0
0.00363536348616054 -0.0005230578790457291 0
-0.00368260612099957 -0.0005457477088010598 0
0.009316516110889373 0.01392429640890743 0
0.00714285714282553 -0.08752564170346795 0
-0.01000000000002169 -0.08752564170348041 0
0.002038206960041148 0.003064886398354 0
-0.001916577460346608 0.003119545527459359 -0
-0.009126630359752533 0.0119612561590182 -0
-0.01425553846931349 0.07517441860460897 -0
0.0142837894914164 0.07517441860467161 0
-0.00333646945729285 0.00161832623384606 -0
0.003483649025176642 0.001473471712611769 0
0.01174869714681672 0.003691623037502206 0
-0.01175567789550432 0.00392054136546392 -0
0.0446520023443001 0.08035969096378043 0
-0.04368444059468757 0.08116530370075405 -0
-0.002020988344234364 -0.00311460117886344 0
0.001948852566962821 -0.003143720294145081 0
-0.009621284562438819 0.004670627729416496 -0
-0.008649933536744973 0.005578248225501759 -0
0.009606475971154105 0.004664477037909264 0
0.008688427526160086 0.005603881077511753 0
0.008118856624064143 0.1854738414297471 0
-0.01427805809375279 0.08110465116276745 -0
0.01428202455064522 0.08110465116279968 0
-0.007892384277263662 0.1924020772366345 -0
-0.009280952253356515 0.0776655251143098 -0
0.009109092242711394 0.07754500696250999 0
0.008323920204731269 0.004352763735347399 0
0.007438669675204205 0.005239436176289019 0
-0.008330301703943516 0.004346215326394266 -0
-0.007419470479494306 0.005253115065216881 -0
0.009522876036955466 0.04756808306380959 0
-0.00927981255413223 0.1072945205480184 -0
-0.008906286000505931 0.04754308275639091 -0
0.009116163345857424 0.1071760188909788 0
0.00723200907836612 0.199936751076214 0
-0.02530371989495141 -0.08708919056057804 0
0.02525523784544667 -0.08674422030988158 0
-0.009335140350101934 0.1371166401418667 -0
0.009507963341405763 0.1370325548688989 0
-0.009187395536434148 0.01784274335566077 -0
0.009290560623697765 0.01010345915819411 0
-0.00812906159428929 0.185364697546946 -0
0.009020583203492175 0.01795954957211822 0
0.008902486078340873 0.1529608871569215 0
-0.009173864969626366 0.1529999784467672 -0
0.007346194086690397 0.2082311822803501 0
0.00879156076371305 0.1230894592748391 0
-0.009279812554124892 0.03181506849321578 -0
-0.008865066121677728 0.1233418936684988 -0
0.008977895741278059 0.03164910502626463 0
0.02518615357740856 0.08553765004508293 0
-0.02561549941510995 0.08535890355069456 -0
0.007916404792837926 0.1924775009426884 0
0.01285714285712483 -0.08755020088763618 0
0.009279812554125001 0.09339041095877587 0
-0.009065714341454258 0.06184368499437108 -0
-0.008896526930052003 0.09337286871680478 -0
0.009518248225437854 0.06170509788472885 0
-0.008344312281443271 0.1672732179197244 -0
0.008743188884656571 0.1670259830809195 0
-0.007703758313554687 0.00649779283754409 -0
-0.006468160393312748 0.006154898953421192 -0
0.007112447315382722 0.004037174104340976 0
0.007963339445307482 0.003152444349530753 0
0.006236550471080049 0.004908611516742494 0
0.006505407178231816 0.006075793664653069 0
0.005374378760216646 0.005750228088881417 0
0.005604436741716031 0.006972516416588613 0
0.004521888084875649 0.006622058937866081 0
0.004705852289847116 0.007934230258937108 0
0.003386724868530858 0.007372875344362688 0
0.003728349566596042 0.008909791771880449 0
0.002353307598562164 0.008540866425171921 0
0.002699666073079431 0.009979428491019599 0
0.001158028418111918 0.009563570879363156 0
0.001585311608778571 0.01116169849764633 0
-1.90447626999887e-05 0.0107075526778467 -0
0.0003517494352057866 0.01245548259226995 0
-0.0004034578716352827 0.009091624051316919 -0
-0.001590489729775554 0.01016752108336504 -0
0.00213115007076908 0.01279175175076202 0
0.0007853910434853549 0.01433314672101124 0
-0.001181907220404014 0.01382326775679207 -0
-0.007112528029037501 0.004024032271423867 -0
-0.007955530578535246 0.003147395452818104 -0
0.007236066719719464 0.2170944198390596 0
-0.006788776720717498 0.007463095262127069 -0
0.01428638462107648 0.06529069767446816 0
-0.01427551899086394 0.06536880382926584 -0
-0.0142119106819029 0.05738372093015093 -0
0.01421191068189378 0.05738372093030578 0
-0.01389319686911769 0.04967441860454341 -0
0.01421191068189317 0.0494767441861395 0
-0.007476297594197962 0.2000237029968502 -0
0.006304310224841931 0.226899437174979 0
-0.000699797022578078 0.01593232097504368 -0
0.001504876122569159 0.01653896169844475 0
-0.001876431872391915 0.008573508559568628 -0
0.006775334246854364 0.002852320811967933 0
0.007621966847165092 0.001982568855961744 0
-0.006771007155931987 0.00283461749407905 -0
-0.007614706036845435 0.001985937374498616 -0
-0.005929503746776385 0.003729960901008788 -0
-0.007206003957854822 0.2082874309195426 -0
0.00424368002263956 0.01026976780998401 0
0.00641175357131781 0.2373590391775779 0
0.002042255486021847 0.007143621154949758 0
-0.01453565777800439 0.08534460287685632 -0
0.01403618415936689 0.08506431369166328 0
-0.003181072441119361 0.00952979850525437 -0
0.00516725781051576 0.004614117496832233 0
-0.006423846513959372 0.001640824352635695 -0
-0.007304376473265671 0.0006862956014538278 -0
-0.008637198489819158 0.001056100787911187 -0
-0.008256577913255909 -0.0004058303507193939 0
-0.009829441979582293 4.21816348618438e-05 -0
-0.009373886671328827 -0.001629166079028008 0
-0.01115242576522848 -0.001179648507235975 0
-0.007757401761803921 -0.001999486163600949 0
0.006457248046543572 0.001650214914588655 0
0.007311123075986495 0.0006886229416993699 0
0.008590982347212329 0.001034913660056911 0
0.008249531235302046 -0.0004078219118069717 0
0.009772350169565173 1.676516170952023e-05 0
0.009361766456153419 -0.001630673505401474 0
0.01112222758943443 -0.001167087036037545 0
0.007622992903622729 -0.00193998552577061 0
-0.006920128168312686 0.2218732256049582 -0
0.00582472403242973 0.2486318875061926 0
0.01065624882642344 -0.003021251859503441 0
0.01262030700270284 -0.002544275899094983 0
-0.01061627915360884 -0.00312418728789637 0
-0.01266292856615937 -0.002628065095393442 0
-0.0002217030973020907 0.01839496928255871 -0
-0.002871783770013908 0.01529048544055272 -0
-0.00619638063073389 0.2325167793141605 -0
0.005545026003394359 0.2609568407103742 0
0.0517933206410898 -0.03538460302558927 0
-0.05800438308120644 -0.03689300626790346 0
-0.005519126165310367 0.007096193555053257 -0
-0.0006116296575852271 0.007396622438407101 -0
-0.00208004911254191 0.007079741358915714 -0
-0.006195522509110774 0.2428566920604779 -0
0.005143276435536324 0.2741442577609904 0
0.006198584666134856 0.008325565973793579 0
0.008831888876877633 0.06554483539489822 0
-0.008792459220997372 0.08964765285846112 -0
-0.008930887619916989 0.0653664565051148 -0
0.009279812554124358 0.08941780821904176 0
-0.06105532848465402 -0.07838701713650001 0
0.06038011761739058 -0.07828221493912485 0
-0.001154237635284636 0.006140401543637873 -0
-0.002354516114654729 0.005810342922438996 -0
0.006111267131020169 0.0004271200892884168 0
-0.006083759210997252 0.000435462309562018 -0
-0.005805827472522462 0.008462496137781245 -0
0.009031846026056348 0.03590959957385141 0
-0.00957574333048144 0.1194109589041522 -0
-0.009177218062946392 0.03578767123294962 -0
0.008999840728434438 0.1193925976705135 0
-0.05882308546385125 0.03600000000013658 -0
0.06385073204914012 0.03839443366290738 0
0.005379818252348186 0.2885817630546265 0
-0.007276731536744765 0.008874573863868048 -0
-0.006296349149663921 0.01000309540038666 -0
-0.005558949786050852 0.2546460235189269 -0
0.005614851672804957 0.00254847682691625 0
-0.005424934894894685 0.005782066833030184 -0
-0.009279812554127152 0.1490068493150673 -0
0.009279812554124712 0.1490068493150659 0
0.002338900832164334 0.01906053861824036 0
0.0003885045518626583 0.02117091450416409 0
0.009082795164920656 0.1411295726156463 0
-0.008959127676179974 0.141197703065437 -0
0.004033801880880924 0.01687198951995076 0
0.008822603562473209 0.006971502641520822 0
-0.005370717828793622 0.2673814959082064 -0
0.009166888311933522 0.1112671232875801 0
-0.008896525378260302 0.04390153024496851 -0
-0.009023240201907827 0.1111068648914664 -0
0.009072620229306647 0.04373691549213089 0
-0.003171407376128719 0.01293225220502249 -0
-0.00494330548950947 0.01454061985409547 -0
-0.004587010620110722 0.01677756375272352 -0
0.009279812554124436 0.0814726027395732 0
-0.009061269722585284 0.0735423819480685 -0
-0.009216574460369069 0.08135437051547578 -0
0.009302928762630733 0.07357930143478779 0
-0.001435585300767014 0.005001316322914531 -0
0.01143295662491069 0.000764562227284706 0
-0.01138810118747795 0.0005882189287471687 -0
-0.009673869365869921 0.007606053747274482 -0
-0.0002835122525698805 0.005324320544968127 -0
-0.005229196802317877 0.001349294465664996 -0
-0.00518586425788223 0.2811733710990744 -0
-0.009432805743812859 0.103445925399721 -0
0.00896410098696554 0.05158139770661885 0
-0.009341718040162877 0.05167480358860799 -0
0.009279812554123726 0.1033219178081118 0
-0.002594520380880709 0.004682440069246974 -0
0.004988691895299493 0.01965887234572353 0
0.009157596501881492 0.02158451022443132 0
-0.002142848029897547 0.02027845667041425 -0
0.06715481361631097 0.002485102689878009 0
0.0362561266616427 0.01807326377376265 0
-0.06161317118364604 -0.001055182942446221 0
-0.03932874883609449 -0.0177713073703248 0
-0.008927116903087241 0.1331240563067702 -0
0.009532522022821583 0.1329178082191542 0
-0.009514302635031675 0.02168493150687854 -0
-0.002769338232220349 0.002569545633580633 -0
-0.003769173300959531 0.002466037647361783 -0
-0.00384717508672233 0.0008031791299791529 -0
0.002803040340793281 0.002428848291527609 0
0.003000670982753435 0.003283095658197599 0
0.002247433509005851 0.004032279508178852 0
0.003734893233287522 0.0024449924758419 0
0.003184701230148283 0.004317410612054458 0
0.002459863514707126 0.005071225899874608 0
0.004313231151926715 0.001650106282582696 0
0.001455274306348427 0.004687108071963413 0
-0.003570138116638403 -0.001395059480209216 0
-0.004451035613549963 -0.001069778738929519 0
-0.004391013562171107 -0.002088539060397524 0
0.00337521139629542 -0.001516966893270978 0
0.004369266627002896 -0.001186479775821311 0
0.004053058578668351 -0.002305115488603349 0
0.005191398421684386 -0.001990202404417124 0
0.004930283632911286 -0.003221789975716892 0
-0.003345344887277762 0.006762293185369405 -0
0.003714244345221947 -0.003502294360627445 0
0.004564319969887837 -0.004505568750031523 0
0.003091345345722275 -0.004814842137317284 0
0.004193832110371961 -0.006030052435306474 0
0.002475220516364408 -0.006634502199224656 0
0.003814352439641642 -0.007919998747949606 0
0.001627231080674841 -0.008560528454660474 0
0.003367996813259856 -0.01029699130726081 0
0.0007541618812578962 -0.01081816348292664 0
0.002643612831790914 -0.01296693076366772 0
-0.0002422547821398491 -0.01352421163438693 0
0.001761531569730319 -0.01578999763266504 0
-0.001243661086299966 -0.01663578348285327 0
0.004681924427100184 -0.01511043479512152 0
0.003822805690899677 -0.01823472814635634 0
0.007414912282290448 -0.0171911623453274 0
-0.0008086879235579084 -0.008809056498076832 0
0.005832189249805381 -0.00568138279178085 0
-0.003508362954249518 -0.01403495501449557 0
-0.005136286853236731 -0.01746027326207312 0
-0.001679928060028203 -0.02060145857054697 0
-0.006548036816467586 -0.02149118573726022 0
-0.002816087007666396 -0.02495386159724764 0
-0.00748106922789182 -0.0267012798271405 0
-0.01183773409460465 -0.02222691988470606 0
-0.01319307777155882 -0.02797860095875898 0
-0.008733094481299412 -0.03259042966928749 0
-0.01509166637217879 -0.03424473963838726 0
-0.01040519034962589 -0.03904612167204857 0
-0.01692383607786434 -0.04101037688540936 0
-0.01189962172531538 -0.04557266079149067 0
-0.005863182535504504 -0.04361758442171589 0
-0.007314709030638421 -0.04981257205388824 0
-0.001446466969964297 -0.04804735845031139 0
-0.01308278527579791 -0.05168098228177846 0
-0.002635405111182368 -0.05404839059386213 0
0.003030863662722105 -0.05219673929376668 0
0.00197310782107371 -0.05818222069598429 0
0.007636100599289855 -0.05634294645809162 0
0.009074911974980227 -0.05003768729818327 0
0.01393271096919628 -0.05455145327583245 0
0.01543409164726152 -0.04713743757195223 0
0.0212478035591525 -0.05292441278718188 0
0.006151471417528104 -0.06221608730264692 0
0.0009266558897593017 -0.06387478839625736 0
0.004449975754594322 -0.06826838565047393 0
-0.00061910019040679 -0.06901149248788965 0
0.009977289816936016 -0.06630959055609842 0
-0.0004650205580639413 -0.04221383293229995 0
0.008766391057331468 -0.07148550759934859 0
0.01375307558509041 -0.07000854762855388 0
-0.003999348514852917 -0.06562912064441585 0
-0.00493749654415055 -0.07045851899328173 0
-0.008506966362274293 -0.06734831538260411 0
-0.009377968796595909 -0.07198321586999676 0
-0.01300222419839214 -0.06881380612968853 0
-0.01375762900226402 -0.07349910799265849 0
-0.01772632815835336 -0.07042472907753178 0
-0.002222009813360745 -0.07341351613036579 0
0.01249048801903289 -0.07496346760066638 0
0.01740605951125044 -0.0737610862756909 0
-0.01034904288273491 -0.07636289135528868 0
-0.01432640112169374 -0.07785020164228931 0
0.02317762064517632 -0.04493784870498492 0
0.01688281645426535 -0.03900065091727863 0
0.02540819307235276 -0.03643822743913518 0
0.007836156481950339 -0.07614180131098822 0
0.01893208919824896 -0.06851375899425588 0
0.02316537321220098 -0.07372791840041829 0
0.02484736564574967 -0.06629130706766148 0
0.02959075364994296 -0.05093700144572048 0
-0.0158027444158833 -0.06401725725451549 0
-0.02205217982660321 -0.06625659280944932 0
-0.0231989617774333 -0.07290841317127386 0
-0.02877224797827789 -0.06875942390492709 0
-0.02727582947605449 -0.06098642825186192 0
-0.03573182840172792 -0.06412642337465016 0
-0.03388979890114893 -0.05469179877651185 0
0.01864052162047935 -0.03141193171302806 0
0.006133638766308876 -0.0211087146851085 0
0.02746309465313549 -0.0275227436518969 0
0.01011468075187485 -0.02009934849987977 0
0.01580361169296334 -0.07844582475143194 0
-0.02238021865457265 -0.03556502721257083 0
0.02992451897775496 -0.07179263533938217 0
0.01108214882433851 -0.03408885225967274 0
-0.007765090397860111 -0.06260646684933817 0
-0.01120297513834947 -0.08036598543710313 0
-0.007568661622387121 -0.07922271429696273 0
-0.01796298339537541 -0.02328570807606228 0
-0.01466106769694381 -0.08178488617602428 0
-0.01793683965566027 -0.07954740866369651 0
-0.04427711757645399 -0.05826279365179819 0
-0.04423667533186863 -0.06833563663902679 0
-0.01575395457247391 -0.01677491467652972 0
0.01144152887198329 -0.01600208227168582 0
0.01483637339642877 -0.01920233801734108 0
0.0157135434548222 -0.01351327712661336 0
0.03221042859769718 -0.06437104220874107 0
0.03786111247809531 -0.07021677843392089 0
0.04138626514132195 -0.06085136730285562 0
-0.008281846044249593 -0.08263601022283965 0
-0.005065827882557322 -0.08173363668042471 0
-0.005971285066436097 -0.08481006661430364 0
0.02829273716534566 -0.07832313930688141 0
-0.007409479668582403 -0.01468797805434228 0
-0.002607937982814577 -0.002526588334841315 0
-0.002977785651126362 -0.003436547853896578 0
-0.002056090416210639 -0.004212170954049117 0
-0.003429821375982113 -0.004646074757689488 0
0.001032477719555101 -0.003547826815911235 0
0.0007283500245539023 -0.004588145784837181 0
-0.003442634798843257 0.003227835294825164 -0
-0.004274473111443327 0.003288465433514681 -0
-0.009235076812453445 0.02792714052104051 -0
0.009561858108624262 0.126958904109535 0
-0.009279812554129508 0.1271575342466061 -0
0.009279812554129406 0.02784246575339009 0
-0.02966286827249897 -0.07561660379297704 0
-0.002332502433184583 -0.005702155012317123 0
-0.003909696202522472 -0.006262486422689255 0
-0.00523820864380069 -0.004704766106368361 0
-0.005723641126659833 -0.006835381098678934 0
-0.007393049199790312 -0.005254557243082056 0
-0.004341191143849487 -0.008292832725592614 0
0.0087465154582353 -0.02473981788285329 0
0.004062927779142711 -0.02509458986543345 0
0.003654042697495372 0.0004375871955531055 0
0.0044573385736049 -0.0001343215195910297 0
-0.02289032600165925 -0.01797110254632759 0
-0.01985466937491731 -0.0120614920978319 0
-0.005469528430060079 -0.001656044348039663 0
0.009480711041942556 0.09742870958196072 0
-0.009533598682765109 0.05783561643847328 -0
-0.009449480628761175 0.0973898660351783 -0
0.009503855672879478 0.05783561643825104 0
-0.001021359560527992 0.003507512032403026 -0
0.01982416154586248 0.08615997039960133 0
0.02196584603263186 0.08204931656754311 0
0.02675415006932112 0.08047728893930294 0
0.02297143244603627 0.07728241420886395 0
0.02774437634171626 0.07527720760914665 0
0.01845717149458784 0.07876076914540221 0
0.01894743151588749 0.07465666222521221 0
-0.0210580030535423 0.08492177661146906 -0
-0.02319857492221406 0.08091804903115124 -0
-0.02850752596649984 0.0809383394313998 -0
-0.02488653000433476 0.07572399108676509 -0
-0.03153105671046342 0.0758394737908657 -0
-0.02737662781295341 0.06971448777822731 -0
-0.03543235171128913 0.06991956424636751 -0
-0.03175435279238686 0.0633090243073634 -0
-0.04029181980248718 0.06292200069853374 -0
-0.03635497926949195 0.0553569696095484 -0
-0.02435165172654168 0.0639734326148067 -0
-0.0230428769548164 0.07146448238991418 -0
-0.02032060363369884 0.07737460296512363 -0
0.005532498175238873 -0.008965934046493575 0
0.009120383962507445 -0.04093517043321186 0
-0.0007040461962542599 -0.004879233995997674 0
0.0199406868988117 -0.01739318158699795 0
0.02216882747149663 -0.01200141304468062 0
0.01774518277361293 -0.007988108919409213 0
0.0233323723174767 -0.004881748065723548 0
0.02871463807004045 -0.008644889018455865 0
0.03032884002421003 -0.000964208771491319 0
0.02297274737012274 0.00279302908003162 0
0.03810367933768046 -0.007900207909614222 0
-0.007676875904919116 0.178319758330372 -0
0.007744567520307525 0.1785792199289331 0
-0.02469751876066809 -0.05223034421110587 0
-0.03091677202930002 -0.04699296282820654 0
-0.004410934674871038 0.008079434556983274 -0
-0.005404400205601732 0.01243056437060637 -0
-0.006813547865632422 0.01381199045987421 -0
-0.01595466368998381 0.08759511617089458 -0
0.01621139115163273 0.08788258205771039 0
0.003947035339401508 0.003464496732133639 0
-0.006789997853339152 -0.009165551945400184 0
-0.003714416908245613 0.004199056321177405 -0
-0.01869451053028158 0.081096578622776 -0
0.0001841110612807116 -0.005836777899344871 0
-0.05664310423679706 -0.06420518526280354 0
0.01821210074103321 0.08237806145948157 0
-0.01781397748442621 0.07285488146109736 -0
0.004414190299298772 -0.07352042354307944 0
0.003656472245003439 -0.07767008647770104 0
0.006768928262590679 -0.08034128565189788 0
0.002955781076014642 -0.08138162573406515 0
0.0001781876720181245 -0.0795173118114605 0
-0.01150633738949498 -0.08437401746198582 0
-0.01492001405983532 -0.08519845484299478 0
-0.01776446055478436 -0.08347098527786259 0
-0.02102325804478205 -0.08172049179918613 0
-0.004409867550362822 -3.62288687519038e-05 0
-0.001631263998027544 0.02357635645951701 -0
0.009271799492358469 0.1573996114254719 0
-0.008630777340458662 0.1577180146521866 -0
0.03100885049731594 0.08405322407918307 0
0.003452165697396689 0.005298218410796664 0
0.0115195124492604 -0.07961527317091531 0
0.009289849104232667 -0.08289571665279946 0
0.01489350455310288 -0.08214790649863722 0
0.01905865969684767 -0.08174087933177672 0
0.00586208442263762 -0.0842983313143422 0
0.002271561818392693 -0.08481567582754455 0
-0.008800269328797395 0.009038407932839342 -0
-0.002755763721955153 -0.08440970083285176 0
-0.005326231933730498 -0.002943050322767603 0
-0.007677329258680712 0.01038785199006424 -0
-0.05665378254532479 0.07553757101458858 -0
0.05414677067010187 0.0795531559588121 0
0.04822406633924954 0.07010580753896958 0
-0.04814048116188652 0.05073572616638866 -0
-0.03778942982643635 0.04519300544374352 -0
-0.04351903171732398 0.0236250153412217 -0
-0.02927362543103449 0.03167791158543053 -0
-0.03028799458884093 0.04254752204505634 -0
-0.02373494781318759 0.05494445336702201 -0
-0.02581784472685961 -0.02774887128033889 0
0.03562845752197655 -0.03432497802465072 0
0.03948583995948417 -0.04823550399174553 0
0.05250076982143279 -0.05548802652935421 0
-0.01674946230229924 0.07813505063331476 -0
-0.04556926177468393 -0.08312511525849453 0
0.04764581091983737 -0.08173985243809755 0
0.04889954002541681 -0.07005151498045742 0
0.001044933057189656 0.003558715227910264 0
0.001510244144500907 0.02437266972956737 0
-0.0007352046646607507 0.02714119061161395 -0
-0.005171128183359211 0.02924875723683144 -0
0.002362363916835189 0.02787193941877442 0
4.909949620080462e-05 0.03044747043397302 0
0.00313303647550354 0.03124857908488446 0
0.0006743196463703245 0.0335558041522839 0
0.003811487970054246 0.03440011548923907 0
0.001465000632733741 0.03676554905704642 0
-0.001803745317700726 0.03576601832542053 -0
-0.001722058867061863 0.03946269649554116 -0
0.005372220925734552 0.02896261222430865 0
0.03076858705482458 0.007883174774312475 0
0.02185845095996524 0.01202784535414429 0
0.01883531272603149 0.008073953287189772 0
0.01395845530497351 0.009874171017428933 0
-0.02745710513656862 -0.01188330002246363 0
-0.02584897629190508 -0.003008923007700929 0
-0.03498190054727797 -0.006001898050339018 0
-0.03123712050200446 0.003028878582413633 -0
-0.02286701015463399 0.00338312912138103 -0
-0.02626168569934423 0.009749830005539528 -0
-0.02041187558214698 0.01101692914960158 -0
-0.02331082147039917 0.01582744530099455 -0
-0.01444874022540851 0.009231410326759866 -0
-0.01857556094761842 -0.001964904275774602 0
-0.01660219207818038 -0.007669928318929696 0
-0.0121315844069273 -0.004879068136622458 0
-0.0401784635899476 -0.02945794214104299 0
0.002873781977177364 -0.002538509089341001 0
0.01889017656987839 -0.06109258867252643 0
0.01823272445302581 -0.002050226199813247 0
-0.07484841960389464 0.0736046384523292 -0
-0.03054675006570606 0.01743297190041944 -0
-0.01813370022110187 0.002067294277162968 -0
-0.03213274455709669 -0.08379951207020155 0
0.03184530098290901 -0.08321292232058797 0
-0.006432903112403587 -0.07494314312036741 0
0.0008782565720477141 0.008049221274190357 0
0.000750162875015708 0.006659029399906973 0
0.03467827066454891 -0.07746387607664432 0
0.005346980144087648 -0.03602450134503686 0
-0.005690761270936291 0.002546785389543255 -0
0.02333248240596598 0.07256051798000732 0
0.02827532124953468 0.06957318003682331 0
0.02281389734920168 0.06711587912492199 0
0.02824331869506203 0.06363657933409887 0
0.02290970703699097 0.06030552343802602 0
0.02852626418027374 0.05728910296830381 0
0.02323212595718884 0.05402841736076986 0
0.02887525301082514 0.05012174689355187 0
0.03696898889288699 0.05526101027867631 0
0.03595778414588039 0.04555207173874204 0
0.02725576401982725 0.04199687810694001 0
0.03400716084672321 0.03589325927253014 0
0.02600166183438666 0.0331236992258913 0
0.02060731494732514 0.03755813192073943 0
0.01421191068190478 0.03959302325589474 0
0.02043964455371838 0.04360085531468127 0
0.03316469440206038 0.07386988461690025 0
0.02032469866959071 0.03172785164840909 0
0.02343683612777612 0.02644530104250577 0
0.01465475876904417 0.02732729836466918 0
0.01879270320699375 0.06397613543290448 0
0.01877679815674488 0.06769647425427587 0
0.01852099795914411 0.05929379963471609 0
0.04515422315425779 0.05042839259167995 0
0.01853735803096781 0.05454451725963334 0
0.01797852769269036 0.002487186648035942 0
0.005490445007415684 -0.0006777445511640118 0
-0.07268455112699848 -0.07158243121567147 0
-0.004689583953189448 -0.03772260921450639 0
-0.003076714787464727 -0.03142158586407226 0
0.009300168207098457 0.01198731181967367 0
0.007676905662958484 0.01290877531977085 0
0.007630713545840623 0.01481097248098071 0
0.005974566411227152 0.01382642341276143 0
0.006143509518659572 0.01204021244330678 0
-0.001872083062781238 -0.0112194350302661 0
0.007720761294674404 0.01107737136705236 0
0.007675275711527717 0.009253255475921684 0
-0.04250444777393007 0.001792230657781422 -0
0.00186056251645593 -0.004209964963525604 0
0.004300585509652417 0.01286092438236154 0
-0.001064813202789314 -0.0035917747517271 0
-0.008482743247427505 -0.0566056667788427 0
-0.01457503456492974 -0.05768576439800197 0
0.006137941487011673 0.03227490888642375 0
0.03129356269795978 0.02694752342324485 0
0.02726544237789178 0.0202401227202748 0
0.02077106788939623 0.02034480674653988 0
0.01421191068190468 0.01784883720933315 0
-0.008908729643519816 0.1621819869200251 -0
0.008776619604703528 0.1622544929061499 0
0.005952428241230344 0.003712733235441333 0
-0.006251278509162859 0.004835212703941943 -0
0.03879032423594213 -0.02220325357838064 0
0.05157113868472769 -0.01286333303849779 0
-0.004822739575450536 0.004076053964579187 -0
0.06369195270352317 0.06874235323389254 0
-0.003493512072691385 0.005527175739323877 -0
-0.009801475214853713 -0.00522403104537644 0
0.04307622714598113 0.006062638346923076 0
-0.007007042287393322 0.2172019546566422 -0
-0.002959252029127753 0.2194118960422908 -0
-0.002749224530851923 0.2241540869970593 -0
-0.003153867052224608 0.2148342194284047 -0
0.001095049123528103 0.2215827979833657 0
0.00144682331238619 0.2263324312709429 0
-0.009205580519758208 0.003471139689682793 -0
0.01983736922884499 -0.0774899802296187 0
0.00932457898721375 0.003409305840185045 0
0.006235874189342355 -0.002855185827914729 0
-0.0214302283649283 -0.08752468507082385 0
0.02161626199199775 -0.08741727850614778 0
0.02286395473123438 -0.08374180775928608 0
-0.009305674735386142 0.01389356155245477 -0
0.009279812554129411 0.01592465753423004 0
0.01948000874887365 0.0156679770273425 0
0.006049457152709547 0.01023126614145335 0
0.00768071028415984 0.007758344788070774 0
-0.007109672752496309 0.2126646866466516 -0
-0.003389890673699546 0.2103728841531093 -0
-0.003625334346823504 0.2060650921147277 -0
0.0003894420620750302 0.2124083112893934 0
8.337407657069819e-05 0.2080199980625163 0
-0.0001379133237929072 0.203828127220267 -0
0.003612782096596788 0.2058352989626248 0
0.00342051823672758 0.2017537978679713 0
-0.0003088520281578169 0.1998396080917742 -0
0.003496969847008358 0.1973333415456646 0
-0.0003943861567533699 0.1958994378377862 -0
0.002546850518706434 0.1934562475830043 0
-0.0008215746498100966 0.1921771468433812 -0
0.002292947958580966 0.1901447106391093 0
-0.0009813739625778163 0.1886569974891777 -0
0.002031490652285064 0.18672459147396 0
-0.001052574770479188 0.185196766235063 -0
0.001850180369287496 0.1832780277799756 0
-0.001292282602141492 0.1817202686791151 -0
0.00165504149002377 0.1797722370020302 0
-0.001489313136856389 0.1782483630076965 -0
-0.003587443803982431 0.187045822106136 -0
-0.004137517850256664 0.1942066731476325 -0
0.005155878828446499 0.1879687059017083 0
0.002033016089752778 0.1757851583900059 0
0.004813918663037263 0.1811799453903304 0
0.007661359446465101 0.1959809803844942 0
-0.004593833499480826 0.1802385865003509 -0
-0.002198412747487634 0.1744553932641885 -0
0.001184546883920968 0.1720605335519467 0
-0.002058370638539262 0.170502424933533 -0
0.0009755883347476438 0.1685358427872437 0
-0.002207618963920269 0.1669921881450815 -0
0.0007619243339987685 0.1649498691765999 0
0.003792871379933795 0.1699299666918856 0
-0.003005576739874141 0.1628393385184358 -0
0.0004676308185756818 0.1609530958834803 0
-0.005251789340468393 0.1688956548820644 -0
-0.003809024387585197 0.2019691074583308 -0
0.0006446130161052301 0.216895650482905 0
-0.008202731299396858 0.1888395574467415 -0
-0.004566381147545203 0.1900495122644476 -0
-0.007548441145911381 0.1961428227729396 -0
-0.003826436439480008 0.1979692329491304 -0
-0.007327493629412027 0.2040615466284684 -0
0.006509721977041647 0.2322231296306232 0
0.001866200235492263 0.2346679882142121 0
0.001815335408136518 0.2399364073916141 0
-0.002883264468041198 0.2374290890215046 -0
0.005621960049717442 0.2547491341723027 0
0.0002869929731254306 0.2516784101746775 0
0.0001504266008640363 0.2578071551809287 0
-0.005124339744180064 0.2486830450823012 -0
-0.005357282604946203 0.2609092245202762 -0
0.0001179240640281967 0.2451600234819612 0
0.005375703624467404 0.2674204490900266 0
0.007336395331689784 0.2124969359140098 0
0.007199860516280102 0.2217743219891806 0
0.005212995293057813 0.2812328420645012 0
-0.005287105372139517 0.2741728251600175 -0
-0.005511781196799294 0.2885580643965578 -0
0.007268583916396815 0.2039797489492558 0
-0.006747980918691799 0.226676211274603 -0
0.004551320312378304 0.01478982086049337 0
-0.01120491143526312 -0.007342151478147924 0
0.001681788424795488 0.005832053951501538 0
0.01922616070224225 0.02435138814264212 0
0.004212750563954503 -0.08737208717735834 0
0.01571970928430859 -0.08756480379928223 0
0.009999999999975081 -0.08764320910183855 0
-0.01297582047965969 -0.08748994844367378 0
0.006588677364634844 0.01777414923749173 0
0.007668141557299379 0.01984449477003118 0
0.01175144462425878 -0.06086869862438957 0
-0.0615550820631626 0.01726559900448131 -0
-0.06340843951627106 0.05919097108798117 -0
-0.004650151838242563 -0.01073382789746555 0
-0.01817078277847461 -0.04796394934469795 0
-0.009311925021652881 0.08535616438366951 -0
0.008862483281487036 0.06918690872673966 0
-0.009311925021649564 0.06964383561655121 -0
0.008901999745605361 0.08567647720874197 0
0.006379033457849885 0.2428566920601859 0
-0.00229079114494567 0.2288963753351261 -0
-0.003963444029970472 0.01121792467828195 -0
0.005019450337388282 0.1844560016886319 0
-0.004734745049585017 0.1840993358293178 -0
-0.009311925021653206 0.1151917808219593 -0
0.008931950088661 0.03938739374533124 0
-0.009311925021649375 0.03980821917814695 -0
0.009311925021649367 0.1151917808218514 0
0.01325000000000001 0.003700415147167309 0
0.01243171627620486 0.002308130804769013 0
0.01393825920979494 0.00221153516743197 0
0.01064312380501425 0.002474127884392572 0
-0.0130437421619007 0.003320536887681506 -0
-0.01455708782994165 0.003630662950922129 -0
-0.01575430390708384 0.005066048415221574 -0
-0.01409473839936716 0.001729170877450047 -0
-0.01471500973118334 0.006815755239770242 -0
-0.01716126828694951 0.007438601809513733 -0
-0.00900844894782271 0.1447498592296608 -0
0.009148576374616605 0.1448759541828547 0
3.511522901980694e-05 0.264165261168533 0
-0.01719236076073362 0.08443988491803434 -0
0.01709485262823641 -0.0848819463771481 0
0.00368505036896882 0.1665329284657011 0
-0.00306951195097762 -0.06028591238360591 0
0.01789796785103983 0.01202925241278922 0
0.01595402504392186 0.007426711602782393 0
-0.01776362208649743 -0.07533682321336463 0
-0.001298235689105642 0.01190365250361354 -0
-2.900657099080913e-05 0.293257316339798 -0
-0.0006532891985541377 0.004344128041500998 -0
-0.0100415109640383 0.001479837272390472 -0
0.005355450549723688 0.001325596029987534 0
0.003452620620631013 0.1626376651068581 0
-0.007855752674712373 0.1820202708425706 -0
0.008074616186379649 0.1821790994649523 0
0.008633740388901802 0.1729837542156381 0
-0.008364431610789319 0.1730972312331318 -0
-0.01879291891963953 0.01482182669640953 -0
-0.01511542460460238 0.01983357910433785 -0
-0.01924944991820567 0.01972763866632063 -0
-0.02481737159146006 0.02172653737631548 -0
-0.01989985625450005 0.02543359000244047 -0
-0.01440471285065505 0.0295445736433484 -0
-0.005640253752624504 0.1655775124116323 -0
0.006084073546645923 0.01575366305217598 0
-0.007142857142887308 -0.08752950788006961 0
-0.007041826101849358 0.01600405229875794 -0
-0.006899276433087917 0.01839402783460476 -0
-0.004231770384260579 0.001579040216073874 -0
0.008995649650416533 0.008471563289672487 0
0.008778405204891537 0.02371046451501304 0
0.01816031176298178 0.04093492876028781 0
-0.004311650988567677 -0.08737915283845084 0
0.006670817423858015 0.03516537207301542 0
0.005494578717457491 -0.01157490861239877 0
0.003972562517446435 -0.04566112148473556 0
-0.001743178356436357 0.004052316253494161 -0
-0.02113465551309827 -0.07787557427122023 0
0.04009532193430058 0.06410718025097104 0
-0.02540122505815488 -0.07967104938413465 0
-0.003676897368397236 -0.07810404684701096 0
0.003733775863500823 0.2101443568921735 0
0.001252448525795445 -0.08750133046033218 0
0.006544469408904146 0.1644659185654112 0
-0.002376045936208425 0.03277735038265751 -0
-0.005165055659948646 0.03473177216718519 -0
0.002731621830481669 0.006222469614154524 0
-0.03490379535698523 0.08155420080731052 -0
0.01427679653356457 0.08316859067483666 0
-0.01401632701366017 0.08712128125071131 -0
0.01421191068189736 0.08703488372093721 0
-0.008137764491932211 0.1702270707753984 -0
0.008666867320440551 0.1699235354393663 0
0.006072252878497636 -0.0301755762633431 0
-0.008152047163655449 0.007734241141540064 -0
0.01429371019543571 0.07912790697675579 0
-0.014452776339583 0.08315955973193448 -0
-0.01436588321553805 0.07912715960165367 -0
0.008803061297477772 -0.003431175767063248 0
0.01000948117843119 -0.004998548541034986 0
0.007735773523604134 -0.00517067818663008 0
0.009074345630606738 -0.007179955008693508 0
0.01153628377644593 -0.006785716790219852 0
0.01346640301683898 -0.009421880429785492 0
-0.008714087575270639 -0.003426675349788756 0
-0.008485512471651021 -0.007303612135114256 0
-0.01308931542389459 -0.009587704196635904 0
-0.01143732108054661 -0.0132944279149397 0
-0.009253045327380397 0.01588134030404651 -0
0.006832696464914579 -0.0005826089581422374 0
-0.00667274837243366 -0.0008656956837499878 0
-0.01438491616044044 0.07715029085309028 -0
-0.01426293937109177 0.07319767441855532 -0
0.01429642337411649 0.07319767441863076 0
0.01430914832879635 0.07715116279071348 0
0.01631817672199413 0.07616279069769194 0
-0.01429096533320268 0.07122093023250387 -0
-0.01633155134746522 0.07023255813947896 -0
-0.01628237200475377 0.06757097404930133 -0
-0.01395396033550412 0.0673437695291655 -0
-0.01687860799795729 0.06469666199574614 -0
-0.01979644314780528 0.06595542486769151 -0
0.01438161368094802 0.07115510720797885 0
0.01658868878625532 0.07238446288492299 0
-0.00851465052808776 0.1645319559711926 -0
-0.004783036121149781 0.009548548402379517 -0
6.297421327309252e-06 0.2707863158283941 0
0.01421191068189398 0.06726744186050884 0
0.01644769096291664 0.06637863152299148 0
0.0143123974302651 0.06331395348842775 0
-0.009107901396795697 0.1598868786798427 -0
-0.005896207242224942 0.156246779259907 -0
-0.002691541788687011 0.1585423491420921 -0
-0.00244307986791709 0.1550798049661778 -0
-0.004922936398948053 0.1530164636750612 -0
-0.002024816497807863 0.1517228452792074 -0
0.0007113252657716717 0.1537125119669829 0
0.001181648726356962 0.150256584017347 0
0.003865117955834117 0.1522635944674346 0
-0.001669616950930327 0.1483886667904691 -0
0.003445453473093939 0.1555695902130793 0
0.001502744790598727 0.1468289568615138 0
-0.001953706054181556 0.1448169951269357 -0
0.001941444123862586 0.1431231802370494 0
-0.0009773383693226052 0.141026883230044 -0
0.002166626507641317 0.1396688865427795 0
-0.0005857455976976915 0.1377295289826478 -0
0.00247056877487365 0.1363828170627459 0
-0.0002202606071889563 0.1343811791820873 -0
-0.003571490752030592 0.1390630871948595 -0
0.00510293302397334 0.1382796908679291 0
0.005451990819949063 0.135065166231287 0
0.004396903860562941 0.1489199746410642 0
0.004813952332374211 0.1413985935544191 0
0.006377385283817632 0.1540482638550675 0
0.0004408221246457528 0.1570910008625072 0
-0.00453614747224108 0.1499048259034393 -0
0.003243734498184458 0.1324495813767039 0
0.0001090971865263565 0.1308478279735621 0
-0.004282946020724123 0.1421411014336569 -0
-0.00650820826147524 0.1402306516553904 -0
-0.006746800123900938 0.1372397545326386 -0
-0.003339331931710844 0.1358923403949276 -0
-0.00602000097117846 0.1342132410862181 -0
-0.003603348938017335 0.1324818241389073 -0
0.007032727384424845 0.150889050034641 0
0.00900230615118355 0.1597671959134868 0
-0.01445057738992155 0.06339269391652427 -0
0.008141963535574465 0.1890364731612896 0
0.002299380982800272 -0.02136265443810016 0
-0.00243660631093125 0.0175969383297998 -0
-0.009102143778577692 0.01976777236734411 -0
-0.00708249027514613 0.0214168739241638 -0
-0.01431557574687704 0.05540697674409743 -0
-0.01655049588823949 0.0563870201057159 -0
-0.01629040397261129 0.05936375861040862 -0
-0.01965923078329255 0.05765996057118399 -0
-0.01927211711766481 0.05412755825524285 -0
-0.02234051536833776 0.05004458186006361 -0
-0.019462587989638 0.06194789691114191 -0
-0.01833716120281682 0.04986171364452612 -0
-0.01962436104170623 0.04597591778643109 -0
-0.02313245058267372 0.05941695271948601 -0
-0.01394284506728342 0.05936112381504285 -0
0.01389270515167101 0.05955813953494996 0
0.01410288007465716 0.05566997200303003 0
0.0007738518479903259 -0.02801814318984615 0
-0.007007062678187806 0.01184490929733822 -0
0.004584861656681699 0.002633670269701005 0
0.0004464262526622531 0.00444340893298868 0
0.01321633272035382 -0.0005926775157798456 0
-0.01312540354458775 -0.0002836091675075424 0
-0.01573401405340021 0.0003864356877901431 -0
-0.009154450876369222 0.1552153023480262 -0
0.008792318548125644 0.155327093701415 0
0.004985184739585424 0.009134124391209699 0
-0.0162588176064062 0.06214764414721457 -0
-0.007263280305375616 0.151142428710239 -0
0.02642371479949261 -0.05947826630100052 0
0.002457408260166737 0.04016251847402666 0
-7.806037770666406e-05 0.0431467424299259 -0
0.00404598925752725 0.04347451680086884 0
0.001352754520236877 0.04647206227622071 0
-0.002328795087888044 0.04611973636670941 -0
-0.0009108246550199452 0.04936012906120413 -0
-0.004223012661303751 0.04896920142864779 -0
0.002636086200504958 0.0497970265972387 0
0.0003638387268656226 0.05275768068499261 0
-0.006440844647227474 0.04584125077018358 -0
-0.003918084564298575 0.04296040286810614 -0
-0.003071400237562421 0.05223707523873813 -0
-0.002135657717569756 0.05578143711539696 -0
-0.004412202602492799 0.05857597612219159 -0
-0.0011906701917755 0.05917350326291426 -0
-0.00339089848610968 0.06161050903589926 -0
-0.0003839237356033511 0.06239578555532672 -0
0.001894773897173568 0.06011832406096067 0
0.002728302198981804 0.06321645914643451 0
0.0004089228671043003 0.06557684022997883 0
0.004744579457866396 0.06104650140340685 0
0.006135072857599929 0.06409189955722594 0
0.003714036315758446 0.06625020300647448 0
0.001586299174268737 0.06909962774661982 0
0.002817260186884669 0.07265728248140638 0
-0.0008659253149317019 0.07201880291950209 -0
0.0002551140199247389 0.07552550131023135 0
-0.003274200485588473 0.07488376012819009 -0
-0.002267227824670294 0.07829607170527011 -0
0.001416159870026492 0.07916059629916934 0
-0.00109798017975869 0.08185260247543907 -0
-0.004444529157949089 0.08063905270405106 -0
-0.002413723986698812 0.06848847015149799 -0
-0.005927665658158762 0.0661914660398385 -0
0.002974086324211815 0.08308794449542116 0
-0.000322712650937526 0.08550575859725569 -0
0.004497961463095809 0.07999390221700978 0
0.00414806322754705 0.07662774888813639 0
0.001844229082565077 0.05625773585582645 0
-0.005391965258520715 0.07742562969568345 -0
0.006826790077351336 0.07377513951992633 0
0.007137215647642516 0.06710705663931467 0
-0.006507301875770663 0.06109050876344591 -0
-0.006512479268191398 0.07461045607122899 -0
-0.006887710433838395 0.05141941068240723 -0
-0.007471093665662207 0.07939848224240857 -0
0.004646435187030333 0.04693619797636606 0
0.006261455878191963 0.05010482459632287 0
0.006527570189206565 0.04475026007640542 0
-0.002769936948488204 0.06466952452255677 -0
0.01440955434382614 -0.005186395112949866 0
-0.002978766597640397 0.008004955233218277 -0
0.008997308800942745 0.00225970429118644 0
0.003442484855147415 0.02183926210714978 0
-0.01421191068190058 0.04749999999989183 -0
-0.01432867574391825 0.05148643410842256 -0
0.01421191068189395 0.04750000000009896 0
0.01647793290981694 0.04848837209312012 0
0.01637095863303707 0.05136765538332688 0
0.01964620728089147 0.05057262357803996 0
0.01640477730537765 0.04556427512548782 0
0.01421191068189391 0.05145348837218004 0
0.01794975627109841 0.02826611576913161 0
0.0006589506427105137 0.005473280254693685 0
0.006672553335753219 0.02193960066039147 0
-0.01417070850460174 0.01603219674793719 -0
0.01394949392186891 0.01571395348839712 0
0.01483596817057432 0.01204582716361329 0
0.003296201818231455 0.01143455649163421 0
0.01046457518203977 0.003847906759997816 0
0.01633742666878775 0.06232558139540702 0
0.004541530756634316 0.178033105830125 0
-0.007578044126509649 -0.01172139051999051 0
0.01396571973383483 0.04553145967633908 0
-0.009543391565825829 0.151033884165137 -0
0.009270037152733878 0.1510100821768042 0
0.007627768516534466 0.006458936513263083 0
-0.0100373478837955 -0.01758749398657343 0
-0.008979434244050269 0.02361628264035621 -0
-0.004990046632428942 0.03163477439987487 -0
-0.007391409511425235 0.03009784585870115 -0
0.0009920258194204201 -0.01852492445410435 0
0.0139899931088797 0.0378139534884472 0
-0.01135494760512271 0.002446197361167214 -0
0.008985886597133605 0.131074200913216 0
-0.008887679415018598 0.1311085755945259 -0
0.009504835977742692 0.07935068098045615 0
-0.009124070780318291 0.07554589124072754 -0
-0.009581259775600716 0.02989951782393088 -0
0.009166226970362 0.1092667145776097 0
0.006970071120506747 0.1081184266614739 0
0.007269954072838943 0.1052323259221053 0
0.004495035726902429 0.1066133198752534 0
0.004749183024949655 0.1098734902896169 0
0.001675752781845196 0.1081442447112391 0
0.00155080813499389 0.1114667209589128 0
-0.001319944040202368 0.1097201027545905 -0
0.001789893586059075 0.1049155045952233 0
-0.001830341238022939 0.1133676907151403 -0
-0.00429316108096724 0.1112302217055205 -0
-0.002351066736222063 0.117168167017549 -0
-0.004071034919416816 0.1080959297709445 -0
0.001735390234663913 0.1153868504003227 0
0.0005859797054292455 0.119491338972146 0
-0.002830753857349912 0.1207838764633 -0
-0.0001658680652747624 0.1230285351299486 -0
0.0031544422126126 0.1220555346281512 0
-0.003425515227034692 0.1241376257653454 -0
0.002372475493895329 0.1252630229378497 0
0.005993366735599623 0.1243358038680555 0
0.006739014663371345 0.120989719402433 0
0.00399442639299903 0.1186368321564407 0
-0.001152180588173474 0.1064914215042681 -0
-0.0009406946836501039 0.103129674763046 -0
-0.003838990397986027 0.1050499169365665 -0
-0.006203792063235362 0.1219885726331323 -0
-0.006856065999163156 0.1252713281802114 -0
-0.007040367956932029 0.1094000832612999 -0
0.002155441078247504 0.1014394316355488 0
-0.001565995358038876 0.09951794243718053 -0
0.002895595838426201 0.09774863013608998 0
-0.0007886032976259988 0.09568899468237128 -0
0.002425176890999256 0.09415305981476707 0
-0.0005066246253429892 0.09231625173642639 -0
-0.003570556518141998 0.0936518715273757 -0
0.002449720678726873 0.09078789902438655 0
-0.003230029751927354 0.09042636823549956 -0
0.005013861436882708 0.0954398662316175 0
-0.006598662224217114 0.09169371601865857 -0
-0.006522495358108429 0.09473141606161203 -0
-0.005664086125847489 0.1187286871605639 -0
-0.004189238094575947 0.09684791668158418 -0
0.005020300206527105 0.09242329452790857 0
0.004814354443501594 0.08968231705116696 0
-0.00668573699889987 0.1065151042433954 -0
0.004778974899920767 0.1034215581918848 0
-0.006140572573949234 0.08857662332064117 -0
-0.004448457562925647 0.1272265758373701 -0
-0.006808138470744874 0.1035351982434395 -0
0.003209917568132535 0.08720154614337407 0
-0.007028127243760549 0.1120284816810852 -0
-0.000914329582459575 0.1269664674034863 -0
-0.000223700078961632 0.0889163866164544 -0
-0.009248731205198741 0.04574484398722253 -0
0.008932741840469133 0.1251485027612197 0
0.009279812554122732 0.09537671232864307 0
-0.009216302032501553 0.05966262876609262 -0
-0.007381784149173471 0.06359589041108758 -0
-0.00917308904936958 0.0558041954551964 -0
0.009559395924516103 0.09120547945192203 0
0.009437989859311838 0.1429127568820538 0
0.008934075616255376 0.0991924082121205 0
-0.009218822522568178 0.03380136986308242 -0
0.009279812554123266 0.1211986301369158 0
0.008906411098283636 0.1133710045661397 0
0.006739218217725378 0.112047670658965 0
-0.008861350609338113 0.04165710435595046 -0
-0.006823361039824893 0.04287205764784174 -0
-0.008839329988332862 0.02597655684173468 -0
-0.009025655244016472 0.04978658146808813 -0
0.008966235023439288 0.1287475266361871 0
0.009409084717613956 0.1052883829623927 0
0.00885691092597474 0.08358877359861684 0
-0.008944784783884207 0.07146710932020368 -0
0.009366317561201437 0.06739515741241033 0
0.008862902184309292 0.1012523876699832 0
0.009033077389804179 0.07540561574868217 0
0.007250459605858317 0.07642334071600819 0
-0.008900419587228474 0.05353786280828626 -0
0.009279812554123775 0.08743150684917431 0
-0.009468684142594417 0.1092726225073079 -0
-0.008695079716620886 0.06772312407719146 -0
-0.008908132723452242 0.03798744292243542 -0
-0.006841132158288639 0.03678599401918171 -0
0.00887856983436687 0.1170426018948072 0
0.006922370323834338 0.1182123502248389 0
0.008927622955716847 0.146822933003075 0
-0.009361474509507956 0.1429446184306024 -0
-0.008552978003161101 0.1175698515904834 -0
-0.009257529675053298 0.09150449135444895 -0
-0.008902845203072288 0.09915356466529508 -0
0.009279812554128306 0.1390753424657284 0
0.006978568124246619 0.1400684931506581 0
-0.008924879401943012 0.1389892390544805 -0
-0.00885729823627167 0.1014676535308922 -0
-0.008917734079949394 0.0835156827572342 -0
-0.00870749280276658 0.08724057571027646 -0
-0.008838176391378095 0.135316528586601 -0
-0.008874299535346013 0.1468019171775454 -0
-0.006734132761984581 0.1481678444990294 -0
0.009279812554132138 0.05962328767112276 0
0.007125196294510795 0.05849031538617487 0
0.004321755746423167 0.05818257534127377 0
0.008803083446367349 0.03376695421424924 0
-0.00892604682541033 0.09562414180871849 -0
0.008653664684115365 0.1348787009147988 0
-0.009279812554129527 0.1251712328767457 -0
0.009485503229561053 0.02990171046497569 0
0.008849759847567045 0.0258963844975021 0
-0.008993948843256681 0.1212240274886552 -0
0.008832033686911517 0.07160392357699752 0
0.008919470996473281 0.06343679115304174 0
0.009129301431404599 0.05585371007259333 0
0.009198436419788035 0.04958356547712379 0
0.009399174307684074 0.03762564102127237 0
0.009029636921997177 0.04575201871795407 0
0.009279812554131522 0.04174657534240413 0
-0.008843592878011326 0.129045325134856 -0
0.008842821225618075 0.05373918462982218 0
-0.00889388207788693 0.1133056627849495 -0
-0.009034415627931638 0.1052345311318163 -0
0.07753592487593901 0.07568558830845065 0
0.007098797909568923 -0.007086189638459394 0
0.01475957980493743 0.02956595661924047 0
0.01718173072288785 0.03459732417222008 0
-0.002569878473232128 -0.007542482482660769 0
0.014235979132571 0.0313983650120277 0
0.01466081515888251 -0.06535863689516484 0
-0.04443603004546041 0.07147850590166124 -0
-0.01420923702884567 0.01180443058034261 -0
-0.01421191068189459 0.02575581395343614 -0
0.01415517890257265 0.02544850683395382 0
0.01421191068190251 0.0218023255814416 0
0.01456943126833932 0.02001213502973834 0
0.0169966608234942 0.01855953030516589 0
-0.01419873426374717 0.01780613257270332 -0
-0.01422425901088996 0.02201820652443821 -0
-0.01659437493032953 0.02269012838649308 -0
-0.006985042685504508 -0.003565383819340308 0
0.01456285512711614 0.03594184993166072 0
-0.01421191068189354 0.04552325581385067 -0
-0.01395314256346231 0.04172790697665096 -0
-0.01655753155221499 0.04255813953478988 -0
-0.01466214005806678 0.03766217744804796 -0
-0.02075112306837957 0.04185652919800162 -0
-0.0179280371506657 0.03888004143289207 -0
-0.02230360077641782 0.0375757687743826 -0
-0.01919934109671429 0.03446197160010668 -0
-0.01427229237037965 0.03586279468732295 -0
-0.01468347522073496 0.04000238531730509 -0
0.01396397652259017 0.04176744186055525 0
-0.01421208528589426 0.03147183206592465 -0
-0.01668909921270035 0.031231920699231 -0
-0.0203638509849251 0.02989465352573415 -0
-0.01657306749477743 0.02780713511172055 -0
-0.01421191068189355 0.0277325581394783 -0
0.005962188396386667 -0.004185344928516787 0
0.0161045369110419 0.0848259178942932 0
0.01184637502556591 -0.004507237640560625 0
-0.008919521801726067 0.002307190562252387 -0
0.01116917064712029 -0.08527318355566774 0
-0.01628865898343996 0.08209302325579293 -0
-0.01050001580069735 0.003701873156990594 -0
0.004690366967994198 0.03731598664763015 0
-0.01571428571429281 -0.08784157665358171 0
0.01994924230555609 -0.08505082380177159 0
-0.004158285021851527 0.02262362343088427 -0
0.02684039076329061 -0.0830804658906672 0
0.004129424857731726 0.004379550920366388 0
-0.01126229284106474 -0.06462079513588526 0
-0.02036091871056199 -0.05964652321890333 0
-4.378365524884219e-05 0.2776979987641339 -0
-0.005391399599869212 -0.0004763341946650267 0
-0.01668960819059411 0.05244186046501236 -0
-0.01663660641436764 0.01125874518085924 -0
-0.005036999206979203 0.172036831506882 -0
0.01944389462377307 -0.02365443330872789 0
0.02813724551207997 -0.01748036119277867 0
0.001537052759219306 -0.005522379131141397 0
-0.003166758280335244 0.08711306524270554 -0
0.006577772542230937 0.1572572011588216 0
0.01190877185076679 -0.01246759225365578 0
0.008511905234632182 -0.01305178426634215 0
0.004896936699398973 0.003587335624955296 0
0.01630911237614184 0.08011627906977602 0
-0.00665243309340287 0.0823903156101277 -0
1.956129040138498e-06 -0.08277853906422455 0
0.02338863594069536 0.0479279409005766 0
-0.02507474124262899 0.02770695229901245 -0
0.01929059759208069 0.07137257261172372 0
-0.004136196917767319 -0.003276080461315145 0
-0.007455033521577174 0.2374840958052754 -0
0.01669948101559908 0.02192482767193491 0
0.01650484235457008 0.03855871765763601 0
-0.03692951574764244 0.01141187862596001 -0
-0.04750805872754588 0.01284234526838435 -0
0.009873777785018904 0.001365686219801912 0
-0.0009782172172335059 -0.006710035891759517 0
0.006600858830234429 0.08212193139645491 0
-0.009475677222108944 0.06359956254654996 -0
0.003829263054619551 0.2146154795055664 0
0.003218201494309007 0.1587483779097526 0
-0.007018216989591639 0.04869863013708476 -0
-0.03454220156019436 -0.07865414308412245 0
-0.03575185761933111 -0.07204133877604971 0
0.005168744338166126 0.1912059948519081 0
0.01395754483903091 -0.08502026941852694 0
-0.006740387767419549 0.0274613696036591 -0
0.007112511894575805 0.09412212267778064 0
-0.004306398400599975 0.03734929620146572 -0
-0.004643197455588622 0.002445775419839582 -0
-0.04154036143149367 -0.04564585646971547 0
0.01652183455857058 0.03148528570331277 0
0.009985505245913434 0.007659615426889212 0
-0.008808261503141689 0.175603674202132 -0
0.008875661581841866 0.1756328711183158 0
-0.006442190636706533 -0.002205932067499702 0
-0.01621606219310035 0.01698978486711987 -0
-0.002623198814463535 0.003682755885832273 -0
-0.006687629245460326 0.1321855394252843 -0
0.04752291726810572 0.03918768984704184 0
0.06045527737030124 0.0519866441472262 0
0.01490222297278938 -0.001980111450794758 0
-0.01471971091466173 -0.004272568985325482 0
0.004445055511423312 0.0008299116667528511 0
0.002476067830597883 0.2304589763973202 0
-0.04165030967599836 -0.07669778825815274 0
0.009212855579652849 0.1646270163390015 0
-0.01994447937125188 -0.08521028379991916 0
0.04041787345051492 0.0287586816744424 0
0.004389507541561455 0.005422725520794012 0
-0.0239677390820503 -0.04339745661225029 0
-0.03103923850867867 0.08557028875788099 -0
0.01306947657054151 -0.02823407144868097 0
0.01412057073239793 0.007965116279080475 0
0.01638640589421738 0.005456013825685166 0
-0.007473749040483283 0.05799482092423329 -0
0.04155819914160983 -0.07691197322885743 0
-0.03133852499840046 0.02531018480488408 -0
-0.004470973460480398 0.006637226833420176 -0
0.01636536839965429 0.05639534883728654 0
-2.960368925252956e-05 0.2850835592864486 -0
0.004143094016254146 0.1126302869087021 0
0.004646110321705486 0.1271384502875735 0
-0.01843948245449761 -0.05371319135032169 0
-0.008580465128617935 -0.08537504877653582 0
0.01322605737034002 -0.0232042389909 0
-0.02470515271646619 0.04529786480364197 -0
0.01529102463182716 0.003219589881720736 0
-0.009535681194526566 0.07948051190746475 -0
-0.003830763782083976 0.1022465464760465 -0
-0.004595567096774913 0.0007813608751499651 -0
-0.00454755784470921 0.005186458923264175 -0
0.009578668052046248 0.01988147381751163 0
0.03654166163717849 0.08011981761124029 0
-0.002239837414227725 -0.0812523421258151 0
-0.02837475528822176 0.05821421181899483 -0
0.01522663125978669 0.0006005364418228959 0
-0.01642049626924979 0.0363699752960175 -0
-0.007331684351654694 0.097291150875398 -0
-0.005072135032039031 0.003217408221697099 -0
0.05285976318162736 0.02219056566185344 0
-0.004551086115170849 0.0195145806570984 -0
0.006801799830079041 0.05264192575999493 0
0.007035058621118545 0.1024112511910767 0
0.006274681397395947 -0.001609145453481743 0
-0.005114607500089519 0.06352372157406097 -0
-0.02825295631782896 0.03722179865895667 -0
0.007618687611250702 -0.009643128595397898 0
0.002625827222958115 0.01460646440347839 0
0.00394062105961963 0.05278422186721077 0
0.003930551492449419 0.2192028546599324 0
0.001828015330576978 -0.03267170589816466 0
0.01923587246619825 0.04715304797730785 0
0.01624473281027913 0.06937111172093001 0
0.007400293865752684 0.142535125198524 0
0.0236254419815929 0.01638354486956501 0
0.002576181319642008 0.1287775583298626 0
-0.006874449197907488 0.07230060201411151 -0
-0.01354954285178543 -0.006750284223132294 0
-0.0003981926560017496 -0.08529457805361022 0
-0.05401430166361983 -0.05158184530940716 0
0.002697757350308068 -0.003641866168991283 0
0.007348499093437006 0.1372304538578292 0
-0.01888915818410906 -0.02976458943322365 0
0.007282124474591183 -0.00361112558362007 0
0.007321370127802934 0.1268004414536162 0
0.00712741335096587 0.1481277613987692 0
0.008692792263358236 -0.08552721646562318 0
0.005294333976925356 -0.007136711531997981 0
-0.00744378389344035 0.1200958741062249 -0
0.007452173670409365 0.06159559677131472 0
-0.001974051932380477 0.233239766756671 -0
-0.01894357463942272 0.08739135554007961 -0
0.006142368261536959 0.168116016826986 0
0.06148614206178762 -0.06555982169412751 0
0.07342663127920802 -0.07163736002055347 0
-0.009520845789446128 0.01026380458625074 -0
-0.01653328173384247 0.04684667262320479 -0
-0.001786381876246814 0.2413455529888895 -0
-0.02343104255926295 -0.08409592694774692 0
-0.005732521471540912 0.2946051144545743 -0
0.005732521471578231 0.2946051144545761 0
0.007365627916620585 0.0908847101176479 0
-0.007282147958508839 0.1537241904880001 -0
-0.000161336052630118 0.006258104166546512 -0
0.03065817296978655 -0.04297471192124737 0
-0.006306461900062579 0.1629008555816994 -0
-0.05558813247159825 -0.01864969743400594 0
0.06661922182247998 -0.05038491433731868 0
-0.007264862815634834 0.03281255855501256 -0
-0.00297140777937524 0.1295045390706651 -0
-0.01602054638277053 0.07425251680299484 -0
-0.002584022640759693 0.01118315608076591 -0
0.005181720345801837 0.0003808702094864903 0
-0.06960654199214797 -0.05290238489481512 0
0.006985198446034398 0.04274165354236186 0
-0.003462487674446326 0.08389388165201153 -0
0.01592737804190078 0.08215176877758767 0
-0.02146966632876107 -0.006952678026595238 0
-0.01607531462506232 0.08031129265526098 -0
0.02716656503851175 0.01371755086819741 0
-0.03025639352959124 -0.01975766945663434 0
-0.007353367569285001 0.1427106556357912 -0
-0.04680328016250936 -0.008337171027866911 0
0.0005839037933882104 -0.007148869378975161 0
0.006977966437034013 0.1327309096091933 0
-0.004178720647867509 0.1472556664639747 -0
0.01593746382339117 0.07826378173606791 0
0.00753106843886159 0.04744915831799696 0
-0.005490858436914742 0.01100900842979854 -0
0.01608690197793397 0.07431520176622591 0
-0.004093381004337315 0.07196841263736525 -0
0.006902899319537741 0.09736117222347979 0
0.03356725444339771 0.0611398466655638 0
0.003950549356008642 0.1728518414848148 0
0.02354392711701602 -0.07972819209846904 0
-0.004336738571271272 0.1773615576207261 -0
0.01390934155437872 0.006488695978406961 0
-0.008835921675965006 0.006683267190372078 -0
0.006278925242492487 0.1714368277001136 0
-0.03596473996977438 0.03508206467490998 -0
-0.005384793554854137 0.004772014431704676 -0
-0.03799753488377716 0.0759914096893918 -0
-0.01140951141383184 -0.06072071170615588 0
0.0007398664606004547 -0.07587988462279874 0
0.01314051697485436 0.0009849681860136963 0
-0.006963861399476001 0.1277261810123091 -0
0.007715619210682677 0.02962397505081868 0
-0.01574399598379128 0.07235171221092607 -0
0.01603532057800795 0.06425699990283977 0
0.007198726271616304 0.07907645912859265 0
0.007454025802375605 0.03756733217685009 0
-0.01932821149520697 0.07022333472690198 -0
-0.01533894320853843 -0.01216196783160303 0
0.01609017970481772 0.01506457341501964 0
0.04833993434466019 0.0594205343200058 0
0.01630755194946211 0.02504716229584185 0
-0.01324999999999999 0.005988372093021614 -0
0.01205124393056094 -0.08277825637636983 0
0.01560266012231176 0.0593822999391753 0
-0.02908396783871179 0.05022837270686723 -0
-0.003869400679082901 0.0264658261242032 -0
0.01639606124914356 0.0425581395349782 0
0.0005536220176215468 -0.0241544665148641 0
-0.01496352360528549 -0.001752542367242185 0
0.007725361764913697 0.01644862280137787 0
0.06952308246076806 -0.02802462461863348 0
-0.002803148724980404 -0.009368382269612183 0
0.004967098757784265 0.002039462352296871 0
-0.008127528603762139 0.01317735545050081 -0
0.03936340011784812 0.0725256343655476 0
0.004816817624469677 0.01154376801803181 0
-0.02281278908525795 0.0680841238653223 -0
0.02080004724607293 0.05704306442328633 0
0.005347982123477195 0.1940269920607033 0
0.00386285981439225 -0.04051789000358423 0
0.006696927590390325 0.007114354117062178 0
-0.01607482328658042 0.002990896046847882 -0
-0.002649535118261724 0.03020948552691666 -0
-0.0453998858933576 0.03714508992822794 -0
-0.01663889084285235 0.02526565134065317 -0
0.01404566516380747 0.08858814431852113 0
-0.01395520293782815 0.08854793064710997 -0
0.007443482507622735 0.02746508750520391 0
0.006898443295851859 0.08750440931953063 0
-0.01623497667307763 0.05435872962562213 -0
-0.003458303914659432 -0.002293727656425226 0
-0.05142191469474999 -0.07658917826908578 0
0.03381940042958777 -0.05677463625001265 0
-0.007544030013313111 0.03479452054801602 -0
-0.008113870842989939 0.01474624810989206 -0
0.0003408847330709972 -0.03703536429120526 0
-0.050586110614286 0.06397295497383067 -0
-0.02436259104170369 0.03314183648664382 -0
0.03378488514036725 0.06747538421165081 0
0.02906028647627592 -0.08660752170422735 0
-0.01566563907036498 0.04963518324093351 -0
-0.01793276450555716 0.07567390831063114 -0
-0.0274833446215092 -0.08335986107183979 0
-0.02992328328309957 -0.08004896068915776 0
-0.02903197182388941 -0.08668651325857366 0
0.07173965207969603 0.02237214963801868 0
-0.0252601654935867 0.04089989669600783 -0
0.003876894358715504 0.2236659292374665 0
0.0234733332919118 0.008255469967666107 0
-0.02064390565028505 0.07388103838932362 -0
-0.006087780143320154 0.1870496755902504 -0
-0.005719534235948084 -0.01282290263884886 0
-0.0209753870063325 0.007330850831715259 -0
0.003658638103307197 0.006206786200182971 0
-0.005176101014849295 0.0003888735586854057 -0
-0.01593861297549186 0.07616279069763622 -0
-0.01817509530858779 0.00506576407254043 -0
-0.01737721040799823 -0.08590004834445703 0
-0.01260138657969125 0.001560102977507679 -0
-0.007544635369617902 0.07680852614211604 -0
-0.01355212178271355 0.007837594939184424 -0
0.01992926539499476 0.005413130561721722 0
0.001296730460774439 -0.0719226281214823 0
-0.03073889278579647 -0.03701582317817724 0
0.00735831752909546 0.1101146850950491 0
0.01632285256776965 0.009594499944099196 0
0.03131331405071001 0.07888884315460072 0
-0.003563625535936042 0.0002132800440778841 -0
-0.01000431533826853 0.002681247608496693 -0
2 203 0 20
1819
1820
1821
1822
1823
1824
1825
1826
1827
1828
1829
1830
1831
1832
1833
1834
1835
1836
1837
1838
-0.002398732433576012 -0.0007043313936749163 0
-0.002103133829972074 -0.00135160204691759 0
-0.001637151830023031 -0.001889373940080664 0
-0.001038537524888489 -0.002274079991865002 0
-0.0003557870853473238 -0.002474553606188526 0
0.0003557871061071851 -0.00247455360320336 0
0.001038537540073661 -0.002274079984929058 0
0.001637151839838286 -0.001889373931573594 0
0.002103133834451366 -0.001351602039943899 0
0.002398732434661637 -0.0007043313899693434 0
-0.001918985946861011 -0.0005634651149399377 0
-0.00168250706397786 -0.001081281637534081 0
-0.001309721464018622 -0.001511499152064544 0
-0.0008308300199109848 -0.001819263993492017 0
-0.0002846296682780479 -0.001979642884950838 0
0.0002846296848855643 -0.001979642882562705 0
0.0008308300320587498 -0.001819263987943262 0
0.001309721471870454 -0.001511499145258888 0
0.00168250706756092 -0.001081281631955129 0
0.00191898594772914 -0.0005634651119754794 0
2 204 0 20
1839
1840
1841
1842
1843
1844
1845
1846
1847
1848
1849
1850
1851
1852
1853
1854
1855
1856
1857
1858
-0.002398732434664066 0.0007043313899693434 0
-0.002103133834453793 0.001351602039943899 0
-0.001637151839840713 0.001889373931573594 0
-0.001038537540076089 0.002274079984929058 0
-0.0003557871061096134 0.00247455360320336 0
0.0003557870853448962 0.002474553606188526 0
0.001038537524886062 0.002274079991865002 0
0.001637151830020603 0.001889373940080664 0
0.002103133829969646 0.00135160204691759 0
0.002398732433573583 0.0007043313936749163 0
-0.001918985947731455 0.0005634651119754794 0
-0.001682507067563235 0.001081281631955129 0
-0.001309721471872769 0.001511499145258888 0
-0.0008308300320610646 0.001819263987943262 0
-0.0002846296848878793 0.001979642882562705 0
0.0002846296682757331 0.001979642884950838 0
0.0008308300199086697 0.001819263993492017 0
0.001309721464016307 0.001511499152064544 0
0.001682507063975545 0.001081281637534081 0
0.001918985946858696 0.0005634651149399377 0
$EndNodes
$Elements
21 3716 1 3716
1 1 1 7
1 5 49 
2 49 50 
3 50 51 
4 51 52 
5 52 53 
6 53 54 
7 54 15 
1 2 1 7
8 16 55 
9 55 56 
10 56 57 
11 57 58 
12 58 59 
13 59 60 
14 60 6 
1 3 1 5
15 6 61 
16 61 62 
17 62 63 
18 63 64 
19 64 7 
1 4 1 5
20 8 65 
21 65 66 
22 66 67 
23 67 68 
24 68 5 
1 6 1 11
25 2 71 
26 71 72 
27 72 73 
28 73 74 
29 74 75 
30 75 76 
31 76 77 
32 77 78 
33 78 79 
34 79 80 
35 80 3 
1 8 1 11
36 3 83 
37 83 84 
38 84 85 
39 85 86 
40 86 87 
41 87 88 
42 88 89 
43 89 90 
44 90 91 
45 91 92 
46 92 2 
1 20 1 8
47 7 113 
48 113 114 
49 114 115 
50 115 116 
51 116 117 
52 117 118 
53 118 119 
54 119 17 
1 21 1 43
55 17 120 
56 120 121 
57 121 122 
58 122 123 
59 123 124 
60 124 125 
61 125 126 
62 126 127 
63 127 128 
64 128 129 
65 129 130 
66 130 131 
67 131 132 
68 132 133 
69 133 134 
70 134 135 
71 135 136 
72 136 137 
73 137 138 
74 138 139 
75 139 140 
76 140 141 
77 141 142 
78 142 143 
79 143 144 
80 144 145 
81 145 146 
82 146 147 
83 147 148 
84 148 149 
85 149 150 
86 150 151 
87 151 152 
88 152 153 
89 153 154 
90 154 155 
91 155 156 
92 156 157 
93 157 158 
94 158 159 
95 159 160 
96 160 161 
97 161 18 
1 22 1 1
98 18 19 
1 23 1 73
99 19 162 
100 162 163 
101 163 164 
102 164 165 
103 165 166 
104 166 167 
105 167 168 
106 168 169 
107 169 170 
108 170 171 
109 171 172 
110 172 173 
111 173 174 
112 174 175 
113 175 176 
114 176 177 
115 177 178 
116 178 179 
117 179 180 
118 180 181 
119 181 182 
120 182 183 
121 183 184 
122 184 185 
123 185 186 
124 186 187 
125 187 188 
126 188 189 
127 189 190 
128 190 191 
129 191 192 
130 192 193 
131 193 194 
132 194 195 
133 195 196 
134 196 197 
135 197 198 
136 198 199 
137 199 200 
138 200 201 
139 201 202 
140 202 203 
141 203 204 
142 204 205 
143 205 206 
144 206 207 
145 207 208 
146 208 209 
147 209 210 
148 210 211 
149 211 212 
150 212 213 
151 213 214 
152 214 215 
153 215 216 
154 216 217 
155 217 218 
156 218 219 
157 219 220 
158 220 221 
159 221 222 
160 222 223 
161 223 224 
162 224 225 
163 225 226 
164 226 227 
165 227 228 
166 228 229 
167 229 230 
168 230 231 
169 231 232 
170 232 233 
171 233 47 
1 24 1 3
172 20 234 
173 234 235 
174 235 21 
1 25 1 73
175 48 236 
176 236 237 
177 237 238 
178 238 239 
179 239 240 
180 240 241 
181 241 242 
182 242 243 
183 243 244 
184 244 245 
185 245 246 
186 246 247 
187 247 248 
188 248 249 
189 249 250 
190 250 251 
191 251 252 
192 252 253 
193 253 254 
194 254 255 
195 255 256 
196 256 257 
197 257 258 
198 258 259 
199 259 260 
200 260 261 
201 261 262 
202 262 263 
203 263 264 
204 264 265 
205 265 266 
206 266 267 
207 267 268 
208 268 269 
209 269 270 
210 270 271 
211 271 272 
212 272 273 
213 273 274 
214 274 275 
215 275 276 
216 276 277 
217 277 278 
218 278 279 
219 279 280 
220 280 281 
221 281 282 
222 282 283 
223 283 284 
224 284 285 
225 285 286 
226 286 287 
227 287 288 
228 288 289 
229 289 290 
230 290 291 
231 291 292 
232 292 293 
233 293 294 
234 294 295 
235 295 296 
236 296 297 
237 297 298 
238 298 299 
239 299 300 
240 300 301 
241 301 302 
242 302 303 
243 303 304 
244 304 305 
245 305 306 
246 306 307 
247 307 22 
1 26 1 1
248 22 23 
1 27 1 43
249 23 308 
250 308 309 
251 309 310 
252 310 311 
253 311 312 
254 312 313 
255 313 314 
256 314 315 
257 315 316 
258 316 317 
259 317 318 
260 318 319 
261 319 320 
262 320 321 
263 321 322 
264 322 323 
265 323 324 
266 324 325 
267 325 326 
268 326 327 
269 327 328 
270 328 329 
271 329 330 
272 330 331 
273 331 332 
274 332 333 
275 333 334 
276 334 335 
277 335 336 
278 336 337 
279 337 338 
280 338 339 
281 339 340 
282 340 341 
283 341 342 
284 342 343 
285 343 344 
286 344 345 
287 345 346 
288 346 347 
289 347 348 
290 348 349 
291 349 24 
1 28 1 8
292 24 350 
293 350 351 
294 351 352 
295 352 353 
296 353 354 
297 354 355 
298 355 356 
299 356 8 
1 31 1 14
300 15 357 
301 357 358 
302 358 359 
303 359 360 
304 360 361 
305 361 362 
306 362 363 
307 363 364 
308 364 365 
309 365 366 
310 366 367 
311 367 368 
312 368 369 
313 369 16 
1 83 1 35
314 47 370 
315 370 371 
316 371 372 
317 372 373 
318 373 374 
319 374 375 
320 375 376 
321 376 377 
322 377 378 
323 378 379 
324 379 380 
325 380 381 
326 381 382 
327 382 383 
328 383 384 
329 384 385 
330 385 386 
331 386 387 
332 387 388 
333 388 389 
334 389 390 
335 390 391 
336 391 392 
337 392 393 
338 393 394 
339 394 395 
340 395 396 
341 396 397 
342 397 398 
343 398 399 
344 399 400 
345 400 401 
346 401 402 
347 402 403 
348 403 20 
1 84 1 35
349 21 404 
350 404 405 
351 405 406 
352 406 407 
353 407 408 
354 408 409 
355 409 410 
356 410 411 
357 411 412 
358 412 413 
359 413 414 
360 414 415 
361 415 416 
362 416 417 
363 417 418 
364 418 419 
365 419 420 
366 420 421 
367 421 422 
368 422 423 
369 423 424 
370 424 425 
371 425 426 
372 426 427 
373 427 428 
374 428 429 
375 429 430 
376 430 431 
377 431 432 
378 432 433 
379 433 434 
380 434 435 
381 435 436 
382 436 437 
383 437 48 
2 201 2 3201
384 1601 515 1696 
385 904 905 1773 
386 9 22 307 
387 19 10 162 
388 777 1004 1147 
389 1225 1224 1283 
390 732 730 849 
391 1261 40 1670 
392 972 974 975 
393 1312 639 1446 
394 899 812 1531 
395 1030 1134 1355 
396 1343 648 1503 
397 1047 495 1049 
398 5 68 989 
399 37 1401 1402 
400 598 911 1015 
401 493 1312 1446 
402 625 1291 1723 
403 1498 669 1719 
404 977 975 1175 
405 1336 608 1474 
406 857 950 987 
407 880 1184 1738 
408 878 891 892 
409 500 1170 1212 
410 552 1357 1790 
411 7 64 1514 
412 1049 495 1066 
413 762 1005 1737 
414 25 1276 1381 
415 1265 1267 1490 
416 65 8 951 
417 866 568 1144 
418 386 385 1066 
419 966 968 1767 
420 1052 1054 1081 
421 1324 606 1504 
422 964 983 1582 
423 502 1126 1157 
424 714 713 991 
425 878 757 891 
426 873 610 989 
427 1255 1498 1719 
428 498 1265 1490 
429 1412 507 1413 
430 943 1139 1140 
431 1370 438 1748 
432 31 1336 1474 
433 1170 500 1171 
434 681 676 918 
435 1135 472 1386 
436 61 6 1689 
437 857 854 950 
438 601 958 1698 
439 1430 1423 1726 
440 568 866 1193 
441 64 622 1614 
442 895 462 1107 
443 676 464 918 
444 439 1522 1567 
445 1161 439 1567 
446 1184 749 1738 
447 1139 943 1810 
448 909 1280 1281 
449 1575 1178 1661 
450 1562 762 1737 
451 1535 1534 1542 
452 849 730 1179 
453 1368 439 1610 
454 1433 37 1481 
455 1519 446 1605 
456 1401 37 1403 
457 1532 1385 1586 
458 656 1441 1487 
459 43 1075 1236 
460 1633 551 1753 
461 898 440 1176 
462 1433 1481 1683 
463 1533 448 1535 
464 450 986 1361 
465 976 1543 1756 
466 26 922 930 
467 1004 726 1147 
468 507 1412 1447 
469 881 463 1110 
470 1431 607 1482 
471 999 605 1038 
472 26 919 922 
473 1541 445 1651 
474 1524 981 1750 
475 897 306 1690 
476 601 957 958 
477 621 65 1115 
478 1569 851 1570 
479 818 470 1617 
480 929 27 1313 
481 1245 42 1247 
482 945 1210 1747 
483 1344 1119 1467 
484 465 671 1611 
485 1369 1010 1748 
486 1163 1162 1610 
487 1012 44 1187 
488 863 570 1354 
489 869 12 1209 
490 1312 493 1595 
491 35 1422 1434 
492 1016 858 1021 
493 936 939 944 
494 755 732 849 
495 1264 1265 1486 
496 986 450 1633 
497 1418 509 1419 
498 796 710 1380 
499 1162 1528 1610 
500 911 598 912 
501 599 67 1701 
502 847 836 871 
503 445 1544 1545 
504 1162 1163 1530 
505 1441 35 1487 
506 853 788 1207 
507 665 931 1714 
508 1135 1386 1808 
509 639 1312 1460 
510 847 871 914 
511 810 799 850 
512 1529 1162 1530 
513 495 1047 1101 
514 1540 445 1545 
515 1628 13 1731 
516 706 704 1575 
517 962 964 1582 
518 32 1343 1503 
519 674 675 677 
520 785 821 1747 
521 625 900 1291 
522 717 714 991 
523 411 410 1092 
524 605 999 1039 
525 764 1181 1183 
526 385 513 1066 
527 1153 653 1293 
528 828 829 874 
529 1355 1134 1589 
530 599 947 1604 
531 972 975 977 
532 907 1631 1734 
533 1197 816 1626 
534 1265 498 1486 
535 710 712 1380 
536 66 621 1114 
537 906 952 1587 
538 878 892 895 
539 1498 1255 1676 
540 704 1178 1575 
541 1090 626 1091 
542 779 752 956 
543 307 306 652 
544 32 1325 1326 
545 1054 1061 1081 
546 1075 1076 1236 
547 896 895 1107 
548 40 1463 1679 
549 66 65 621 
550 1435 1601 1696 
551 760 758 949 
552 677 675 868 
553 845 840 1766 
554 814 1208 1531 
555 1261 1255 1719 
556 33 1118 1489 
557 1120 31 1474 
558 607 1431 1439 
559 812 899 1583 
560 1295 1138 1808 
561 829 833 874 
562 1126 1067 1157 
563 306 305 1690 
564 608 1336 1450 
565 822 1214 1565 
566 533 567 957 
567 635 1103 1662 
568 1174 662 1367 
569 752 745 956 
570 850 799 1003 
571 1422 35 1643 
572 956 749 1184 
573 829 831 833 
574 1231 455 1667 
575 902 113 1018 
576 470 680 1617 
577 872 1571 1718 
578 900 466 1291 
579 1171 500 1275 
580 34 1337 1442 
581 687 691 948 
582 1126 502 1800 
583 845 1225 1283 
584 512 352 835 
585 648 1343 1469 
586 1571 695 1718 
587 975 979 1517 
588 889 115 1647 
589 980 1009 1106 
590 606 1324 1344 
591 1632 1019 1645 
592 32 1326 1327 
593 666 66 1114 
594 1144 568 1200 
595 645 1389 1744 
596 1262 1261 1670 
597 570 863 1229 
598 446 1517 1605 
599 622 64 1795 
600 27 929 1602 
601 1506 491 1722 
602 975 974 979 
603 1094 589 1122 
604 919 26 1356 
605 1267 668 1490 
606 29 1451 1629 
607 1005 762 1563 
608 1062 484 1082 
609 944 939 953 
610 757 750 891 
611 61 1702 1760 
612 952 906 1631 
613 964 966 982 
614 1702 598 1760 
615 1347 658 1471 
616 769 755 776 
617 660 870 1019 
618 904 621 1115 
619 422 421 1082 
620 828 874 1550 
621 1241 1242 1256 
622 42 1245 1256 
623 557 635 1662 
624 870 660 1611 
625 38 1405 1414 
626 603 1092 1094 
627 1291 864 1723 
628 1062 1052 1081 
629 855 858 1570 
630 671 803 1611 
631 462 895 1681 
632 658 1347 1462 
633 484 1062 1081 
634 888 1235 1297 
635 1163 1165 1530 
636 30 1494 1505 
637 957 567 958 
638 495 386 1066 
639 1134 1030 1372 
640 466 900 1690 
641 1214 822 1609 
642 863 690 1632 
643 862 1604 1813 
644 1153 827 1180 
645 1431 517 1432 
646 626 1090 1092 
647 1029 759 1729 
648 603 411 1092 
649 117 511 828 
650 451 1153 1293 
651 445 1540 1651 
652 116 115 889 
653 1125 481 1158 
654 1047 1046 1101 
655 969 972 1580 
656 463 881 1638 
657 800 812 1583 
658 1339 1337 1591 
659 817 816 1197 
660 1517 1532 1586 
661 1616 944 1758 
662 794 898 1176 
663 828 511 829 
664 810 850 1590 
665 739 722 990 
666 882 881 1110 
667 888 43 1235 
668 119 867 1775 
669 866 350 1776 
670 118 828 867 
671 603 1094 1692 
672 1442 1436 1778 
673 781 881 882 
674 667 947 1701 
675 535 533 957 
676 28 1305 1709 
677 1004 777 1737 
678 750 773 891 
679 846 838 1799 
680 1267 1268 1612 
681 1282 1640 1754 
682 949 758 1520 
683 1280 909 1286 
684 836 835 871 
685 1447 1412 1679 
686 664 62 1760 
687 598 1015 1016 
688 510 1006 1496 
689 1002 541 1662 
690 37 1127 1481 
691 1129 27 1475 
692 1130 38 1477 
693 838 836 847 
694 561 563 961 
695 833 831 834 
696 1591 645 1744 
697 833 834 1219 
698 1065 1125 1158 
699 891 773 893 
700 840 838 846 
701 1493 1494 1684 
702 439 1161 1610 
703 1357 1691 1790 
704 565 1038 1299 
705 842 840 845 
706 835 352 1686 
707 1124 570 1229 
708 1304 929 1313 
709 652 306 897 
710 936 938 939 
711 776 849 960 
712 1315 1316 1317 
713 519 1077 1167 
714 1423 36 1726 
715 1100 1152 1634 
716 1006 1177 1496 
717 1152 623 1634 
718 44 1156 1187 
719 1195 1160 1568 
720 991 1665 1785 
721 1087 1094 1122 
722 686 819 988 
723 11 1575 1661 
724 509 1418 1502 
725 636 1039 1173 
726 1142 1453 1668 
727 1350 1506 1722 
728 40 1261 1719 
729 939 940 1802 
730 1232 1231 1667 
731 1247 42 1257 
732 1077 1195 1568 
733 26 930 1777 
734 1133 1641 1650 
735 1315 29 1316 
736 1365 981 1516 
737 1038 565 1765 
738 1075 43 1700 
739 484 422 1082 
740 522 628 1014 
741 554 1078 1083 
742 624 897 900 
743 1538 1535 1542 
744 1439 33 1489 
745 867 1194 1775 
746 1193 866 1776 
747 781 778 881 
748 1063 481 1125 
749 776 755 849 
750 620 1413 1456 
751 12 869 1375 
752 867 828 1550 
753 164 501 992 
754 859 45 1607 
755 46 860 1608 
756 1462 1347 1595 
757 690 863 1354 
758 814 1020 1208 
759 67 66 666 
760 980 1008 1009 
761 982 984 1373 
762 686 459 819 
763 983 982 1232 
764 1315 1317 1341 
765 63 62 664 
766 1065 860 1374 
767 943 1140 1567 
768 67 666 1701 
769 996 993 998 
770 1469 1343 1470 
771 410 626 1092 
772 685 687 948 
773 945 944 1616 
774 879 878 895 
775 958 567 1105 
776 740 750 757 
777 30 1341 1495 
778 596 1088 1685 
779 992 501 998 
780 1088 596 1584 
781 1334 1578 1710 
782 930 924 1006 
783 1192 569 1550 
784 1236 1076 1259 
785 117 116 511 
786 353 352 512 
787 753 752 778 
788 1536 1538 1542 
789 860 1065 1158 
790 964 982 983 
791 908 1660 1734 
792 1336 1335 1352 
793 991 713 1290 
794 1405 38 1635 
795 1067 859 1157 
796 1171 1275 1276 
797 13 18 1731 
798 1398 1405 1635 
799 1424 1423 1425 
800 990 991 1785 
801 118 117 828 
802 908 905 1754 
803 1421 36 1423 
804 1425 1430 1435 
805 602 601 612 
806 1356 26 1367 
807 1485 1484 1676 
808 1337 1338 1442 
809 988 614 1213 
810 501 163 1173 
811 1586 976 1756 
812 613 612 649 
813 1533 1535 1691 
814 736 740 876 
815 895 892 1681 
816 910 947 1715 
817 1297 1235 1697 
818 879 895 896 
819 941 942 1161 
820 518 1493 1684 
821 982 966 984 
822 119 118 867 
823 351 350 866 
824 1413 620 1478 
825 795 955 1560 
826 481 1063 1272 
827 809 764 1183 
828 29 1347 1471 
829 877 878 879 
830 11 1205 1206 
831 68 67 1708 
832 722 719 990 
833 1309 1307 1312 
834 745 743 956 
835 990 717 991 
836 759 795 1729 
837 569 1194 1550 
838 1007 665 1008 
839 719 717 990 
840 1013 627 1576 
841 1325 32 1344 
842 735 736 737 
843 1517 446 1532 
844 355 354 474 
845 115 114 473 
846 1409 1412 1413 
847 603 1088 1584 
848 52 51 457 
849 58 57 456 
850 649 1153 1180 
851 747 745 752 
852 877 757 878 
853 1324 1504 1684 
854 41 1141 1491 
855 1142 42 1479 
856 1500 808 1741 
857 628 1632 1645 
858 1317 1320 1341 
859 1214 615 1565 
860 607 1439 1489 
861 1276 25 1559 
862 652 897 1198 
863 728 734 735 
864 45 859 1730 
865 1245 1241 1256 
866 34 1442 1778 
867 642 543 1151 
868 1361 986 1362 
869 972 973 974 
870 1409 1413 1414 
871 1262 1444 1704 
872 1270 887 1573 
873 1406 1403 1407 
874 860 46 1374 
875 571 525 1013 
876 753 778 781 
877 1425 1423 1430 
878 1021 665 1654 
879 874 833 1577 
880 421 554 1082 
881 611 916 917 
882 1477 38 1478 
883 1402 1399 1404 
884 615 572 654 
885 492 1420 1437 
886 1341 30 1663 
887 558 539 601 
888 1090 589 1094 
889 1317 1316 1318 
890 981 1365 1750 
891 1398 1401 1405 
892 1419 509 1499 
893 897 624 1198 
894 602 612 613 
895 1046 506 1101 
896 1103 1002 1662 
897 41 1246 1263 
898 886 1559 1755 
899 6 60 1689 
900 871 835 1144 
901 28 1303 1305 
902 812 814 1531 
903 674 464 675 
904 786 706 1575 
905 558 601 602 
906 1173 163 1606 
907 735 734 736 
908 778 779 792 
909 613 649 660 
910 778 792 881 
911 1448 1601 1726 
912 1475 27 1476 
913 1334 1331 1342 
914 1650 1294 1739 
915 1091 626 1093 
916 642 1151 1706 
917 654 961 1603 
918 1088 603 1692 
919 539 535 957 
920 743 749 956 
921 697 707 1718 
922 1293 653 1366 
923 721 719 722 
924 1038 605 1299 
925 743 737 749 
926 1422 1424 1434 
927 1018 64 1614 
928 163 162 1606 
929 1082 554 1083 
930 664 1016 1021 
931 675 678 868 
932 1413 507 1456 
933 43 888 1234 
934 1039 999 1173 
935 354 353 1625 
936 355 474 901 
937 470 104 674 
938 470 674 677 
939 723 726 1004 
940 681 918 1293 
941 58 456 916 
942 682 94 1780 
943 1397 1400 1415 
944 456 57 955 
945 31 1335 1336 
946 572 561 961 
947 766 861 1563 
948 1314 29 1315 
949 52 457 954 
950 998 501 999 
951 747 752 753 
952 671 469 672 
953 1248 1247 1249 
954 162 10 1606 
955 352 351 1686 
956 567 531 1190 
957 856 854 857 
958 570 558 1354 
959 922 924 930 
960 1323 1321 1324 
961 750 751 773 
962 662 1112 1367 
963 1207 1206 1353 
964 852 788 853 
965 111 469 671 
966 859 1067 1730 
967 93 94 682 
968 1444 1262 1670 
969 993 992 998 
970 564 1041 1042 
971 876 757 877 
972 1420 492 1473 
973 1008 665 1714 
974 1332 1337 1339 
975 1276 1559 1655 
976 803 870 1611 
977 814 813 1209 
978 105 464 674 
979 1171 1276 1655 
980 731 949 1113 
981 1332 1339 1340 
982 1327 1329 1340 
983 1427 1431 1432 
984 1128 1507 1745 
985 996 998 1038 
986 1422 1423 1424 
987 649 612 653 
988 1014 628 1735 
989 1148 1370 1748 
990 654 572 961 
991 409 408 1093 
992 103 470 818 
993 1604 947 1813 
994 1192 1550 1711 
995 997 709 1116 
996 517 1431 1482 
997 1034 894 1729 
998 621 904 1773 
999 1403 37 1433 
1000 564 1040 1041 
1001 465 110 671 
1002 979 980 1365 
1003 873 989 1708 
1004 1000 666 1588 
1005 736 876 1812 
1006 164 163 501 
1007 614 581 1213 
1008 573 615 1214 
1009 1268 39 1612 
1010 792 793 794 
1011 1401 1403 1405 
1012 1470 1340 1744 
1013 866 1144 1686 
1014 726 728 1147 
1015 1246 1247 1248 
1016 998 999 1038 
1017 742 737 743 
1018 440 898 1673 
1019 950 853 1353 
1020 778 752 779 
1021 948 691 1675 
1022 643 642 864 
1023 740 741 750 
1024 1526 1525 1585 
1025 1410 1407 1418 
1026 476 948 1675 
1027 1303 1304 1305 
1028 1399 1397 1415 
1029 1010 1527 1748 
1030 613 660 1019 
1031 420 419 1084 
1032 715 785 1380 
1033 1340 1339 1744 
1034 1327 1326 1328 
1035 519 1167 1228 
1036 464 106 918 
1037 109 465 827 
1038 736 738 740 
1039 1402 1404 1420 
1040 690 1019 1632 
1041 779 956 1184 
1042 1051 1049 1768 
1043 1258 504 1269 
1044 720 719 721 
1045 1049 1066 1768 
1046 955 795 959 
1047 1613 985 1614 
1048 1333 1331 1334 
1049 601 539 957 
1050 1410 1418 1419 
1051 1077 519 1195 
1052 595 543 642 
1053 1335 1322 1352 
1054 1172 654 1603 
1055 115 473 1647 
1056 1337 34 1591 
1057 1246 41 1720 
1058 503 1111 1112 
1059 1329 1328 1330 
1060 32 1119 1344 
1061 1350 657 1506 
1062 721 722 723 
1063 37 1402 1443 
1064 18 161 1731 
1065 797 798 1780 
1066 559 627 1013 
1067 1078 554 1084 
1068 107 451 918 
1069 451 108 827 
1070 924 926 1006 
1071 488 487 523 
1072 1183 884 1693 
1073 489 490 544 
1074 10 636 1606 
1075 701 709 997 
1076 1221 1222 1746 
1077 627 1292 1576 
1078 480 479 487 
1079 477 478 489 
1080 356 355 901 
1081 922 923 924 
1082 1068 1069 1070 
1083 1331 1330 1342 
1084 740 757 876 
1085 512 835 836 
1086 856 931 1021 
1087 527 525 571 
1088 461 165 992 
1089 561 544 563 
1090 59 58 916 
1091 451 827 1153 
1092 795 775 959 
1093 459 4 818 
1094 1078 1048 1083 
1095 474 354 1191 
1096 1363 977 1756 
1097 792 779 793 
1098 112 1 1817 
1099 525 523 1013 
1100 38 1130 1457 
1101 27 1129 1459 
1102 1127 37 1512 
1103 1128 28 1509 
1104 490 522 1014 
1105 984 1633 1753 
1106 626 409 1093 
1107 506 1046 1185 
1108 964 965 966 
1109 668 1267 1612 
1110 559 580 627 
1111 1414 1413 1478 
1112 1741 808 1777 
1113 555 1027 1618 
1114 627 580 1155 
1115 1406 1407 1408 
1116 744 743 745 
1117 114 113 902 
1118 1235 1237 1238 
1119 1212 1170 1784 
1120 986 968 1362 
1121 564 418 1040 
1122 725 723 1004 
1123 969 971 972 
1124 32 1327 1343 
1125 564 1042 1084 
1126 940 941 1802 
1127 419 564 1084 
1128 944 1296 1758 
1129 540 539 558 
1130 1064 46 1728 
1131 1405 1403 1406 
1132 461 992 993 
1133 1070 1069 1071 
1134 1631 906 1734 
1135 459 818 819 
1136 1045 1048 1078 
1137 38 1414 1478 
1138 944 953 1296 
1139 54 53 496 
1140 56 55 497 
1141 418 417 1040 
1142 391 546 1097 
1143 401 604 1098 
1144 399 597 1095 
1145 393 555 1085 
1146 637 407 1099 
1147 397 589 1089 
1148 389 506 1096 
1149 502 424 1080 
1150 408 637 1093 
1151 1251 1249 1254 
1152 41 1491 1492 
1153 57 56 1789 
1154 995 993 996 
1155 1308 1307 1309 
1156 480 487 488 
1157 1089 1090 1091 
1158 721 723 725 
1159 1480 1141 1716 
1160 53 52 1794 
1161 735 737 742 
1162 414 596 1102 
1163 489 478 490 
1164 46 1064 1374 
1165 821 945 1747 
1166 794 793 898 
1167 1282 1281 1284 
1168 823 1448 1726 
1169 893 773 894 
1170 1061 1126 1800 
1171 488 523 525 
1172 1415 1400 1416 
1173 935 667 937 
1174 523 559 1013 
1175 60 59 611 
1176 50 49 610 
1177 392 391 1097 
1178 402 401 1098 
1179 400 399 1095 
1180 407 406 1099 
1181 394 393 1085 
1182 398 397 1089 
1183 390 389 1096 
1184 424 423 1080 
1185 1256 1242 1269 
1186 1546 1545 1547 
1187 901 474 1521 
1188 827 465 1180 
1189 554 420 1084 
1190 858 1015 1570 
1191 1320 1321 1323 
1192 1124 1229 1723 
1193 922 920 923 
1194 533 531 567 
1195 10 479 480 
1196 930 1006 1741 
1197 165 164 992 
1198 1409 1411 1412 
1199 771 1569 1570 
1200 477 9 478 
1201 1405 1406 1414 
1202 1190 531 1803 
1203 1559 25 1755 
1204 966 967 968 
1205 924 925 926 
1206 1484 499 1676 
1207 54 496 1032 
1208 94 797 1780 
1209 850 872 1590 
1210 1092 1090 1094 
1211 1052 1051 1053 
1212 1041 1043 1044 
1213 1050 1049 1051 
1214 1327 1340 1343 
1215 1326 1322 1335 
1216 40 1636 1670 
1217 1427 1429 1431 
1218 537 535 539 
1219 1251 1254 1255 
1220 1479 42 1680 
1221 541 1002 1371 
1222 1048 1047 1049 
1223 1246 1245 1247 
1224 919 920 922 
1225 611 59 916 
1226 1050 1051 1052 
1227 1048 1049 1050 
1228 885 673 1817 
1229 764 748 1150 
1230 1132 650 1134 
1231 1235 1236 1237 
1232 545 544 561 
1233 1052 1053 1054 
1234 523 524 559 
1235 308 23 1751 
1236 909 1282 1754 
1237 737 736 1812 
1238 1316 29 1629 
1239 26 1174 1367 
1240 634 1264 1486 
1241 1042 1045 1078 
1242 522 600 628 
1243 516 1345 1449 
1244 947 599 1701 
1245 51 50 915 
1246 1001 693 1571 
1247 1089 589 1090 
1248 12 1104 1209 
1249 1045 1047 1048 
1250 896 1107 1186 
1251 912 598 913 
1252 877 879 880 
1253 914 871 1713 
1254 697 699 707 
1255 630 1269 1378 
1256 1328 1326 1335 
1257 305 304 466 
1258 712 715 1380 
1259 723 724 726 
1260 22 9 477 
1261 10 19 479 
1262 1204 708 1549 
1263 1042 1044 1045 
1264 988 819 1707 
1265 469 673 1172 
1266 1111 661 1112 
1267 62 61 1760 
1268 807 1419 1499 
1269 726 727 728 
1270 1204 1549 1678 
1271 1048 1050 1083 
1272 759 775 795 
1273 909 1281 1282 
1274 614 988 1707 
1275 756 755 769 
1276 915 50 1781 
1277 1144 1200 1554 
1278 813 869 1209 
1279 513 1272 1598 
1280 1305 1351 1709 
1281 1174 26 1501 
1282 984 986 1633 
1283 821 935 1712 
1284 1248 1249 1250 
1285 1039 636 1379 
1286 1022 1023 1025 
1287 1045 1046 1047 
1288 1406 1408 1409 
1289 728 729 734 
1290 1241 1240 1242 
1291 1138 1135 1808 
1292 1362 968 1580 
1293 1017 563 1735 
1294 1054 1053 1055 
1295 102 459 685 
1296 643 864 865 
1297 1042 1041 1044 
1298 680 677 1292 
1299 1424 1425 1426 
1300 1578 33 1710 
1301 166 165 461 
1302 785 820 821 
1303 735 742 1147 
1304 36 1421 1438 
1305 1040 1025 1041 
1306 1076 1156 1594 
1307 34 1121 1465 
1308 31 1120 1466 
1309 1118 33 1488 
1310 1119 32 1503 
1311 1071 1069 1074 
1312 931 665 1021 
1313 1042 1078 1084 
1314 1194 867 1550 
1315 776 1197 1626 
1316 1163 1164 1165 
1317 1437 1441 1513 
1318 1373 984 1753 
1319 1269 630 1680 
1320 1062 1082 1083 
1321 1404 1399 1415 
1322 529 527 1623 
1323 950 1353 1615 
1324 1248 1250 1253 
1325 961 563 1653 
1326 557 631 635 
1327 1305 1304 1306 
1328 64 1018 1514 
1329 1329 1330 1331 
1330 1070 1072 1077 
1331 1068 1064 1069 
1332 962 963 964 
1333 1085 555 1618 
1334 1224 549 1271 
1335 1494 30 1495 
1336 1540 1538 1651 
1337 489 544 545 
1338 1022 1025 1040 
1339 899 1531 1609 
1340 1081 1061 1800 
1341 595 642 643 
1342 523 487 524 
1343 742 743 744 
1344 1407 1403 1433 
1345 1210 945 1672 
1346 1428 1425 1435 
1347 924 923 925 
1348 1406 1409 1414 
1349 1418 1407 1433 
1350 417 1022 1040 
1351 1023 1026 1079 
1352 416 588 1022 
1353 1022 588 1023 
1354 864 642 1124 
1355 1307 1304 1313 
1356 1671 1346 1725 
1357 1264 1253 1265 
1358 419 418 564 
1359 389 388 506 
1360 425 424 502 
1361 383 382 481 
1362 397 396 589 
1363 393 392 555 
1364 395 394 566 
1365 416 415 588 
1366 399 398 597 
1367 385 384 513 
1368 403 402 623 
1369 423 422 484 
1370 408 407 637 
1371 406 405 655 
1372 401 400 604 
1373 387 386 495 
1374 421 420 554 
1375 391 390 546 
1376 414 413 596 
1377 410 409 626 
1378 417 416 1022 
1379 412 411 603 
1380 1298 1258 1573 
1381 1329 1332 1340 
1382 742 777 1147 
1383 549 1222 1223 
1384 415 414 1102 
1385 506 388 1101 
1386 905 844 1754 
1387 910 774 1813 
1388 387 495 1101 
1389 566 394 1085 
1390 597 398 1089 
1391 555 392 1097 
1392 623 402 1098 
1393 604 400 1095 
1394 546 390 1096 
1395 406 655 1099 
1396 423 484 1080 
1397 1525 443 1585 
1398 1054 1055 1056 
1399 1045 1044 1046 
1400 1401 1399 1402 
1401 1055 1053 1063 
1402 690 613 1019 
1403 1327 1328 1329 
1404 1398 1397 1399 
1405 1424 1426 1427 
1406 627 1155 1762 
1407 941 940 942 
1408 1306 1304 1307 
1409 1050 1062 1083 
1410 1238 1239 1260 
1411 939 938 940 
1412 1096 506 1185 
1413 781 882 883 
1414 1050 1052 1062 
1415 1105 567 1190 
1416 1317 1318 1319 
1417 1494 1323 1684 
1418 1041 1025 1043 
1419 1311 1341 1663 
1420 725 1004 1005 
1421 1422 1421 1423 
1422 388 387 1101 
1423 1054 1056 1061 
1424 544 490 1014 
1425 838 847 1799 
1426 1272 1063 1598 
1427 718 717 719 
1428 1502 1418 1683 
1429 612 601 1698 
1430 817 1197 1290 
1431 1102 596 1123 
1432 1253 1250 1266 
1433 932 933 1148 
1434 1093 637 1143 
1435 724 722 739 
1436 466 304 1035 
1437 1250 1252 1266 
1438 1071 1074 1146 
1439 1296 953 1771 
1440 1070 1071 1072 
1441 996 1038 1765 
1442 723 722 724 
1443 589 396 1122 
1444 1321 1319 1322 
1445 881 792 1638 
1446 918 451 1293 
1447 880 879 1579 
1448 673 112 1817 
1449 1254 1249 1257 
1450 35 1483 1487 
1451 30 1505 1511 
1452 1451 29 1471 
1453 1454 36 1468 
1454 602 613 690 
1455 893 894 1145 
1456 928 1188 1189 
1457 1432 517 1497 
1458 995 996 1002 
1459 382 381 1158 
1460 1239 1237 1240 
1461 776 960 1197 
1462 426 425 1157 
1463 1211 12 1375 
1464 540 558 570 
1465 1342 1330 1346 
1466 1240 1237 1259 
1467 766 768 861 
1468 854 853 950 
1469 1027 1024 1123 
1470 1235 43 1236 
1471 760 949 1302 
1472 1055 1063 1125 
1473 1065 1057 1125 
1474 395 566 1122 
1475 736 734 738 
1476 799 475 1003 
1477 635 661 1111 
1478 1320 1319 1321 
1479 728 735 1147 
1480 566 1085 1086 
1481 597 1089 1091 
1482 1024 1102 1123 
1483 1080 484 1081 
1484 1058 1060 1067 
1485 1056 1055 1057 
1486 580 581 614 
1487 573 572 615 
1488 368 367 514 
1489 366 365 462 
1490 16 369 442 
1491 369 368 1108 
1492 367 366 1109 
1493 363 362 440 
1494 357 15 441 
1495 360 359 463 
1496 685 459 686 
1497 1497 825 1652 
1498 1238 1237 1239 
1499 1242 1240 1244 
1500 366 462 1109 
1501 514 367 1109 
1502 368 514 1108 
1503 442 369 1108 
1504 537 539 540 
1505 970 1182 1749 
1506 829 830 831 
1507 8 356 951 
1508 629 1301 1492 
1509 664 1021 1654 
1510 1432 1497 1652 
1511 715 780 785 
1512 751 759 1029 
1513 660 649 1180 
1514 1059 1057 1065 
1515 562 561 572 
1516 559 560 580 
1517 891 893 1752 
1518 1408 1407 1410 
1519 405 404 1100 
1520 563 544 1014 
1521 1337 1333 1338 
1522 701 700 702 
1523 1755 921 1772 
1524 834 1227 1724 
1525 1025 1023 1079 
1526 739 990 1785 
1527 1339 1591 1744 
1528 497 55 1033 
1529 25 1381 1461 
1530 980 1106 1365 
1531 580 614 1155 
1532 1095 597 1143 
1533 740 738 741 
1534 1061 1056 1126 
1535 566 1087 1122 
1536 1305 1306 1349 
1537 1023 1024 1026 
1538 746 745 747 
1539 1386 1555 1818 
1540 1388 39 1510 
1541 40 1387 1463 
1542 1386 472 1555 
1543 1311 1314 1315 
1544 1134 650 1589 
1545 1420 1404 1437 
1546 490 521 522 
1547 1080 1081 1800 
1548 650 584 1589 
1549 667 935 1715 
1550 37 1443 1512 
1551 1394 659 1657 
1552 166 461 1036 
1553 1087 1086 1088 
1554 1415 1416 1417 
1555 1306 1307 1308 
1556 477 489 1028 
1557 1345 516 1450 
1558 1077 1072 1167 
1559 1285 1284 1691 
1560 526 525 527 
1561 1424 1427 1434 
1562 1239 1240 1241 
1563 887 1298 1573 
1564 894 1029 1729 
1565 1428 1435 1436 
1566 1409 1408 1411 
1567 1058 1067 1126 
1568 356 901 951 
1569 958 1105 1366 
1570 1311 1315 1341 
1571 304 303 1035 
1572 588 415 1102 
1573 479 19 1372 
1574 396 395 1122 
1575 101 685 948 
1576 563 1014 1735 
1577 1321 1322 1325 
1578 731 733 949 
1579 1249 1247 1257 
1580 1091 1093 1143 
1581 845 1286 1649 
1582 1031 587 1678 
1583 1156 44 1594 
1584 1046 1044 1185 
1585 1243 1245 1246 
1586 513 384 1272 
1587 359 358 1110 
1588 504 1258 1298 
1589 901 1521 1786 
1590 463 359 1110 
1591 1133 1650 1739 
1592 1334 1342 1348 
1593 35 1441 1643 
1594 700 698 1178 
1595 972 977 1580 
1596 1023 588 1024 
1597 365 364 1107 
1598 840 846 1766 
1599 1113 949 1520 
1600 1309 1312 1595 
1601 599 1604 1674 
1602 489 545 1028 
1603 920 1755 1772 
1604 1318 1316 1345 
1605 655 405 1100 
1606 462 365 1107 
1607 1043 1025 1079 
1608 1143 637 1230 
1609 528 527 529 
1610 999 501 1173 
1611 699 700 701 
1612 458 850 1003 
1613 597 1091 1143 
1614 1291 466 1763 
1615 1020 814 1209 
1616 1242 1258 1269 
1617 673 885 1644 
1618 1332 1333 1337 
1619 711 1273 1757 
1620 1096 1185 1593 
1621 1312 1307 1313 
1622 27 1459 1460 
1623 1427 1426 1429 
1624 1265 1266 1267 
1625 1207 788 1574 
1626 917 916 1630 
1627 476 100 948 
1628 1138 1295 1296 
1629 566 1086 1087 
1630 750 741 751 
1631 605 1039 1770 
1632 1237 1236 1259 
1633 1250 1249 1251 
1634 1308 1309 1314 
1635 892 891 1752 
1636 782 781 883 
1637 1622 1613 1654 
1638 1026 1024 1027 
1639 769 776 1626 
1640 1332 1331 1333 
1641 481 382 1158 
1642 762 763 1563 
1643 425 502 1157 
1644 1246 1248 1263 
1645 1509 28 1709 
1646 1057 1055 1125 
1647 1310 1308 1311 
1648 1056 1057 1058 
1649 383 481 1272 
1650 1183 1693 1792 
1651 1060 1064 1068 
1652 490 478 521 
1653 796 1211 1375 
1654 713 711 1757 
1655 1696 609 1778 
1656 10 480 636 
1657 23 22 472 
1658 19 18 471 
1659 1044 1043 1185 
1660 934 1370 1815 
1661 1248 1253 1263 
1662 487 479 1030 
1663 583 585 587 
1664 577 575 579 
1665 868 678 1561 
1666 1324 1321 1325 
1667 1222 549 1224 
1668 571 1013 1576 
1669 699 701 997 
1670 1259 1076 1594 
1671 488 525 526 
1672 103 104 470 
1673 111 112 469 
1674 1161 1163 1610 
1675 707 699 997 
1676 235 234 1152 
1677 1346 1330 1725 
1678 1016 664 1760 
1679 1431 1429 1439 
1680 890 679 1190 
1681 95 475 797 
1682 522 547 600 
1683 1018 113 1514 
1684 1640 908 1754 
1685 1072 1071 1073 
1686 675 464 676 
1687 576 651 1154 
1688 1024 588 1102 
1689 960 849 1769 
1690 726 724 727 
1691 529 1623 1803 
1692 955 57 1789 
1693 754 732 755 
1694 1396 1458 1814 
1695 28 1128 1745 
1696 672 469 1172 
1697 470 677 680 
1698 1019 870 1645 
1699 698 848 1178 
1700 649 653 1153 
1701 1449 1345 1629 
1702 412 603 1584 
1703 167 166 1036 
1704 876 877 1738 
1705 1691 1284 1790 
1706 851 852 1570 
1707 52 954 1794 
1708 361 360 1169 
1709 11 1206 1207 
1710 360 463 1169 
1711 581 583 1213 
1712 575 573 1214 
1713 530 529 531 
1714 712 711 713 
1715 471 1132 1134 
1716 1073 1071 1146 
1717 1426 1425 1428 
1718 492 1437 1513 
1719 576 578 651 
1720 586 584 650 
1721 687 689 691 
1722 42 1142 1668 
1723 109 110 465 
1724 105 106 464 
1725 1265 1253 1266 
1726 45 1068 1568 
1727 679 1105 1190 
1728 640 1420 1473 
1729 1365 1516 1605 
1730 29 1314 1347 
1731 679 676 681 
1732 894 1034 1558 
1733 1056 1058 1126 
1734 545 561 562 
1735 440 362 1176 
1736 559 524 560 
1737 1006 510 1741 
1738 1242 1244 1258 
1739 1104 1020 1209 
1740 104 105 674 
1741 49 5 989 
1742 600 616 863 
1743 64 63 1795 
1744 695 697 1718 
1745 947 910 1813 
1746 919 886 920 
1747 1329 1331 1332 
1748 363 440 1186 
1749 1006 926 1177 
1750 724 739 1179 
1751 773 751 1029 
1752 1191 354 1625 
1753 452 1279 1300 
1754 362 361 1176 
1755 55 16 1033 
1756 18 13 1131 
1757 14 23 1135 
1758 1149 1628 1731 
1759 729 731 1113 
1760 1349 1310 1350 
1761 1068 1070 1568 
1762 716 714 717 
1763 728 727 729 
1764 1072 1073 1075 
1765 107 108 451 
1766 583 587 1213 
1767 1222 1225 1746 
1768 579 575 1214 
1769 1636 40 1679 
1770 931 857 1798 
1771 16 442 1033 
1772 1075 1073 1076 
1773 110 111 671 
1774 1397 1395 1400 
1775 1306 1308 1310 
1776 1420 640 1443 
1777 1243 1246 1720 
1778 671 672 803 
1779 775 790 959 
1780 1058 1057 1059 
1781 666 1000 1717 
1782 1069 1064 1728 
1783 793 779 1184 
1784 798 1583 1780 
1785 994 993 995 
1786 532 531 533 
1787 526 527 528 
1788 1325 1322 1326 
1789 1020 592 1208 
1790 537 540 1151 
1791 784 767 1597 
1792 22 477 1555 
1793 1333 1334 1710 
1794 678 890 1561 
1795 1009 1037 1527 
1796 635 631 661 
1797 677 868 1292 
1798 579 1214 1609 
1799 742 744 777 
1800 643 865 1170 
1801 987 950 1650 
1802 534 533 535 
1803 4 103 818 
1804 1404 1415 1417 
1805 1189 1188 1382 
1806 947 667 1715 
1807 558 602 1354 
1808 849 1179 1769 
1809 609 1472 1778 
1810 461 993 994 
1811 1053 1051 1598 
1812 596 413 1584 
1813 1205 11 1661 
1814 305 466 1690 
1815 1244 1240 1259 
1816 364 363 1186 
1817 1073 1146 1156 
1818 574 576 1154 
1819 1538 1536 1651 
1820 1095 1143 1230 
1821 1346 646 1390 
1822 106 107 918 
1823 108 109 827 
1824 798 800 1583 
1825 20 403 1695 
1826 404 21 1694 
1827 1 93 460 
1828 102 4 459 
1829 556 543 595 
1830 1396 1395 1397 
1831 978 1764 1788 
1832 1112 661 1367 
1833 753 781 782 
1834 958 1366 1698 
1835 1254 1485 1676 
1836 522 521 547 
1837 1058 1059 1060 
1838 38 1457 1458 
1839 1263 1253 1264 
1840 1279 452 1287 
1841 637 1099 1230 
1842 303 302 1212 
1843 1303 929 1304 
1844 709 796 1801 
1845 1060 1059 1064 
1846 905 908 1734 
1847 935 936 1712 
1848 1239 1243 1260 
1849 949 733 1302 
1850 1618 1123 1685 
1851 979 974 980 
1852 15 54 1032 
1853 734 729 1113 
1854 1435 1430 1601 
1855 9 307 652 
1856 1306 1310 1349 
1857 1115 901 1786 
1858 744 745 746 
1859 1107 364 1186 
1860 926 925 927 
1861 1404 1417 1437 
1862 528 529 530 
1863 1027 1123 1618 
1864 635 1111 1168 
1865 604 1095 1230 
1866 461 994 1036 
1867 113 7 1514 
1868 1072 1075 1167 
1869 928 925 1188 
1870 1312 1313 1460 
1871 1068 45 1730 
1872 1317 1319 1320 
1873 680 1155 1617 
1874 469 112 673 
1875 1427 1432 1434 
1876 702 704 705 
1877 600 863 1632 
1878 925 923 1188 
1879 659 1394 1464 
1880 1239 1241 1243 
1881 1305 1349 1351 
1882 870 804 1017 
1883 729 730 731 
1884 865 864 1291 
1885 1177 617 1496 
1886 99 476 801 
1887 1140 941 1567 
1888 1488 33 1578 
1889 44 1270 1573 
1890 536 535 537 
1891 927 925 928 
1892 427 426 859 
1893 381 380 860 
1894 641 1351 1508 
1895 1165 1546 1547 
1896 1184 880 1648 
1897 1202 1203 1204 
1898 803 672 804 
1899 357 441 1557 
1900 1250 1251 1252 
1901 842 845 1649 
1902 1314 1309 1347 
1903 803 804 870 
1904 1076 1073 1156 
1905 763 748 764 
1906 774 910 1677 
1907 587 1202 1678 
1908 1035 303 1212 
1909 869 1116 1375 
1910 718 719 720 
1911 1185 1043 1593 
1912 384 383 1272 
1913 542 538 543 
1914 31 1466 1671 
1915 524 487 1030 
1916 657 1350 1656 
1917 1319 1318 1352 
1918 1266 1252 1268 
1919 1243 1241 1245 
1920 1416 1421 1422 
1921 604 1230 1564 
1922 381 860 1158 
1923 859 426 1157 
1924 595 643 644 
1925 1269 504 1378 
1926 361 1169 1176 
1927 729 727 730 
1928 530 531 532 
1929 1172 673 1644 
1930 1398 1399 1401 
1931 600 547 616 
1932 1416 1400 1421 
1933 782 883 884 
1934 771 769 1569 
1935 906 1587 1588 
1936 1328 1335 1725 
1937 856 857 931 
1938 574 1154 1552 
1939 837 836 838 
1940 39 1268 1704 
1941 1111 503 1759 
1942 1251 1255 1261 
1943 170 169 662 
1944 63 664 1795 
1945 616 547 624 
1946 1601 1430 1726 
1947 632 594 663 
1948 1238 1260 1301 
1949 1335 31 1725 
1950 679 681 1105 
1951 1336 1352 1659 
1952 911 912 1699 
1953 580 560 581 
1954 562 572 573 
1955 691 692 693 
1956 1311 1308 1314 
1957 532 534 565 
1958 379 378 1159 
1959 675 676 678 
1960 1396 1397 1398 
1961 528 530 605 
1962 1156 1146 1187 
1963 927 928 929 
1964 625 624 900 
1965 1252 1262 1268 
1966 688 686 988 
1967 636 480 1379 
1968 1267 1266 1268 
1969 834 831 962 
1970 429 428 1160 
1971 1345 1450 1659 
1972 1395 1394 1438 
1973 941 1161 1567 
1974 1349 1350 1722 
1975 532 533 534 
1976 923 920 1772 
1977 765 764 809 
1978 1264 634 1716 
1979 101 102 685 
1980 1110 358 1557 
1981 1273 711 1384 
1982 21 235 1694 
1983 234 20 1695 
1984 858 856 1021 
1985 1124 642 1706 
1986 1301 629 1377 
1987 825 1483 1652 
1988 844 842 1649 
1989 475 96 1003 
1990 680 1292 1762 
1991 1527 1037 1748 
1992 1441 656 1513 
1993 702 700 704 
1994 1641 987 1650 
1995 570 1124 1706 
1996 1527 1526 1585 
1997 852 853 854 
1998 1348 647 1578 
1999 772 706 786 
2000 1283 1224 1300 
2001 587 585 1202 
2002 995 1002 1103 
2003 1366 653 1698 
2004 678 679 890 
2005 520 1187 1687 
2006 1318 1345 1659 
2007 471 18 1131 
2008 880 1579 1648 
2009 23 472 1135 
2010 678 676 679 
2011 616 624 625 
2012 764 1150 1181 
2013 497 1033 1034 
2014 932 1714 1798 
2015 1393 1394 1395 
2016 1219 834 1724 
2017 731 730 732 
2018 460 683 885 
2019 19 471 1372 
2020 812 813 814 
2021 531 529 1803 
2022 610 873 1781 
2023 543 538 1151 
2024 699 698 700 
2025 946 592 1020 
2026 882 1110 1557 
2027 770 816 817 
2028 792 794 1638 
2029 1563 861 1637 
2030 99 100 476 
2031 95 96 475 
2032 1515 848 1682 
2033 974 973 1007 
2034 1649 909 1754 
2035 50 610 1781 
2036 480 488 1379 
2037 168 167 503 
2038 1230 1099 1564 
2039 730 727 1179 
2040 920 886 1755 
2041 1530 1165 1774 
2042 1235 1238 1697 
2043 488 526 1379 
2044 1103 635 1168 
2045 536 538 541 
2046 1112 662 1646 
2047 1419 807 1740 
2048 666 1114 1588 
2049 763 766 1563 
2050 1060 1068 1730 
2051 17 119 1775 
2052 350 24 1776 
2053 1027 555 1797 
2054 1410 1419 1440 
2055 972 971 973 
2056 1393 1395 1396 
2057 738 734 1113 
2058 100 101 948 
2059 693 1001 1675 
2060 542 556 557 
2061 720 721 1117 
2062 1149 933 1628 
2063 556 595 1274 
2064 511 116 889 
2065 663 594 1274 
2066 747 753 1150 
2067 1011 43 1234 
2068 44 1012 1270 
2069 1301 1260 1492 
2070 546 1096 1593 
2071 1383 805 1391 
2072 471 1131 1132 
2073 802 801 1001 
2074 378 377 1196 
2075 1228 1167 1700 
2076 1211 796 1380 
2077 701 703 709 
2078 900 897 1690 
2079 861 768 862 
2080 1324 1325 1344 
2081 1428 1436 1442 
2082 430 429 1195 
2083 1257 42 1668 
2084 1353 591 1615 
2085 460 93 682 
2086 1066 513 1768 
2087 800 811 812 
2088 577 579 1208 
2089 904 1115 1786 
2090 1098 604 1564 
2091 25 1461 1600 
2092 1160 45 1568 
2093 927 1303 1556 
2094 34 1465 1591 
2095 1421 1400 1438 
2096 1208 579 1531 
2097 1322 1319 1352 
2098 36 1438 1657 
2099 839 838 840 
2100 1059 1065 1374 
2101 1343 1340 1470 
2102 534 535 536 
2103 1444 1440 1704 
2104 442 1108 1145 
2105 1070 1077 1568 
2106 349 348 1193 
2107 121 120 1194 
2108 591 1353 1551 
2109 94 95 797 
2110 1282 1284 1285 
2111 348 347 568 
2112 122 121 569 
2113 853 1207 1353 
2114 1064 1059 1374 
2115 994 995 1168 
2116 831 832 962 
2117 455 1226 1667 
2118 547 521 1198 
2119 644 643 1170 
2120 1450 1336 1659 
2121 441 15 1032 
2122 863 616 1229 
2123 1301 505 1697 
2124 1559 663 1655 
2125 691 689 692 
2126 870 1017 1645 
2127 1255 1254 1676 
2128 644 1170 1171 
2129 458 98 801 
2130 977 1175 1756 
2131 1232 982 1743 
2132 1097 546 1664 
2133 975 1517 1586 
2134 727 724 1179 
2135 1141 41 1716 
2136 1400 1395 1438 
2137 652 1198 1732 
2138 829 511 830 
2139 123 122 1192 
2140 347 346 1200 
2141 801 476 1001 
2142 746 747 748 
2143 587 1031 1658 
2144 1408 1410 1444 
2145 1323 1494 1495 
2146 1458 1396 1635 
2147 1116 709 1801 
2148 1564 655 1634 
2149 708 1204 1515 
2150 478 9 1732 
2151 1370 1148 1815 
2152 914 1201 1215 
2153 951 901 1115 
2154 60 611 1689 
2155 632 886 919 
2156 1204 1203 1205 
2157 456 955 959 
2158 1099 655 1564 
2159 788 786 1574 
2160 124 123 483 
2161 346 345 482 
2162 431 430 519 
2163 377 376 520 
2164 1539 1538 1540 
2165 790 917 1630 
2166 542 543 556 
2167 1416 1422 1643 
2168 751 758 759 
2169 473 903 1764 
2170 33 1439 1572 
2171 929 928 1602 
2172 705 770 1273 
2173 557 594 631 
2174 964 963 965 
2175 595 644 1274 
2176 906 621 1773 
2177 536 537 538 
2178 503 1112 1646 
2179 847 914 1791 
2180 783 767 784 
2181 485 1348 1809 
2182 538 537 1151 
2183 936 937 938 
2184 1227 834 1582 
2185 834 962 1582 
2186 563 1017 1653 
2187 1030 479 1372 
2188 345 344 1201 
2189 42 1256 1680 
2190 344 343 1215 
2191 343 342 467 
2192 127 126 468 
2193 710 703 711 
2194 541 538 542 
2195 126 125 1218 
2196 1252 1261 1262 
2197 472 22 1555 
2198 1429 1426 1445 
2199 1105 681 1366 
2200 128 127 1217 
2201 927 929 1303 
2202 125 124 1199 
2203 358 357 1557 
2204 879 896 1579 
2205 1426 1428 1445 
2206 731 732 733 
2207 129 128 1226 
2208 615 654 1804 
2209 514 1109 1553 
2210 1224 1271 1300 
2211 340 339 453 
2212 130 129 455 
2213 712 713 714 
2214 557 556 594 
2215 746 748 762 
2216 709 710 796 
2217 624 547 1198 
2218 797 475 798 
2219 721 725 1117 
2220 1094 1087 1692 
2221 131 130 1231 
2222 339 338 1223 
2223 1279 1283 1300 
2224 787 786 788 
2225 576 577 578 
2226 585 584 586 
2227 1320 1323 1495 
2228 581 560 582 
2229 562 573 574 
2230 338 337 549 
2231 132 131 548 
2232 770 817 1273 
2233 503 167 1036 
2234 793 1184 1648 
2235 698 696 848 
2236 702 705 1384 
2237 97 458 1003 
2238 337 336 1271 
2239 133 132 1233 
2240 341 340 1220 
2241 606 1344 1467 
2242 336 335 452 
2243 134 133 454 
2244 966 965 967 
2245 602 690 1354 
2246 748 747 1150 
2247 48 437 1377 
2248 1436 1435 1696 
2249 578 577 592 
2250 585 586 590 
2251 1393 494 1394 
2252 1441 1417 1643 
2253 432 431 1228 
2254 841 840 842 
2255 1186 440 1673 
2256 1252 1251 1261 
2257 342 341 1216 
2258 995 1103 1168 
2259 1565 615 1804 
2260 1411 1408 1444 
2261 471 1134 1372 
2262 1098 1564 1634 
2263 335 334 1287 
2264 135 134 1288 
2265 685 686 687 
2266 916 456 1630 
2267 1012 1187 1620 
2268 1461 805 1600 
2269 733 761 1302 
2270 1341 1320 1495 
2271 279 278 1592 
2272 527 571 1623 
2273 413 412 1584 
2274 751 741 758 
2275 632 663 886 
2276 1187 1146 1687 
2277 1323 1324 1684 
2278 1483 35 1652 
2279 894 773 1029 
2280 930 1741 1777 
2281 302 301 500 
2282 1438 1394 1657 
2283 704 700 1178 
2284 334 333 550 
2285 136 135 551 
2286 433 432 1011 
2287 375 374 1012 
2288 450 1361 1364 
2289 831 830 832 
2290 693 695 1571 
2291 968 967 969 
2292 754 755 756 
2293 716 717 718 
2294 435 434 888 
2295 373 372 887 
2296 1182 970 1727 
2297 581 582 583 
2298 574 573 575 
2299 1468 36 1657 
2300 546 1593 1664 
2301 333 332 1277 
2302 137 136 1289 
2303 1169 794 1176 
2304 532 565 1299 
2305 753 782 1150 
2306 1167 1075 1700 
2307 540 570 1706 
2308 1615 1294 1650 
2309 756 769 771 
2310 946 1020 1104 
2311 1585 443 1750 
2312 97 98 458 
2313 876 1738 1812 
2314 434 433 1234 
2315 374 373 1270 
2316 759 760 775 
2317 1540 1546 1787 
2318 802 1001 1571 
2319 428 427 1607 
2320 380 379 1608 
2321 98 99 801 
2322 805 1383 1600 
2323 711 703 1384 
2324 332 331 449 
2325 138 137 450 
2326 1347 1309 1595 
2327 616 625 1229 
2328 651 578 1295 
2329 833 1219 1721 
2330 944 945 1712 
2331 1402 1420 1443 
2332 845 1283 1286 
2333 926 927 1556 
2334 1290 1197 1665 
2335 1628 987 1641 
2336 473 902 903 
2337 460 885 1817 
2338 376 375 1620 
2339 983 1232 1667 
2340 39 1388 1612 
2341 705 704 706 
2342 46 1159 1733 
2343 701 702 703 
2344 1097 1664 1797 
2345 583 584 585 
2346 576 575 577 
2347 171 170 1174 
2348 1037 932 1148 
2349 1005 1563 1637 
2350 705 1273 1384 
2351 1383 508 1703 
2352 574 575 576 
2353 583 582 584 
2354 661 1356 1367 
2355 1393 1396 1814 
2356 586 650 1294 
2357 884 883 1621 
2358 1009 1008 1669 
2359 777 744 1562 
2360 1005 1004 1737 
2361 1028 545 1552 
2362 477 1028 1555 
2363 436 435 1297 
2364 372 371 1298 
2365 1437 1417 1441 
2366 1108 514 1599 
2367 848 696 1682 
2368 1371 1002 1765 
2369 785 780 820 
2370 1535 1285 1691 
2371 761 912 1782 
2372 460 682 683 
2373 1144 835 1686 
2374 536 541 1371 
2375 985 970 1749 
2376 812 811 813 
2377 331 330 1358 
2378 139 138 1364 
2379 458 801 802 
2380 1175 1586 1756 
2381 437 436 505 
2382 371 370 504 
2383 1330 1328 1725 
2384 30 1511 1656 
2385 631 594 632 
2386 542 557 1662 
2387 962 832 963 
2388 1117 861 1624 
2389 1472 1121 1778 
2390 691 693 1675 
2391 765 809 1597 
2392 980 1007 1008 
2393 843 842 844 
2394 301 300 1275 
2395 605 530 1299 
2396 621 906 1114 
2397 1063 1053 1598 
2398 904 844 905 
2399 1746 1225 1766 
2400 712 714 715 
2401 530 532 1299 
2402 622 1613 1614 
2403 1086 1085 1618 
2404 868 1561 1576 
2405 1202 1204 1678 
2406 632 919 1356 
2407 1015 858 1016 
2408 161 160 1627 
2409 1313 27 1460 
2410 499 1498 1676 
2411 96 97 1003 
2412 759 758 760 
2413 1537 1535 1538 
2414 1561 890 1623 
2415 988 1213 1658 
2416 1599 1553 1752 
2417 1258 1244 1573 
2418 687 688 689 
2419 968 969 1580 
2420 710 711 712 
2421 813 811 815 
2422 1508 1351 1722 
2423 36 1454 1726 
2424 330 329 552 
2425 140 139 553 
2426 623 1098 1634 
2427 683 682 684 
2428 172 171 1501 
2429 705 706 770 
2430 1382 921 1383 
2431 1152 1100 1694 
2432 594 556 1274 
2433 1350 1310 1663 
2434 14 1139 1751 
2435 1123 596 1685 
2436 697 698 699 
2437 585 590 1202 
2438 565 534 1371 
2439 1540 1545 1546 
2440 628 600 1632 
2441 1043 1079 1593 
2442 1154 651 1386 
2443 762 748 763 
2444 11 1574 1575 
2445 869 815 1116 
2446 312 311 439 
2447 158 157 438 
2448 848 1515 1661 
2449 636 1173 1606 
2450 1539 1540 1787 
2451 271 270 1642 
2452 749 737 1812 
2453 590 586 591 
2454 1079 1026 1664 
2455 512 836 837 
2456 578 592 593 
2457 159 158 1370 
2458 1417 1416 1643 
2459 1428 1442 1445 
2460 545 562 1552 
2461 160 159 934 
2462 617 1177 1745 
2463 912 761 1699 
2464 502 1080 1800 
2465 725 1005 1637 
2466 883 882 1807 
2467 1161 942 1163 
2468 683 684 822 
2469 874 1577 1711 
2470 1334 1348 1578 
2471 528 605 1770 
2472 1086 1618 1685 
2473 1623 890 1803 
2474 1454 823 1726 
2475 687 686 688 
2476 977 1363 1666 
2477 693 694 695 
2478 689 688 1031 
2479 560 524 1355 
2480 1387 40 1719 
2481 1155 680 1762 
2482 1187 520 1620 
2483 302 500 1212 
2484 1181 884 1183 
2485 1002 996 1765 
2486 1573 1244 1594 
2487 1177 926 1556 
2488 813 815 869 
2489 329 328 1357 
2490 1412 1411 1636 
2491 141 140 1359 
2492 873 784 1781 
2493 370 47 1378 
2494 1196 1687 1733 
2495 1664 1026 1797 
2496 1106 1009 1585 
2497 782 884 1181 
2498 693 692 694 
2499 313 312 1368 
2500 893 1145 1599 
2501 821 820 935 
2502 1379 526 1770 
2503 300 299 670 
2504 1202 590 1203 
2505 864 1124 1723 
2506 852 855 1570 
2507 741 738 1520 
2508 1450 516 1592 
2509 608 1450 1592 
2510 1254 1257 1485 
2511 661 631 1356 
2512 665 1007 1622 
2513 662 169 1646 
2514 986 984 1767 
2515 427 859 1607 
2516 860 380 1608 
2517 311 310 1522 
2518 921 1382 1772 
2519 1226 1227 1667 
2520 299 298 1381 
2521 1225 845 1766 
2522 145 144 976 
2523 694 692 708 
2524 298 297 1461 
2525 524 1030 1355 
2526 1764 1182 1788 
2527 1121 34 1778 
2528 230 229 633 
2529 225 224 1387 
2530 226 225 669 
2531 296 295 1391 
2532 231 230 1453 
2533 199 198 1389 
2534 273 272 1390 
2535 245 244 1388 
2536 222 221 1447 
2537 280 279 516 
2538 206 205 515 
2539 215 214 638 
2540 289 288 639 
2541 213 212 494 
2542 287 286 493 
2543 282 281 824 
2544 208 207 823 
2545 204 203 609 
2546 278 277 608 
2547 220 219 1456 
2548 294 293 1455 
2549 224 223 1463 
2550 244 243 668 
2551 207 206 1448 
2552 214 213 1392 
2553 217 216 1130 
2554 291 290 1129 
2555 201 200 1465 
2556 275 274 1466 
2557 211 210 659 
2558 285 284 658 
2559 281 280 1449 
2560 193 192 1467 
2561 239 238 1480 
2562 290 289 1459 
2563 216 215 1457 
2564 210 209 1468 
2565 284 283 1471 
2566 223 222 806 
2567 196 195 648 
2568 270 269 647 
2569 198 197 486 
2570 272 271 485 
2571 241 240 1486 
2572 218 217 1477 
2573 276 275 1120 
2574 202 201 1121 
2575 292 291 1475 
2576 229 228 1484 
2577 203 202 1472 
2578 277 276 1474 
2579 256 255 1473 
2580 212 211 1464 
2581 209 208 1454 
2582 286 285 1462 
2583 283 282 1451 
2584 293 292 619 
2585 219 218 620 
2586 260 259 1487 
2587 274 273 646 
2588 200 199 645 
2589 221 220 507 
2590 295 294 508 
2591 205 204 1452 
2592 252 251 1481 
2593 297 296 805 
2594 288 287 1446 
2595 265 264 1482 
2596 242 241 498 
2597 268 267 1118 
2598 227 226 1498 
2599 266 265 607 
2600 261 260 1483 
2601 177 176 617 
2602 257 256 492 
2603 255 254 640 
2604 189 188 1493 
2605 251 250 618 
2606 176 175 1496 
2607 173 172 808 
2608 174 173 1500 
2609 232 231 1142 
2610 228 227 499 
2611 238 237 1141 
2612 175 174 510 
2613 190 189 518 
2614 249 248 509 
2615 247 246 807 
2616 248 247 1499 
2617 264 263 517 
2618 250 249 1502 
2619 262 261 825 
2620 243 242 1490 
2621 192 191 606 
2622 194 193 1119 
2623 187 186 1505 
2624 191 190 1504 
2625 269 268 1488 
2626 188 187 826 
2627 184 183 1506 
2628 179 178 1128 
2629 183 182 491 
2630 185 184 657 
2631 181 180 641 
2632 182 181 1508 
2633 180 179 1509 
2634 186 185 1511 
2635 195 194 1503 
2636 267 266 1489 
2637 253 252 1127 
2638 246 245 1510 
2639 178 177 1507 
2640 259 258 656 
2641 263 262 1497 
2642 258 257 1513 
2643 254 253 1512 
2644 197 196 1469 
2645 240 239 634 
2646 1362 1580 1666 
2647 13 1628 1641 
2648 233 232 1479 
2649 237 236 1491 
2650 157 156 1369 
2651 47 233 630 
2652 236 48 629 
2653 1410 1440 1444 
2654 1439 1429 1572 
2655 744 746 1562 
2656 592 577 1208 
2657 1100 404 1694 
2658 1159 378 1196 
2659 169 168 1646 
2660 1501 26 1777 
2661 763 764 765 
2662 328 327 1533 
2663 146 145 1385 
2664 1310 1311 1663 
2665 142 141 1376 
2666 1179 739 1769 
2667 1137 1771 1806 
2668 314 313 1528 
2669 1017 804 1653 
2670 151 150 981 
2671 707 997 1761 
2672 324 323 1536 
2673 325 324 1542 
2674 326 325 1534 
2675 1656 1350 1663 
2676 718 720 774 
2677 429 1160 1195 
2678 150 149 1516 
2679 1517 979 1605 
2680 9 652 1732 
2681 811 810 1518 
2682 912 791 1782 
2683 144 143 1543 
2684 655 1100 1634 
2685 1285 1535 1537 
2686 1303 28 1556 
2687 1442 1338 1445 
2688 457 51 915 
2689 473 114 902 
2690 1221 453 1222 
2691 1244 1259 1594 
2692 152 151 1524 
2693 1238 1301 1697 
2694 147 146 1532 
2695 861 862 1624 
2696 310 309 943 
2697 323 322 1541 
2698 800 810 811 
2699 565 1371 1765 
2700 149 148 1519 
2701 770 772 816 
2702 1338 1333 1710 
2703 1593 1079 1664 
2704 791 912 913 
2705 794 1169 1638 
2706 885 683 1565 
2707 403 623 1695 
2708 1150 782 1181 
2709 505 1301 1377 
2710 1088 1086 1685 
2711 1189 1382 1703 
2712 746 762 1562 
2713 1256 1269 1680 
2714 317 316 444 
2715 153 152 443 
2716 316 315 1529 
2717 634 1480 1716 
2718 1279 1280 1283 
2719 1104 12 1210 
2720 928 1189 1602 
2721 154 153 1525 
2722 318 317 1523 
2723 315 314 1162 
2724 1175 975 1586 
2725 1145 894 1558 
2726 155 154 1526 
2727 534 536 1371 
2728 322 321 445 
2729 148 147 446 
2730 319 318 1548 
2731 327 326 448 
2732 143 142 447 
2733 738 1113 1520 
2734 1361 553 1364 
2735 168 503 1646 
2736 379 1159 1608 
2737 156 155 1010 
2738 321 320 1544 
2739 555 1097 1797 
2740 320 319 1166 
2741 1510 39 1740 
2742 43 1011 1700 
2743 763 765 766 
2744 1627 934 1815 
2745 1160 428 1607 
2746 35 1434 1652 
2747 1418 1433 1683 
2748 822 684 899 
2749 1169 463 1638 
2750 720 1117 1624 
2751 896 1186 1673 
2752 804 672 1603 
2753 819 818 1617 
2754 1561 571 1576 
2755 514 1553 1599 
2756 1221 875 1742 
2757 1443 640 1512 
2758 800 799 810 
2759 695 696 697 
2760 772 786 787 
2761 1292 868 1576 
2762 348 568 1193 
2763 569 121 1194 
2764 1146 1074 1687 
2765 1360 553 1361 
2766 1145 1108 1599 
2767 550 1279 1287 
2768 458 802 850 
2769 1429 1445 1572 
2770 1531 579 1609 
2771 785 1211 1380 
2772 681 1293 1366 
2773 1180 465 1611 
2774 953 939 1806 
2775 1032 496 1693 
2776 898 793 1648 
2777 568 347 1200 
2778 122 569 1192 
2779 550 1278 1279 
2780 837 838 839 
2781 1348 1342 1809 
2782 1198 521 1732 
2783 791 913 917 
2784 1693 496 1792 
2785 1204 1205 1515 
2786 653 612 1698 
2787 497 1034 1560 
2788 1011 1228 1700 
2789 1281 1278 1779 
2790 584 582 1589 
2791 623 1152 1695 
2792 1109 462 1681 
2793 14 1137 1139 
2794 11 1207 1574 
2795 562 574 1552 
2796 170 662 1174 
2797 651 1295 1808 
2798 715 714 716 
2799 942 952 1164 
2800 582 560 1355 
2801 646 1346 1671 
2802 1268 1262 1704 
2803 766 767 768 
2804 1346 1390 1809 
2805 1034 1033 1558 
2806 774 720 1624 
2807 984 966 1767 
2808 633 1485 1668 
2809 631 632 1356 
2810 672 1172 1603 
2811 886 663 1559 
2812 483 123 1192 
2813 346 482 1200 
2814 775 789 790 
2815 441 1621 1807 
2816 851 788 852 
2817 1598 1051 1768 
2818 770 706 772 
2819 758 741 1520 
2820 1445 1338 1572 
2821 598 1016 1760 
2822 1553 1109 1681 
2823 377 520 1196 
2824 1074 1069 1728 
2825 733 732 754 
2826 519 430 1195 
2827 1280 1278 1281 
2828 503 1036 1759 
2829 1603 961 1653 
2830 1222 453 1223 
2831 871 1144 1554 
2832 1504 518 1684 
2833 349 1193 1776 
2834 1194 120 1775 
2835 1550 874 1711 
2836 449 1358 1566 
2837 798 475 799 
2838 1382 1188 1772 
2839 830 511 889 
2840 1170 865 1784 
2841 1087 1088 1692 
2842 466 1035 1763 
2843 798 799 800 
2844 1353 1206 1551 
2845 482 345 1201 
2846 1154 1386 1818 
2847 1213 587 1658 
2848 1476 27 1602 
2849 837 839 1191 
2850 520 376 1620 
2851 775 760 789 
2852 989 68 1708 
2853 593 592 946 
2854 1196 520 1687 
2855 1286 909 1649 
2856 911 771 1015 
2857 124 483 1199 
2858 709 703 710 
2859 820 780 910 
2860 1138 1296 1771 
2861 1359 1360 1363 
2862 1392 494 1393 
2863 783 784 873 
2864 1382 1383 1703 
2865 578 593 1295 
2866 767 765 1597 
2867 1067 1060 1730 
2868 1201 344 1215 
2869 1596 457 1619 
2870 1284 1281 1566 
2871 33 1572 1710 
2872 343 467 1215 
2873 1352 1318 1659 
2874 1222 1224 1225 
2875 815 811 1518 
2876 790 791 917 
2877 1163 942 1164 
2878 959 790 1630 
2879 468 126 1218 
2880 127 468 1217 
2881 695 694 696 
2882 654 1172 1644 
2883 1363 447 1376 
2884 125 1199 1218 
2885 1345 1316 1629 
2886 128 1217 1226 
2887 683 822 1565 
2888 447 1363 1756 
2889 647 1348 1642 
2890 1348 485 1642 
2891 697 696 698 
2892 1728 46 1733 
2893 1015 771 1570 
2894 650 1132 1739 
2895 1274 644 1655 
2896 1205 1203 1206 
2897 766 765 767 
2898 455 129 1226 
2899 235 1152 1694 
2900 1152 234 1695 
2901 1033 442 1558 
2902 1552 1154 1818 
2903 942 940 952 
2904 954 457 1596 
2905 936 935 937 
2906 1151 540 1706 
2907 660 1180 1611 
2908 644 1171 1655 
2909 1569 1626 1639 
2910 453 339 1223 
2911 130 455 1231 
2912 774 1624 1813 
2913 839 840 841 
2914 1411 1444 1670 
2915 1351 641 1709 
2916 467 342 1216 
2917 338 549 1223 
2918 548 131 1231 
2919 340 453 1220 
2920 1583 684 1780 
2921 591 586 1294 
2922 855 854 856 
2923 969 970 971 
2924 913 598 1702 
2925 549 337 1271 
2926 132 548 1233 
2927 804 1603 1653 
2928 1227 1582 1667 
2929 936 944 1712 
2930 1114 906 1588 
2931 336 452 1271 
2932 454 133 1233 
2933 1580 977 1666 
2934 431 519 1228 
2935 715 716 780 
2936 611 917 1688 
2937 1216 341 1220 
2938 1617 1155 1707 
2939 31 1671 1725 
2940 787 851 1569 
2941 452 335 1287 
2942 134 454 1288 
2943 1275 670 1276 
2944 733 754 761 
2945 1359 1363 1376 
2946 1136 1135 1138 
2947 703 702 1384 
2948 1263 1264 1716 
2949 375 1012 1620 
2950 846 1746 1766 
2951 633 1484 1485 
2952 1026 1027 1797 
2953 692 689 1549 
2954 1434 1432 1652 
2955 893 1599 1752 
2956 1453 633 1668 
2957 334 550 1287 
2958 551 135 1288 
2959 1440 1419 1740 
2960 1149 1627 1815 
2961 1197 960 1665 
2962 844 1649 1754 
2963 1518 810 1590 
2964 994 1168 1759 
2965 23 14 1751 
2966 1515 1205 1661 
2967 1613 622 1654 
2968 877 880 1738 
2969 1600 921 1755 
2970 550 333 1277 
2971 136 551 1289 
2972 1200 482 1554 
2973 14 1135 1136 
2974 24 349 1776 
2975 120 17 1775 
2976 1116 815 1761 
2977 1117 725 1637 
2978 787 788 851 
2979 943 309 1810 
2980 1039 1379 1770 
2981 1011 432 1228 
2982 442 1145 1558 
2983 1031 688 1658 
2984 351 866 1686 
2985 899 684 1583 
2986 997 1116 1761 
2987 884 1621 1693 
2988 875 1746 1799 
2989 508 1383 1391 
2990 332 449 1277 
2991 450 137 1289 
2992 708 692 1549 
2993 1621 883 1807 
2994 1436 1696 1778 
2995 963 832 978 
2996 872 802 1571 
2997 1199 483 1577 
2998 850 802 872 
2999 1159 46 1608 
3000 1507 617 1745 
3001 875 1221 1746 
3002 807 1510 1740 
3003 620 1477 1478 
3004 45 1160 1607 
3005 1210 12 1211 
3006 1342 1346 1809 
3007 937 667 1717 
3008 486 1469 1470 
3009 1396 1398 1635 
3010 433 1011 1234 
3011 1012 374 1270 
3012 822 899 1609 
3013 468 1218 1219 
3014 1791 875 1799 
3015 689 1031 1549 
3016 437 505 1377 
3017 1201 914 1713 
3018 888 434 1234 
3019 373 887 1270 
3020 1493 826 1494 
3021 1007 973 1622 
3022 521 478 1732 
3023 1226 1217 1227 
3024 1491 629 1492 
3025 500 301 1275 
3026 789 760 1302 
3027 457 915 1619 
3028 1137 1136 1771 
3029 1687 1074 1733 
3030 903 1018 1749 
3031 1557 441 1807 
3032 945 821 1712 
3033 841 842 843 
3034 768 767 783 
3035 619 1475 1476 
3036 1665 960 1785 
3037 449 331 1358 
3038 138 450 1364 
3039 1523 1547 1548 
3040 1283 1280 1286 
3041 790 789 791 
3042 1155 614 1707 
3043 1547 1166 1548 
3044 541 542 1662 
3045 435 888 1297 
3046 887 372 1298 
3047 1394 494 1464 
3048 756 771 911 
3049 1189 1703 1783 
3050 1626 816 1639 
3051 1148 933 1815 
3052 353 512 1625 
3053 1028 1552 1818 
3054 861 1117 1637 
3055 65 951 1115 
3056 980 974 1007 
3057 1220 453 1221 
3058 610 49 989 
3059 456 959 1630 
3060 44 1573 1594 
3061 441 1032 1621 
3062 1459 639 1460 
3063 1545 1166 1547 
3064 1360 1361 1362 
3065 938 937 1000 
3066 1203 590 1551 
3067 1537 1538 1539 
3068 593 946 1616 
3069 1104 1210 1672 
3070 663 1274 1655 
3071 1560 1034 1729 
3072 516 279 1592 
3073 278 608 1592 
3074 688 988 1658 
3075 493 1462 1595 
3076 1290 713 1757 
3077 1260 1243 1720 
3078 787 1569 1639 
3079 1188 923 1772 
3080 1132 1131 1133 
3081 1569 769 1626 
3082 1279 1278 1280 
3083 160 934 1627 
3084 582 1355 1589 
3085 491 1508 1722 
3086 843 844 904 
3087 647 1488 1578 
3088 171 1174 1501 
3089 548 1231 1232 
3090 969 967 970 
3091 629 48 1377 
3092 510 1500 1741 
3093 809 1596 1597 
3094 505 436 1297 
3095 371 504 1298 
3096 1036 994 1759 
3097 991 1290 1665 
3098 941 1140 1802 
3099 1001 476 1675 
3100 486 1470 1744 
3101 1574 786 1575 
3102 309 308 1810 
3103 330 552 1358 
3104 553 139 1364 
3105 933 932 1798 
3106 454 1233 1373 
3107 862 768 1604 
3108 1440 39 1704 
3109 526 528 1770 
3110 885 1565 1804 
3111 41 1263 1716 
3112 571 1561 1623 
3113 1165 1164 1581 
3114 667 1701 1717 
3115 497 1560 1789 
3116 1714 931 1798 
3117 1619 915 1781 
3118 1763 1035 1784 
3119 865 1763 1784 
3120 1189 1476 1602 
3121 485 271 1642 
3122 270 647 1642 
3123 910 780 1677 
3124 1009 1527 1585 
3125 978 832 1816 
3126 1211 785 1747 
3127 1412 1636 1679 
3128 1375 1116 1801 
3129 1516 1519 1605 
3130 890 1190 1803 
3131 1271 452 1300 
3132 654 1644 1804 
3133 1383 921 1600 
3134 590 591 1551 
3135 708 1515 1682 
3136 664 1654 1795 
3137 1546 1165 1581 
3138 1579 896 1673 
3139 300 670 1275 
3140 504 370 1378 
3141 158 438 1370 
3142 841 843 1521 
3143 837 1191 1625 
3144 934 159 1370 
3145 1289 551 1633 
3146 552 329 1357 
3147 140 553 1359 
3148 1037 1009 1669 
3149 1351 1349 1722 
3150 1168 1111 1759 
3151 1457 638 1458 
3152 808 1501 1777 
3153 898 1579 1673 
3154 659 1468 1657 
3155 903 902 1018 
3156 1 460 1817 
3157 982 1373 1743 
3158 852 854 855 
3159 1579 898 1648 
3160 1448 515 1601 
3161 824 1449 1629 
3162 312 439 1368 
3163 1614 985 1749 
3164 308 1751 1810 
3165 808 172 1501 
3166 439 311 1522 
3167 892 1553 1681 
3168 1465 645 1591 
3169 1572 1338 1710 
3170 1357 1533 1691 
3171 1035 1212 1784 
3172 438 157 1369 
3173 1131 13 1641 
3174 1738 749 1812 
3175 1365 1106 1750 
3176 550 1277 1278 
3177 973 1613 1622 
3178 14 1136 1137 
3179 971 970 985 
3180 1037 1148 1748 
3181 871 1554 1713 
3182 1523 444 1774 
3183 1597 1596 1619 
3184 855 856 858 
3185 1389 486 1744 
3186 670 299 1381 
3187 47 630 1378 
3188 1549 1031 1678 
3189 784 1597 1619 
3190 816 772 1639 
3191 1018 1614 1749 
3192 684 682 1780 
3193 865 1291 1763 
3194 1357 328 1533 
3195 141 1359 1376 
3196 1381 298 1461 
3197 1511 657 1656 
3198 38 1458 1635 
3199 297 805 1461 
3200 313 1368 1528 
3201 230 633 1453 
3202 669 225 1387 
3203 633 229 1484 
3204 1387 224 1463 
3205 1142 231 1453 
3206 226 669 1498 
3207 223 806 1463 
3208 213 494 1392 
3209 806 222 1447 
3210 221 507 1447 
3211 206 515 1448 
3212 215 638 1457 
3213 823 207 1448 
3214 280 516 1449 
3215 244 668 1388 
3216 638 214 1392 
3217 289 639 1459 
3218 805 296 1391 
3219 494 212 1464 
3220 295 508 1391 
3221 824 281 1449 
3222 493 286 1462 
3223 639 288 1446 
3224 515 205 1452 
3225 287 493 1446 
3226 646 273 1390 
3227 645 199 1389 
3228 608 277 1474 
3229 609 203 1472 
3230 659 210 1468 
3231 282 824 1451 
3232 1129 290 1459 
3233 507 220 1456 
3234 204 609 1452 
3235 219 620 1456 
3236 508 294 1455 
3237 208 823 1454 
3238 274 646 1466 
3239 1130 216 1457 
3240 245 1388 1510 
3241 658 284 1471 
3242 200 645 1465 
3243 285 658 1462 
3244 293 619 1455 
3245 198 486 1389 
3246 209 1454 1468 
3247 283 1451 1471 
3248 211 659 1464 
3249 668 243 1490 
3250 1121 201 1465 
3251 272 485 1390 
3252 291 1129 1475 
3253 1120 275 1466 
3254 217 1130 1477 
3255 620 218 1477 
3256 202 1121 1472 
3257 619 292 1475 
3258 276 1120 1474 
3259 228 499 1484 
3260 192 606 1467 
3261 499 227 1498 
3262 247 807 1499 
3263 259 656 1487 
3264 1119 193 1467 
3265 1127 252 1481 
3266 498 241 1486 
3267 825 261 1483 
3268 242 498 1490 
3269 173 808 1500 
3270 510 174 1500 
3271 175 510 1496 
3272 647 269 1488 
3273 249 509 1502 
3274 634 239 1480 
3275 255 640 1473 
3276 648 195 1503 
3277 618 250 1502 
3278 509 248 1499 
3279 251 618 1481 
3280 607 265 1482 
3281 518 189 1493 
3282 268 1118 1488 
3283 617 176 1496 
3284 492 256 1473 
3285 264 517 1482 
3286 1483 260 1487 
3287 177 617 1507 
3288 188 826 1493 
3289 826 187 1505 
3290 807 246 1510 
3291 238 1141 1480 
3292 190 518 1504 
3293 181 641 1508 
3294 194 1119 1503 
3295 183 491 1506 
3296 606 191 1504 
3297 1118 267 1489 
3298 657 184 1506 
3299 179 1128 1509 
3300 240 634 1486 
3301 185 657 1511 
3302 1505 186 1511 
3303 641 180 1509 
3304 491 182 1508 
3305 266 607 1489 
3306 486 197 1469 
3307 196 648 1469 
3308 1128 178 1507 
3309 257 492 1513 
3310 640 254 1512 
3311 517 263 1497 
3312 262 825 1497 
3313 656 258 1513 
3314 253 1127 1512 
3315 232 1142 1479 
3316 1141 237 1491 
3317 1177 1556 1745 
3318 630 233 1479 
3319 236 629 1491 
3320 914 1215 1805 
3321 145 976 1385 
3322 817 1290 1757 
3323 938 1000 1587 
3324 1546 1581 1787 
3325 976 144 1543 
3326 1206 1203 1551 
3327 1689 1688 1702 
3328 718 774 1677 
3329 310 943 1522 
3330 474 1191 1736 
3331 467 1216 1705 
3332 324 1536 1542 
3333 1534 325 1542 
3334 981 150 1516 
3335 933 1149 1815 
3336 1229 625 1723 
3337 1492 1260 1720 
3338 973 971 1613 
3339 1590 872 1718 
3340 151 981 1524 
3341 146 1385 1532 
3342 512 837 1625 
3343 1627 1149 1731 
3344 1628 933 1811 
3345 1536 323 1541 
3346 156 1010 1369 
3347 777 1562 1737 
3348 1359 553 1360 
3349 25 1600 1755 
3350 1516 149 1519 
3351 1139 1137 1140 
3352 1701 666 1717 
3353 841 1521 1736 
3354 707 1518 1590 
3355 1162 314 1528 
3356 1165 1547 1774 
3357 1536 1541 1651 
3358 327 448 1533 
3359 447 142 1376 
3360 1282 1285 1640 
3361 448 326 1534 
3362 443 152 1524 
3363 143 447 1543 
3364 1636 1411 1670 
3365 513 1598 1768 
3366 889 1647 1816 
3367 694 708 1682 
3368 446 147 1532 
3369 1518 707 1761 
3370 1587 1000 1588 
3371 322 445 1541 
3372 148 446 1519 
3373 444 316 1529 
3374 153 443 1525 
3375 317 444 1523 
3376 56 497 1789 
3377 315 1162 1529 
3378 1751 1139 1810 
3379 496 53 1794 
3380 154 1525 1526 
3381 318 1523 1548 
3382 965 963 1788 
3383 1010 155 1526 
3384 445 321 1544 
3385 1166 319 1548 
3386 1388 668 1612 
3387 320 1166 1544 
3388 630 1479 1680 
3389 716 718 1677 
3390 1582 983 1667 
3391 940 938 1587 
3392 438 1369 1748 
3393 591 1294 1615 
3394 1385 976 1586 
3395 946 1104 1672 
3396 857 987 1811 
3397 1159 1196 1733 
3398 819 1617 1707 
3399 1566 1281 1779 
3400 161 1627 1731 
3401 448 1534 1535 
3402 1292 627 1762 
3403 41 1492 1720 
3404 1273 817 1757 
3405 772 787 1639 
3406 599 1674 1708 
3407 1294 650 1739 
3408 1392 1393 1814 
3409 1624 862 1813 
3410 665 1622 1654 
3411 847 1791 1799 
3412 968 986 1767 
3413 1769 739 1785 
3414 978 1647 1764 
3415 768 783 1604 
3416 1522 943 1567 
3417 1660 1539 1787 
3418 696 694 1682 
3419 933 1798 1811 
3420 1363 1360 1666 
3421 1645 1017 1735 
3422 1547 1523 1774 
3423 1521 474 1736 
3424 443 1524 1750 
3425 967 965 1727 
3426 505 1297 1697 
3427 669 1387 1719 
3428 39 1440 1740 
3429 1528 1368 1610 
3430 960 1769 1785 
3431 1544 1166 1545 
3432 1452 609 1696 
3433 1771 953 1806 
3434 952 940 1587 
3435 1647 978 1816 
3436 1010 1526 1527 
3437 903 1182 1764 
3438 1555 1028 1818 
3439 611 1688 1689 
3440 1285 1537 1640 
3441 483 1192 1711 
3442 444 1529 1530 
3443 1734 906 1773 
3444 832 830 1816 
3445 806 1447 1679 
3446 1476 1189 1783 
3447 1164 952 1631 
3448 780 716 1677 
3449 1485 1257 1668 
3450 508 1455 1703 
3451 784 1619 1781 
3452 795 1560 1729 
3453 482 1201 1713 
3454 1074 1728 1733 
3455 619 1476 1783 
3456 1556 28 1745 
3457 754 756 1699 
3458 1746 846 1799 
3459 756 911 1699 
3460 1621 1032 1693 
3461 1581 1164 1631 
3462 1705 875 1791 
3463 809 1183 1793 
3464 1577 483 1711 
3465 1132 1133 1739 
3466 618 1502 1683 
3467 1554 482 1713 
3468 979 1365 1605 
3469 1218 1199 1721 
3470 444 1530 1774 
3471 1210 1211 1747 
3472 950 1615 1650 
3473 1217 468 1724 
3474 932 1037 1669 
3475 830 889 1816 
3476 963 978 1788 
3477 917 913 1688 
3478 815 1518 1761 
3479 1215 467 1805 
3480 593 1616 1758 
3481 1386 651 1808 
3482 1199 1577 1721 
3483 1219 1218 1721 
3484 1539 1660 1796 
3485 820 910 1715 
3486 939 1802 1806 
3487 449 1566 1779 
3488 907 1581 1631 
3489 1553 892 1752 
3490 468 1219 1724 
3491 882 1557 1807 
3492 1227 1217 1724 
3493 1543 447 1756 
3494 1191 839 1736 
3495 30 1656 1663 
3496 791 789 1782 
3497 1466 646 1671 
3498 1577 833 1721 
3499 628 1645 1735 
3500 1302 761 1782 
3501 954 1596 1793 
3502 761 754 1699 
3503 1233 548 1743 
3504 1216 1220 1742 
3505 707 1590 1718 
3506 1360 1362 1666 
3507 1220 1221 1742 
3508 1560 955 1789 
3509 1566 1358 1790 
3510 1288 454 1753 
3511 971 985 1613 
3512 1688 913 1702 
3513 1644 885 1804 
3514 935 820 1715 
3515 783 873 1674 
3516 1674 873 1708 
3517 61 1689 1702 
3518 1296 1295 1758 
3519 1660 907 1734 
3520 1458 638 1814 
3521 1616 946 1672 
3522 1182 903 1749 
3523 970 967 1727 
3524 641 1509 1709 
3525 548 1232 1743 
3526 932 1669 1714 
3527 1654 622 1795 
3528 839 841 1736 
3529 1373 1233 1743 
3530 1295 593 1758 
3531 1604 783 1674 
3532 1792 496 1794 
3533 1000 937 1717 
3534 454 1373 1753 
3535 467 1705 1805 
3536 1136 1138 1771 
3537 1581 907 1787 
3538 1277 449 1779 
3539 1705 1216 1742 
3540 1703 1455 1783 
3541 1647 473 1764 
3542 789 1302 1782 
3543 1802 1140 1806 
3544 1390 485 1809 
3545 1358 552 1790 
3546 638 1392 1814 
3547 1727 965 1788 
3548 1669 1008 1714 
3549 796 1375 1801 
3550 1455 619 1783 
3551 1521 843 1786 
3552 1596 809 1793 
3553 1133 1131 1641 
3554 1278 1277 1779 
3555 1798 857 1811 
3556 1140 1137 1806 
3557 1537 1539 1796 
3558 843 904 1786 
3559 987 1628 1811 
3560 1106 1585 1750 
3561 1183 1792 1793 
3562 1660 908 1796 
3563 1705 1791 1805 
3564 1791 914 1805 
3565 1640 1537 1796 
3566 1792 954 1793 
3567 907 1660 1787 
3568 945 1616 1672 
3569 905 1734 1773 
3570 875 1705 1742 
3571 954 1792 1794 
3572 908 1640 1796 
3573 1284 1566 1790 
3574 1182 1727 1788 
3575 67 599 1708 
3576 450 1289 1633 
3577 515 1452 1696 
3578 551 1288 1753 
3579 1481 618 1683 
3580 1276 670 1381 
3581 1463 806 1679 
3582 1451 824 1629 
3583 1494 826 1505 
3584 1178 848 1661 
2 203 2 66
3585 1 69 93 
3586 93 69 1819 
3587 93 1819 1820 
3588 1820 94 93 
3589 94 1820 95 
3590 95 1820 1821 
3591 95 1821 1822 
3592 1822 96 95 
3593 96 1822 97 
3594 97 1822 1823 
3595 97 1823 1824 
3596 1824 98 97 
3597 98 1824 99 
3598 99 1824 1825 
3599 99 1825 1826 
3600 1826 100 99 
3601 100 1826 101 
3602 101 1826 1827 
3603 101 1827 1828 
3604 1828 102 101 
3605 102 1828 4 
3606 4 1828 82 
3607 69 70 1829 
3608 1829 1819 69 
3609 1819 1829 1820 
3610 1820 1829 1830 
3611 1820 1830 1831 
3612 1831 1821 1820 
3613 1821 1831 1822 
3614 1822 1831 1832 
3615 1822 1832 1833 
3616 1833 1823 1822 
3617 1823 1833 1824 
3618 1824 1833 1834 
3619 1824 1834 1835 
3620 1835 1825 1824 
3621 1825 1835 1826 
3622 1826 1835 1836 
3623 1826 1836 1837 
3624 1837 1827 1826 
3625 1827 1837 1828 
3626 1828 1837 1838 
3627 1828 1838 81 
3628 81 82 1828 
3629 70 2 1829 
3630 1829 2 71 
3631 1829 71 72 
3632 72 1830 1829 
3633 1830 72 1831 
3634 1831 72 73 
3635 1831 73 74 
3636 74 1832 1831 
3637 1832 74 1833 
3638 1833 74 75 
3639 1833 75 76 
3640 76 1834 1833 
3641 1834 76 1835 
3642 1835 76 77 
3643 1835 77 78 
3644 78 1836 1835 
3645 1836 78 1837 
3646 1837 78 79 
3647 1837 79 80 
3648 80 1838 1837 
3649 1838 80 81 
3650 81 80 3 
2 204 2 66
3651 1 112 69 
3652 112 1839 69 
3653 112 1840 1839 
3654 1840 112 111 
3655 111 110 1840 
3656 110 1841 1840 
3657 110 1842 1841 
3658 1842 110 109 
3659 109 108 1842 
3660 108 1843 1842 
3661 108 1844 1843 
3662 1844 108 107 
3663 107 106 1844 
3664 106 1845 1844 
3665 106 1846 1845 
3666 1846 106 105 
3667 105 104 1846 
3668 104 1847 1846 
3669 104 1848 1847 
3670 1848 104 103 
3671 103 4 1848 
3672 4 82 1848 
3673 69 1849 70 
3674 1849 69 1839 
3675 1839 1840 1849 
3676 1840 1850 1849 
3677 1840 1851 1850 
3678 1851 1840 1841 
3679 1841 1842 1851 
3680 1842 1852 1851 
3681 1842 1853 1852 
3682 1853 1842 1843 
3683 1843 1844 1853 
3684 1844 1854 1853 
3685 1844 1855 1854 
3686 1855 1844 1845 
3687 1845 1846 1855 
3688 1846 1856 1855 
3689 1846 1857 1856 
3690 1857 1846 1847 
3691 1847 1848 1857 
3692 1848 1858 1857 
3693 1848 81 1858 
3694 81 1848 82 
3695 70 1849 2 
3696 1849 92 2 
3697 1849 91 92 
3698 91 1849 1850 
3699 1850 1851 91 
3700 1851 90 91 
3701 1851 89 90 
3702 89 1851 1852 
3703 1852 1853 89 
3704 1853 88 89 
3705 1853 87 88 
3706 87 1853 1854 
3707 1854 1855 87 
3708 1855 86 87 
3709 1855 85 86 
3710 85 1855 1856 
3711 1856 1857 85 
3712 1857 84 85 
3713 1857 83 84 
3714 83 1857 1858 
3715 1858 81 83 
3716 81 3 83 
$EndElements
